0.000000000000000000e+00 3.209606986899563585e-01 3.213399503722084161e-01 3.032670454545454697e-01 3.657243816254416857e-01 3.008075370121130465e-01 2.677916360968451981e-01 3.469750889679715233e-01 1.875000000000000000e-01 2.631970260223048252e-01 3.662822624931356130e-01 2.893685051958433396e-01 3.472906403940886899e-01 3.220024721878863017e-01 2.562248995983935629e-01 3.000665335994677219e-01 2.679487179487179405e-01 2.877801879971077503e-01 3.416518122400475366e-01 3.249336870026525159e-01 3.177083333333333148e-01 2.972972972972973138e-01 4.034205231388329760e-01 2.920754716981132093e-01 3.596813725490196068e-01 3.252923976608186885e-01 2.558845861807137467e-01 3.010540184453228130e-01 3.611267605633802780e-01 2.729658792650918597e-01 2.498078401229823220e-01 3.469750889679715233e-01 3.385930309007232353e-01 4.191616766467065602e-01 2.613293051359516506e-01 3.207800941492938707e-01 3.130193905817174604e-01 3.353401565322094990e-01 3.780623608017817383e-01 2.639225181598062742e-01 2.613890963405526291e-01 2.425222312045270945e-01 3.732133403917416437e-01 3.641207815275310788e-01 4.211793020457280656e-01 3.581626319056486762e-01 2.760180995475113308e-01 3.641207815275310788e-01 2.864516129032257941e-01 2.693190512624330513e-01 3.430702299564947211e-01 4.041164658634537887e-01 2.542498152254250021e-01 3.178294573643410947e-01 3.560559951308581716e-01 3.983451536643026203e-01 3.657243816254416857e-01 3.150684931506849140e-01 4.418604651162790775e-01 2.156378600823045388e-01 3.711048158640226635e-01 2.319932998324958084e-01 3.784683684794672431e-01 3.182406209573092060e-01 3.341645885286783080e-01 3.450064850843060915e-01 3.110236220472440971e-01 1.718750000000000000e-01 3.637440758293838949e-01 3.798816568047337361e-01 2.863568215892053903e-01 3.805405405405405395e-01 2.365038560411311108e-01 3.694638694638694432e-01 3.503698722259582787e-01 3.174711080897348880e-01 3.245436105476673383e-01 3.391521197007481558e-01 3.346855983772819565e-01 3.703703703703703498e-01 4.062500000000000000e-01 3.980582524271844558e-01 2.890809112333071473e-01 3.814180929095354333e-01 3.736526946107784353e-01 2.645914396887159570e-01 3.044368600682593740e-01 2.922077922077921941e-01 3.135026737967914201e-01 3.185595567867036126e-01 3.092250922509224842e-01 3.333333333333333148e-01 2.672750977835723352e-01 2.656250000000000000e-01 4.032258064516128782e-01 2.871754523996852826e-01 4.071729957805907407e-01 9.375000000000000000e-02 4.088050314465409008e-01 3.084886128364389135e-01 2.810107197549770452e-01 3.223684210526315819e-01 2.927895120174799914e-01 3.456536618754277868e-01 3.254281949934124119e-01 2.415185783521809348e-01 2.275350370981038817e-01 2.980263157894736947e-01 3.855932203389830781e-01 3.456397199236155293e-01 3.003952569169960340e-01 3.456861609727851503e-01 3.135964912280701511e-01 3.174706649282920679e-01 3.101265822784810000e-01 2.727272727272727071e-01 2.386634844868734950e-01 3.603286384976525647e-01 3.485838779956427214e-01 2.908689248895434676e-01 3.169811320754716832e-01
3.209606986899563585e-01 0.000000000000000000e+00 2.767624020887728409e-01 3.312629399585921286e-01 3.280943025540274949e-01 3.346855983772819565e-01 3.291404612159329335e-01 3.287401574803149873e-01 1.718750000000000000e-01 3.062500000000000222e-01 3.261718750000000000e-01 3.246753246753246724e-01 2.711864406779661008e-01 3.227722772277227814e-01 3.274725274725274748e-01 3.247011952191234951e-01 2.520775623268697863e-01 3.165618448637316784e-01 3.293885601577909439e-01 3.220000000000000084e-01 3.227091633466135367e-01 3.102766798418972183e-01 3.261718750000000000e-01 3.305263157894736681e-01 3.235294117647058987e-01 3.238289205702647444e-01 3.240343347639484950e-01 3.219315895372233394e-01 3.242187500000000000e-01 2.588235294117647300e-01 3.068669527896995541e-01 3.287401574803149873e-01 3.234714003944773042e-01 3.051643192488263101e-01 3.083511777301927159e-01 3.340080971659918907e-01 3.279352226720647634e-01 3.215686274509804154e-01 3.242187500000000000e-01 3.172866520787746003e-01 3.177966101694915113e-01 3.099547511312217285e-01 3.261718750000000000e-01 3.280943025540274949e-01 2.870588235294117552e-01 3.287401574803149873e-01 3.249475890985324966e-01 3.280943025540274949e-01 2.541899441340781940e-01 3.276231263383297398e-01 3.202357563850687372e-01 3.261718750000000000e-01 3.212765957446808707e-01 3.214285714285714524e-01 3.267716535433070613e-01 3.136792452830188815e-01 3.280943025540274949e-01 3.238289205702647444e-01 2.568807339449541427e-01 2.892938496583143393e-01 3.268101761252446003e-01 3.149425287356321657e-01 3.268101761252446003e-01 2.826086956521738913e-01 3.018372703412073310e-01 2.661290322580645018e-01 2.032967032967032961e-01 1.746031746031745935e-01 3.235294117647058987e-01 2.745995423340961139e-01 3.139293139293139467e-01 3.261718750000000000e-01 3.116279069767441956e-01 3.274509803921568651e-01 3.232931726907630754e-01 3.299595141700404910e-01 3.286004056795132078e-01 3.287128712871287273e-01 3.280000000000000138e-01 3.268101761252446003e-01 3.333333333333333148e-01 2.949640287769784153e-01 2.999999999999999889e-01 2.965686274509803932e-01 2.860576923076922906e-01 2.448979591836734637e-01 3.416149068322981153e-01 1.684587813620071761e-01 3.140000000000000013e-01 3.259109311740890913e-01 3.319327731092436840e-01 2.154882154882154788e-01 2.658959537572254117e-01 2.698412698412698263e-01 3.261718750000000000e-01 3.125000000000000000e-01 2.413793103448275967e-01 9.523809523809523281e-02 2.078313253012048223e-01 3.123732251521298409e-01 3.297872340425531679e-01 3.273453093812375148e-01 3.188405797101449002e-01 3.340080971659918907e-01 3.246492985971943801e-01 3.115124153498871062e-01 2.981651376146788879e-01 3.206412825651302478e-01 2.275641025641025605e-01 3.274161735700197307e-01 2.078651685393258508e-01 3.248532289628179859e-01 1.590106007067137728e-01 3.233532934131736480e-01 2.237762237762237760e-01 3.221757322175732297e-01 3.161434977578475580e-01 3.261296660117878332e-01 2.083333333333333426e-01 3.175257731958762708e-01 2.698412698412698263e-01
3.213399503722084161e-01 2.767624020887728409e-01 0.000000000000000000e+00 3.276059564719358552e-01 3.860182370820668951e-01 3.592880978865405917e-01 3.333333333333333148e-01 3.806584362139917577e-01 1.875000000000000000e-01 3.427172582619338881e-01 3.956043956043955867e-01 3.376123234916559857e-01 2.803030303030302761e-01 3.848614072494669358e-01 3.105670103092783574e-01 3.625277161862527908e-01 3.309352517985611475e-01 3.416075650118203244e-01 3.769309989701338792e-01 3.508196721311475641e-01 3.715846994535519365e-01 3.631284916201117374e-01 3.968719452590420138e-01 3.158522050059594521e-01 3.744813278008298774e-01 3.466509988249118490e-01 3.275862068965517127e-01 3.775055679287305233e-01 3.851554663991975658e-01 2.117647058823529382e-01 3.155940594059405968e-01 3.806584362139917577e-01 3.571428571428571508e-01 2.946058091286307135e-01 3.388116308470290883e-01 3.504928806133625341e-01 3.351769911504424715e-01 3.697916666666666852e-01 3.900000000000000133e-01 2.846347607052896467e-01 3.304878048780487965e-01 3.230563002680965079e-01 3.972332015810276507e-01 3.857868020304568435e-01 2.908587257617728516e-01 3.806047966631908031e-01 3.448275862068965747e-01 3.857868020304568435e-01 2.508361204013377921e-01 3.491271820448877961e-01 3.684210526315789269e-01 3.968719452590420138e-01 3.671679197994987542e-01 3.636363636363636465e-01 3.864583333333333481e-01 2.954230235783633640e-01 3.860182370820668951e-01 3.652762119503946137e-01 4.079601990049750992e-01 3.114754098360655865e-01 3.931795386158475347e-01 2.901484480431849033e-01 3.926441351888668163e-01 2.439418416801292511e-01 2.592024539877300637e-01 2.141756548536209448e-01 3.148936170212766061e-01 1.718750000000000000e-01 3.801229508196721230e-01 2.915492957746478875e-01 3.215130023640662138e-01 3.968410661401776673e-01 2.672064777327935459e-01 3.895055499495458928e-01 3.563714902807775253e-01 3.478747203579418135e-01 3.729003359462486067e-01 3.910256410256410242e-01 3.540983606557376873e-01 3.919597989949748507e-01 3.984375000000000000e-01 2.844950213371266190e-01 3.107769423558897071e-01 2.676258992805755632e-01 2.902298850574712707e-01 2.120200333889816491e-01 3.486033519553072835e-01 2.333333333333333370e-01 3.637374860956618661e-01 3.667425968109339629e-01 3.270365997638725042e-01 3.096446700507614058e-01 2.233502538071066024e-01 2.656250000000000000e-01 3.968719452590420138e-01 3.345959595959596133e-01 3.571428571428571508e-01 9.375000000000000000e-02 3.594132029339853207e-01 3.568985176738882492e-01 3.255528255528255532e-01 3.810043668122270466e-01 3.279069767441860628e-01 3.476347634763476413e-01 3.662280701754385692e-01 3.415300546448087338e-01 2.860962566844919563e-01 3.498896247240618207e-01 3.724489795918367596e-01 3.852721451440768163e-01 2.978723404255319007e-01 3.887755102040816313e-01 2.949061662198391165e-01 3.721185510428101084e-01 2.849872773536895609e-01 3.191990577149587671e-01 3.038961038961038863e-01 3.848515864892528282e-01 2.930591259640102919e-01 3.166472642607683352e-01 2.547169811320754707e-01
3.032670454545454697e-01 3.312629399585921286e-01 3.276059564719358552e-01 0.000000000000000000e+00 4.367816091954023205e-01 3.586118251928020473e-01 3.220221606648199231e-01 4.289044289044289249e-01 1.875000000000000000e-01 3.082811412665275030e-01 4.592673592126845228e-01 2.832618025751073021e-01 3.561643835616438158e-01 4.077669902912621214e-01 2.644927536231884146e-01 3.642172523961661468e-01 2.908224076281287207e-01 3.265720081135902730e-01 4.205008736167734629e-01 3.550995024875621686e-01 3.824451410658307182e-01 3.696219035202086278e-01 4.832750873689465876e-01 7.038703870387038597e-01 4.167650531286894999e-01 3.610921501706484404e-01 3.097787294789436374e-01 3.856041131105398256e-01 4.500279173646007935e-01 2.803850782190132618e-01 3.094202898550724723e-01 4.289044289044289249e-01 3.710575139146567447e-01 4.403153153153153143e-01 2.739160357880247587e-01 6.200906344410875848e-01 3.305573350416399769e-01 3.996499416569428420e-01 4.682144831398562523e-01 4.944396920444824595e-01 2.995135510771368970e-01 2.725925925925926085e-01 4.643799472295514486e-01 4.331026528258362096e-01 4.390519187358916664e-01 4.084423305588584796e-01 3.264872521246459103e-01 4.331026528258362096e-01 3.208232445520581289e-01 2.733564013840830698e-01 4.015559545182525447e-01 4.830677290836653537e-01 3.197470133520730617e-01 3.501519756838905595e-01 4.229178972238629708e-01 4.429378531073446257e-01 4.367816091954023205e-01 3.502570694087403513e-01 4.604462474645030223e-01 2.513207547169811207e-01 4.291208791208790951e-01 2.402402402402402382e-01 4.397622906537007048e-01 3.094117647058823306e-01 3.582263710618436292e-01 3.135888501742160051e-01 3.241106719367589095e-01 1.718750000000000000e-01 4.278320874065554835e-01 4.125560538116592180e-01 4.125093075204765425e-01 4.478560084700899946e-01 4.899082568807339721e-01 4.421652421652421672e-01 3.706950532247965113e-01 3.609505459216441614e-01 3.682864450127877332e-01 3.971205758848230238e-01 5.294535131298793162e-01 4.279403644395361472e-01 4.062500000000000000e-01 4.207525655644241969e-01 3.004996431120627864e-01 3.972602739726027177e-01 4.022598870056497411e-01 2.848557692307692180e-01 3.401665598975016080e-01 3.039014373716632522e-01 3.556538218572330989e-01 3.574218750000000000e-01 3.399588759424262974e-01 3.786008230452674872e-01 2.781774580335731328e-01 2.656250000000000000e-01 4.817591204397800864e-01 2.987848463187991466e-01 4.476386036960985360e-01 9.375000000000000000e-02 4.430894308943089666e-01 3.700527704485488401e-01 2.866065232477446045e-01 3.574969021065675379e-01 3.074866310160427885e-01 3.597213426219125765e-01 3.680598877105427102e-01 2.754268745360059500e-01 2.546957175056348555e-01 3.702290076335877922e-01 4.180327868852459217e-01 4.053888548683404758e-01 3.031496062992126150e-01 4.347079037800687384e-01 2.999999999999999889e-01 3.901515151515151381e-01 3.421588594704684239e-01 3.257261410788381828e-01 2.760646108663729614e-01 4.403458213256484233e-01 3.299595141700404910e-01 3.374827109266943514e-01 3.502958579881657042e-01
3.657243816254416857e-01 3.280943025540274949e-01 3.860182370820668951e-01 4.367816091954023205e-01 0.000000000000000000e+00 4.513966480446927609e-01 3.896631823461091937e-01 5.939196525515744174e-01 1.875000000000000000e-01 3.586206896551724088e-01 6.700211864406779849e-01 3.447461629279811035e-01 4.269662921348314488e-01 5.474613686534216539e-01 3.339317773788150756e-01 4.696969696969697239e-01 3.116751269035533123e-01 4.295733489187609777e-01 5.990153172866520270e-01 4.860491071428571508e-01 4.856353591160221250e-01 4.588036117381489865e-01 7.171968190854870473e-01 3.819767441860464907e-01 6.875365710942071829e-01 4.233199310740953236e-01 3.657243816254416857e-01 5.085714285714285632e-01 6.046875000000000444e-01 3.083247687564234507e-01 3.702153110047846640e-01 5.939196525515744174e-01 4.832509610104338549e-01 5.137334689725330250e-01 3.654970760233918203e-01 4.736547085201793794e-01 4.493491794001132078e-01 5.278219395866454722e-01 6.193914388860237707e-01 3.248218527315914761e-01 4.486153846153846381e-01 3.702551337896701766e-01 6.653040367910066921e-01 9.899463806970509872e-01 5.081300813008130524e-01 5.581649371927908110e-01 3.553766532489937013e-01 9.899463806970509872e-01 3.347022587268994043e-01 3.606557377049180446e-01 5.408942202835332891e-01 7.181141439205955823e-01 4.186186186186185987e-01 5.171060011217050167e-01 5.570505920344456241e-01 5.010101010101010166e-01 1.000000000000000000e+00 4.645892351274787391e-01 4.735812133072406782e-01 2.772808586762074978e-01 6.143380429094714712e-01 2.937613567534827497e-01 6.392503904216554345e-01 3.531218014329580157e-01 3.995922528032619936e-01 3.617886178861788871e-01 3.203125000000000000e-01 1.718750000000000000e-01 6.963979416809605860e-01 5.066666666666667096e-01 3.794901506373117295e-01 6.584234930448222833e-01 2.791262135922329968e-01 9.796454366382140178e-01 4.883073496659242618e-01 4.485253199777406996e-01 4.585881045025013703e-01 5.304678998911860344e-01 4.644839067702552504e-01 6.081718177056050223e-01 4.062500000000000000e-01 4.862104187946884593e-01 3.841536614645858494e-01 4.533468559837728340e-01 4.902363823227132711e-01 3.148148148148148251e-01 4.496342149690489842e-01 3.046875000000000000e-01 4.816901408450704469e-01 4.638176638176638167e-01 4.221574344023323877e-01 3.757338551859099596e-01 3.130792996910401471e-01 2.656250000000000000e-01 7.176294820717131762e-01 3.696428571428571619e-01 4.499017681728880169e-01 9.375000000000000000e-02 4.568627450980392024e-01 4.460756634669678089e-01 3.648569760653823657e-01 4.861111111111111049e-01 4.169570267131242902e-01 4.764309764309764272e-01 4.757442116868798032e-01 3.567467652495379116e-01 3.110164333536214465e-01 4.811903425042111104e-01 4.243614931237720822e-01 5.070498915401301376e-01 3.046875000000000000e-01 6.262241566920565550e-01 3.137254901960784270e-01 5.081414935429533486e-01 3.568627450980392246e-01 3.854587420657819008e-01 3.249850924269528929e-01 5.791424033880360200e-01 3.555992141453830913e-01 4.198473282442747867e-01 3.803680981595092270e-01
3.008075370121130465e-01 3.346855983772819565e-01 3.592880978865405917e-01 3.586118251928020473e-01 4.513966480446927609e-01 0.000000000000000000e+00 3.746575342465753300e-01 4.571428571428571286e-01 1.875000000000000000e-01 3.594501718213058417e-01 4.733759318423855222e-01 3.138888888888888840e-01 4.056179775280898681e-01 4.324644549763033141e-01 3.278097982708933489e-01 4.481193255512321838e-01 3.022727272727272485e-01 3.597359735973597594e-01 4.505431675242996259e-01 4.249061326658322701e-01 4.411764705882352811e-01 4.123314065510597093e-01 5.268656716417911001e-01 3.291054739652870542e-01 4.372842347525892071e-01 3.781291172595520611e-01 3.414295628036085883e-01 3.922174181593576225e-01 4.726775956284153257e-01 2.850627137970353497e-01 2.915254237288135708e-01 4.571428571428571286e-01 4.055859137826350880e-01 4.586956521739130599e-01 3.249490142760027012e-01 3.879950495049505066e-01 3.827082008900190568e-01 4.450231481481481399e-01 4.854368932038835016e-01 2.866108786610878645e-01 3.315290933694181597e-01 2.916073968705547581e-01 5.089285714285713969e-01 4.462486002239641758e-01 4.575163398692810302e-01 6.092628832354859414e-01 4.108804581245525944e-01 4.462486002239641758e-01 3.218785796105383956e-01 3.237704918032787149e-01 4.437869822485207005e-01 5.273088381330685026e-01 2.965879265091863615e-01 4.140243902439024182e-01 4.729729729729729715e-01 4.872364039955605075e-01 4.513966480446927609e-01 3.847607052896725444e-01 4.759036144578313032e-01 2.533904354032833761e-01 4.716466739367502492e-01 2.801755669348939271e-01 4.846856528747984783e-01 3.273137697516930178e-01 3.755605381165919021e-01 3.325892857142856984e-01 3.203125000000000000e-01 1.718750000000000000e-01 4.508150646430578723e-01 4.538461538461538436e-01 3.273453093812375148e-01 4.989417989417989641e-01 2.560175054704595388e-01 4.605555555555555514e-01 4.091189155884165096e-01 3.873591989987484330e-01 4.119873817034700458e-01 4.386484884410195573e-01 4.028642590286425906e-01 4.674685620557681998e-01 4.062500000000000000e-01 4.274809160305343414e-01 3.132694938440492294e-01 4.315906562847608430e-01 4.456762749445676297e-01 3.132250580046403443e-01 3.887127457197209757e-01 3.052208835341365667e-01 4.025000000000000244e-01 3.904458598726114893e-01 3.695797198132088068e-01 3.810483870967741882e-01 3.097447795823665695e-01 2.656250000000000000e-01 5.261584454409566902e-01 3.261772853185595511e-01 4.486921529175050272e-01 9.375000000000000000e-02 4.616935483870967527e-01 3.713745271122320113e-01 3.527373527373527384e-01 4.112207151664611371e-01 3.775989268947015365e-01 4.146187775677378506e-01 4.318750000000000089e-01 3.111913357400721836e-01 2.710280373831775447e-01 4.454428754813863911e-01 4.139999999999999791e-01 4.627139364303178293e-01 3.046875000000000000e-01 4.706214689265536544e-01 3.198380566801619640e-01 4.162561576354679715e-01 3.507014028056112398e-01 3.541666666666666852e-01 2.902319044272663184e-01 4.722222222222222099e-01 3.466933867735471075e-01 3.582887700534759245e-01 3.452513966480447172e-01
2.677916360968451981e-01 3.291404612159329335e-01 3.333333333333333148e-01 3.220221606648199231e-01 3.896631823461091937e-01 3.746575342465753300e-01 0.000000000000000000e+00 3.769817968291250820e-01 1.875000000000000000e-01 3.270958083832335439e-01 4.084661902144035017e-01 2.780303030303030165e-01 3.745498199279712059e-01 3.935768261964735504e-01 2.867242733699921220e-01 5.552147239263803824e-01 2.887236679058240441e-01 3.853622106049290341e-01 3.766233766233766378e-01 3.859531772575250930e-01 4.108944182918627952e-01 6.506622516556291869e-01 4.363089267803409999e-01 2.821249102656137597e-01 3.788334335538183772e-01 3.113273106323836137e-01 7.472194135490394240e-01 3.480263157894736836e-01 3.965227145260796227e-01 2.746566791510611782e-01 2.481644640234948740e-01 3.769817968291250820e-01 3.430935709739019734e-01 4.093500570125427340e-01 2.966542750929367922e-01 3.337696335078533805e-01 3.776223776223776030e-01 3.941605839416058576e-01 4.433748584371460799e-01 2.433661865049279727e-01 3.205992509363295717e-01 2.440154440154440052e-01 4.221748400852878280e-01 3.873978996499416461e-01 4.177215189873417778e-01 3.809523809523809312e-01 2.985294117647058765e-01 3.873978996499416461e-01 2.890528905289053152e-01 3.069381598793363697e-01 3.686466625842008682e-01 4.347826086956521618e-01 2.861292665214233977e-01 3.990734612839179074e-01 3.985419198055892842e-01 4.903381642512077421e-01 3.896631823461091937e-01 3.275632490013315468e-01 4.451219512195122019e-01 2.358565737051792899e-01 4.098360655737705027e-01 2.726523887973640869e-01 4.109211252068394882e-01 3.112745098039215730e-01 3.361144219308700998e-01 3.108433734939758941e-01 3.215686274509804154e-01 1.718750000000000000e-01 3.805926786751888669e-01 4.488095238095238249e-01 2.623413258110013913e-01 4.236186348862405193e-01 2.204344328238133643e-01 3.923032739804709901e-01 4.134419551934827020e-01 3.818681318681318437e-01 3.490378234903782073e-01 4.010088272383354191e-01 3.315994798439531599e-01 4.021493212669683404e-01 4.062500000000000000e-01 3.939745075318655809e-01 2.982588947766843246e-01 4.526445264452644279e-01 3.914053426248548240e-01 3.120204603580562508e-01 3.823119777158774379e-01 3.014553014553014720e-01 3.467635402906208975e-01 3.547945205479451913e-01 3.014084507042253391e-01 3.828451882845188559e-01 2.932996207332490557e-01 2.656250000000000000e-01 4.361809045226130443e-01 3.174114021571648458e-01 4.652631578947368229e-01 9.375000000000000000e-02 4.306122448979591844e-01 4.152298850574712707e-01 3.194864048338368345e-01 3.436492585428755908e-01 3.283045977011494476e-01 3.700470114170584246e-01 3.869680851063829752e-01 2.605633802816901268e-01 2.258823529411764786e-01 3.982240437158470203e-01 4.229166666666666630e-01 3.813131313131313260e-01 3.007812500000000000e-01 4.048037492677211691e-01 3.193277310924369505e-01 3.648208469055374548e-01 3.626834381551362618e-01 4.514835605453087486e-01 2.852639873916469893e-01 3.810623556581986260e-01 3.528183716075156684e-01 3.374816983894582956e-01 3.133971291866028963e-01
3.469750889679715233e-01 3.287401574803149873e-01 3.806584362139917577e-01 4.289044289044289249e-01 5.939196525515744174e-01 4.571428571428571286e-01 3.769817968291250820e-01 0.000000000000000000e+00 1.875000000000000000e-01 3.859964093357270976e-01 6.586538461538461453e-01 3.353293413173652482e-01 4.192546583850931818e-01 5.192943770672546755e-01 3.355786895284751936e-01 4.509029345372460584e-01 3.187499999999999778e-01 3.885350318471337827e-01 9.243641231593038299e-01 4.666292765002804099e-01 4.754189944134078472e-01 4.497142857142857331e-01 6.933399602385685867e-01 3.748524203069657501e-01 5.746807329261521824e-01 4.327830188679245293e-01 3.477744807121661563e-01 5.446960667461263617e-01 6.141564662054284085e-01 3.322649572649572502e-01 4.295729764181007160e-01 1.000000000000000000e+00 4.929656724817107483e-01 5.421940928270042592e-01 3.548578199052132565e-01 4.614949037372593210e-01 4.254112308564946265e-01 5.332612222823147619e-01 6.004140786749482261e-01 3.310975609756097726e-01 3.453908984830805218e-01 3.487789605510331903e-01 6.543019062339000547e-01 5.918256130790190417e-01 5.428571428571428159e-01 5.378289473684210176e-01 3.670811130846654557e-01 5.918256130790190417e-01 3.229491173416407235e-01 3.571854502087060124e-01 5.416204217536071397e-01 6.968190854870774942e-01 4.170238824249846710e-01 4.935356942102304689e-01 5.303926842388381191e-01 5.020576131687243260e-01 5.939196525515744174e-01 4.488863506567675743e-01 4.774066797642436133e-01 2.783882783882783984e-01 5.892203035060178395e-01 2.968944099378881818e-01 6.067357512953367449e-01 3.471933471933472126e-01 4.223864836325237349e-01 3.546391752577319756e-01 3.203125000000000000e-01 1.718750000000000000e-01 5.898692810457516478e-01 4.830421377183967135e-01 3.715461493239270996e-01 6.286594761171032664e-01 2.850904553961322585e-01 6.037837837837838340e-01 4.872521246458923483e-01 4.558404558404558493e-01 4.711593375214163104e-01 5.158991228070175517e-01 4.531688166012338703e-01 5.855194123819517094e-01 4.062500000000000000e-01 5.153764581124071764e-01 3.618817852834740889e-01 4.520123839009287936e-01 4.817898022892819765e-01 2.974093264248704460e-01 4.396355353075170891e-01 3.078431372549019773e-01 4.788087056128293439e-01 4.455275229357797961e-01 4.394942805538831765e-01 3.818897637795275468e-01 3.119747899159663884e-01 2.656250000000000000e-01 6.911984087518647790e-01 3.613293051359516839e-01 4.507874015748031260e-01 9.375000000000000000e-02 4.520547945205479201e-01 4.319088319088318917e-01 3.704368641532016504e-01 4.833427442123094386e-01 4.087161366313309951e-01 4.511235955056179803e-01 4.728291316526610499e-01 3.564231738035264496e-01 3.056416615003099690e-01 4.558740865654862251e-01 4.251968503937008093e-01 5.096738529574350585e-01 3.046875000000000000e-01 5.931744312026002719e-01 3.169291338582677087e-01 4.845244794597636240e-01 3.575638506876228084e-01 3.712121212121212155e-01 3.112183353437876776e-01 5.788058095750403531e-01 3.562992125984251746e-01 4.023668639053254448e-01 4.100106496272630241e-01
1.875000000000000000e-01 1.718750000000000000e-01 1.875000000000000000e-01 1.875000000000000000e-01 1.875000000000000000e-01 1.875000000000000000e-01 1.875000000000000000e-01 1.875000000000000000e-01 0.000000000000000000e+00 1.875000000000000000e-01 1.875000000000000000e-01 1.875000000000000000e-01 1.875000000000000000e-01 1.875000000000000000e-01 1.875000000000000000e-01 1.875000000000000000e-01 1.875000000000000000e-01 1.875000000000000000e-01 1.875000000000000000e-01 1.875000000000000000e-01 1.875000000000000000e-01 1.875000000000000000e-01 1.875000000000000000e-01 1.875000000000000000e-01 1.875000000000000000e-01 1.875000000000000000e-01 1.875000000000000000e-01 1.875000000000000000e-01 1.875000000000000000e-01 1.875000000000000000e-01 1.875000000000000000e-01 1.875000000000000000e-01 1.875000000000000000e-01 1.875000000000000000e-01 1.875000000000000000e-01 1.875000000000000000e-01 1.875000000000000000e-01 1.875000000000000000e-01 1.875000000000000000e-01 1.875000000000000000e-01 1.875000000000000000e-01 1.875000000000000000e-01 1.875000000000000000e-01 1.875000000000000000e-01 1.875000000000000000e-01 1.875000000000000000e-01 1.875000000000000000e-01 1.875000000000000000e-01 1.875000000000000000e-01 1.875000000000000000e-01 1.875000000000000000e-01 1.875000000000000000e-01 1.875000000000000000e-01 1.875000000000000000e-01 1.875000000000000000e-01 1.875000000000000000e-01 1.875000000000000000e-01 1.875000000000000000e-01 1.904761904761904656e-01 1.875000000000000000e-01 1.875000000000000000e-01 1.875000000000000000e-01 1.875000000000000000e-01 1.875000000000000000e-01 1.875000000000000000e-01 1.875000000000000000e-01 1.754385964912280604e-01 2.777777777777777901e-01 1.875000000000000000e-01 1.875000000000000000e-01 1.875000000000000000e-01 1.875000000000000000e-01 1.875000000000000000e-01 1.875000000000000000e-01 1.875000000000000000e-01 1.875000000000000000e-01 1.875000000000000000e-01 1.875000000000000000e-01 1.875000000000000000e-01 1.875000000000000000e-01 1.063829787234042562e-01 1.875000000000000000e-01 1.875000000000000000e-01 1.875000000000000000e-01 1.904761904761904656e-01 1.875000000000000000e-01 1.875000000000000000e-01 2.000000000000000111e-01 1.875000000000000000e-01 1.875000000000000000e-01 1.875000000000000000e-01 1.904761904761904656e-01 1.875000000000000000e-01 1.153846153846153910e-01 1.875000000000000000e-01 1.875000000000000000e-01 1.875000000000000000e-01 1.250000000000000000e-01 1.935483870967741882e-01 1.875000000000000000e-01 1.875000000000000000e-01 1.875000000000000000e-01 1.875000000000000000e-01 1.875000000000000000e-01 1.875000000000000000e-01 1.875000000000000000e-01 1.875000000000000000e-01 1.875000000000000000e-01 1.746031746031745935e-01 1.875000000000000000e-01 2.075471698113207641e-01 1.875000000000000000e-01 1.774193548387096864e-01 1.875000000000000000e-01 1.904761904761904656e-01 1.875000000000000000e-01 1.875000000000000000e-01 1.875000000000000000e-01 1.587301587301587213e-01 1.875000000000000000e-01 1.875000000000000000e-01
2.631970260223048252e-01 3.062500000000000222e-01 3.427172582619338881e-01 3.082811412665275030e-01 3.586206896551724088e-01 3.594501718213058417e-01 3.270958083832335439e-01 3.859964093357270976e-01 1.875000000000000000e-01 0.000000000000000000e+00 3.833970507919169934e-01 2.943013270882123278e-01 3.582629674306393452e-01 3.531598513011152685e-01 3.221035332785538441e-01 3.795721187025534737e-01 2.746566791510611782e-01 3.485967503692762315e-01 3.898611949305974544e-01 3.720617864338482406e-01 5.269372693726936951e-01 3.608033240997229885e-01 4.160839160839160944e-01 2.909625275532696786e-01 3.581283743251349461e-01 3.865671641791044721e-01 3.201243201243201275e-01 3.386348575215374357e-01 4.014806378132118603e-01 2.619647355163727820e-01 2.573363431151241554e-01 3.859964093357270976e-01 3.957075788061703570e-01 4.053117782909930744e-01 3.121652639632746529e-01 3.375499334221038761e-01 3.258196721311475419e-01 4.055900621118012639e-01 4.031180400890868598e-01 2.536964980544746950e-01 3.287356321839080553e-01 2.476340694006309018e-01 4.059669685668620409e-01 3.578034682080925011e-01 4.121071012805587741e-01 4.123972169512966635e-01 3.475562451512800854e-01 3.578034682080925011e-01 3.058375634517766506e-01 3.107692307692307421e-01 3.926767676767676796e-01 4.188716924613080650e-01 2.752562225475841950e-01 3.826259946949602253e-01 3.902140672782874464e-01 4.160839160839160944e-01 3.586206896551724088e-01 4.343065693430657181e-01 4.396728016359918167e-01 2.303961196443007342e-01 3.902989283699943579e-01 2.750210260723296996e-01 4.042198778456412844e-01 2.991347342398022469e-01 3.341404358353510795e-01 3.181257706535141616e-01 3.228346456692913202e-01 1.718750000000000000e-01 3.653286794648051283e-01 3.930232558139534760e-01 2.854014598540146053e-01 3.995691976305869586e-01 2.196721311475409721e-01 3.646723646723646906e-01 3.852901484480432126e-01 4.083806818181818232e-01 6.226720647773279493e-01 4.139264990328820337e-01 3.344348975545274327e-01 3.881019830028328843e-01 4.062500000000000000e-01 3.751451800232288303e-01 3.130841121495326895e-01 4.292742927429274435e-01 3.985765124555160077e-01 2.811704834605597836e-01 3.803810868031051728e-01 2.789256198347107585e-01 3.645621181262729271e-01 3.638908327501749751e-01 3.584764749813293405e-01 3.710691823899370800e-01 3.124183006535947715e-01 2.656250000000000000e-01 4.159159159159159236e-01 3.102104442712392829e-01 4.324324324324324564e-01 9.375000000000000000e-02 4.488517745302714190e-01 3.795309168443496972e-01 3.307513555383423953e-01 3.875759621877110095e-01 3.541666666666666852e-01 3.597025016903312999e-01 3.515111695137976278e-01 2.717041800643086868e-01 2.772689425478767622e-01 3.774744027303754135e-01 4.171907756813417190e-01 3.638660770688565971e-01 3.019607843137254721e-01 3.781268179173938315e-01 3.156779661016949068e-01 3.782521681120747381e-01 3.565400843881856296e-01 2.943313953488372325e-01 2.754777070063694211e-01 4.183673469387755306e-01 3.466386554621848637e-01 3.240058910162003092e-01 3.271832718327183365e-01
3.662822624931356130e-01 3.261718750000000000e-01 3.956043956043955867e-01 4.592673592126845228e-01 6.700211864406779849e-01 4.733759318423855222e-01 4.084661902144035017e-01 6.586538461538461453e-01 1.875000000000000000e-01 3.833970507919169934e-01 0.000000000000000000e+00 3.639910813823857283e-01 4.174950298210735600e-01 5.565445026178010846e-01 3.381696428571428492e-01 4.893162393162392987e-01 3.210000000000000075e-01 4.219684611201739988e-01 6.473095364944059238e-01 5.176848874598071193e-01 5.145733969263380780e-01 4.782608695652174058e-01 7.852216748768472421e-01 4.050772626931567477e-01 6.093832366895097774e-01 4.370249728555917756e-01 3.745856353591160426e-01 5.442550852116547766e-01 7.105263157894736725e-01 3.125000000000000000e-01 3.985218874360432206e-01 6.586538461538461453e-01 5.249734325185971828e-01 5.185185185185184897e-01 3.887964503605102484e-01 5.043010752688171783e-01 4.732865623313545766e-01 5.871034841393655279e-01 6.670025188916877124e-01 3.422818791946308781e-01 4.063545150501672309e-01 3.760882182240278815e-01 7.243460764587524858e-01 6.629570747217805593e-01 5.160320641282565290e-01 5.739583333333333481e-01 3.894389438943894333e-01 6.629570747217805593e-01 3.276723276723276790e-01 3.857698721511951256e-01 5.730042016806722316e-01 7.922013820335637169e-01 3.998893805309734484e-01 5.443310048361096332e-01 5.981210855949895544e-01 5.089641434262948128e-01 6.700211864406779849e-01 4.806451612903225867e-01 4.765625000000000000e-01 2.881828316610925422e-01 6.721479958890030915e-01 3.059490084985835856e-01 6.937212863705972676e-01 3.564257028112449710e-01 4.090452261306532500e-01 3.744979919678714797e-01 3.203125000000000000e-01 1.718750000000000000e-01 6.333333333333333037e-01 5.010020040080159776e-01 4.072847682119205559e-01 7.215447154471544833e-01 2.878959276018099311e-01 6.749079431877959001e-01 5.312500000000000000e-01 4.927302100161550791e-01 4.880127863612147010e-01 5.727848101265823333e-01 4.983991462113127047e-01 6.661522633744856314e-01 4.062500000000000000e-01 4.869739478957915702e-01 3.873318385650224016e-01 4.649298597194388982e-01 4.879275653923541012e-01 3.109327983951855612e-01 4.813815434430652740e-01 3.105468750000000000e-01 5.088948787061994272e-01 4.760107816711590112e-01 4.212534059945504117e-01 3.789062500000000000e-01 3.066132264529057849e-01 2.656250000000000000e-01 7.831444061113849164e-01 3.837535014005602485e-01 4.472656250000000000e-01 9.375000000000000000e-02 4.570312500000000000e-01 4.853101196953210072e-01 3.805066079295154058e-01 5.184196476241323959e-01 4.288061336254107569e-01 5.021459227467811592e-01 5.260053619302949013e-01 3.471590909090909172e-01 3.124293785310734428e-01 4.970666666666666567e-01 4.218750000000000000e-01 5.442640125720272781e-01 3.046875000000000000e-01 6.914836636314943830e-01 3.144531250000000000e-01 5.210442194992008780e-01 3.574218750000000000e-01 3.959804454101031879e-01 3.320334261838440160e-01 6.365524402907580814e-01 3.535156250000000000e-01 4.175342465753424381e-01 3.845381526104417746e-01
2.893685051958433396e-01 3.246753246753246724e-01 3.376123234916559857e-01 2.832618025751073021e-01 3.447461629279811035e-01 3.138888888888888840e-01 2.780303030303030165e-01 3.353293413173652482e-01 1.875000000000000000e-01 2.943013270882123278e-01 3.639910813823857283e-01 0.000000000000000000e+00 3.625954198473282375e-01 3.203272498426683601e-01 2.994880546075085470e-01 3.165863730213351879e-01 2.643979057591622772e-01 3.122171945701357476e-01 3.299340131973605428e-01 3.134228187919463338e-01 3.132450331125827825e-01 3.003460207612456689e-01 3.800200803212851475e-01 2.745995423340961139e-01 3.321100917431192845e-01 3.526717557251908275e-01 2.631166797180892747e-01 2.945113788487282447e-01 3.479001135073779838e-01 2.643524699599466010e-01 2.441130298273155308e-01 3.353293413173652482e-01 3.525423728813559254e-01 4.016887816646562137e-01 2.696804364770070128e-01 3.010825439783491042e-01 3.035839775122979867e-01 3.306845965770170981e-01 3.499722684414864338e-01 2.298387096774193450e-01 2.785104732350659473e-01 2.677966101694915224e-01 3.792544570502431323e-01 3.422301304863582527e-01 3.968636911942098888e-01 3.410368519675203158e-01 2.631981637337413860e-01 3.422301304863582527e-01 2.866578599735798982e-01 2.933653077537969889e-01 3.624678663239074283e-01 3.821464393179538344e-01 2.395209580838323360e-01 3.344459279038718424e-01 3.491671807526218196e-01 4.445828144458281450e-01 3.447461629279811035e-01 3.223082336382829260e-01 4.414225941422594279e-01 2.097725358045492705e-01 3.501702610669693572e-01 2.859712230215827322e-01 3.579766536964980594e-01 3.315508021390374260e-01 3.423076923076923128e-01 3.033419023136246784e-01 3.134920634920634885e-01 1.718750000000000000e-01 3.450327186198691165e-01 4.323308270676691767e-01 2.679788039364118246e-01 3.650190114068441183e-01 1.921768707482993110e-01 3.455710955710955545e-01 3.130841121495326895e-01 3.155339805825242983e-01 2.968221771467207670e-01 3.480486244401791440e-01 3.008075370121130465e-01 3.500856653340947977e-01 4.062500000000000000e-01 3.768292682926829285e-01 2.841091492776885996e-01 3.977272727272727071e-01 4.156171284634760932e-01 2.830188679245282946e-01 2.887663680220537432e-01 3.073593073593073322e-01 3.223367697594501924e-01 3.412526997840172882e-01 3.300076745970836334e-01 3.653846153846153633e-01 3.347398030942334568e-01 2.656250000000000000e-01 3.797786720321931764e-01 3.073770491803278770e-01 4.309978768577494845e-01 9.375000000000000000e-02 4.665226781857451654e-01 2.908837856645790088e-01 3.097913322632424027e-01 3.144192256341789005e-01 3.256880733944954032e-01 3.166894664842681006e-01 3.668515950069348164e-01 2.312757201646090666e-01 2.905525846702317061e-01 3.062880324543610366e-01 4.004237288135593098e-01 3.314065510597302699e-01 3.027888446215139528e-01 3.508875739644970460e-01 3.202614379084967045e-01 3.208805870580386799e-01 3.534482758620689502e-01 2.831188493565480746e-01 2.467105263157894635e-01 3.634730538922155696e-01 3.433476394849785396e-01 3.058733790999237367e-01 3.077905491698595397e-01
3.472906403940886899e-01 2.711864406779661008e-01 2.803030303030302761e-01 3.561643835616438158e-01 4.269662921348314488e-01 4.056179775280898681e-01 3.745498199279712059e-01 4.192546583850931818e-01 1.875000000000000000e-01 3.582629674306393452e-01 4.174950298210735600e-01 3.625954198473282375e-01 0.000000000000000000e+00 4.172892209178228340e-01 3.566796368352788682e-01 4.008908685968819441e-01 2.524429967426710109e-01 3.758865248226950229e-01 4.229166666666666630e-01 3.870614035087719396e-01 3.926247288503253996e-01 3.877777777777777768e-01 4.266144814090019333e-01 3.568862275449101729e-01 4.297782470960929135e-01 3.856132075471698228e-01 3.633004926108374111e-01 3.896816684961580957e-01 4.199395770392749250e-01 2.355848434925864876e-01 3.481481481481481510e-01 4.192546583850931818e-01 4.208194905869324653e-01 3.165075034106412111e-01 3.515527950310559091e-01 4.022222222222222032e-01 3.887640449438202195e-01 4.058577405857740628e-01 4.204204204204204376e-01 3.346055979643766110e-01 4.070351758793969710e-01 3.860845839017735259e-01 4.272997032640949433e-01 4.268167860798362523e-01 3.092643051771117313e-01 4.167539267015706872e-01 3.654080389768574744e-01 4.268167860798362523e-01 2.313787638668779734e-01 3.870162297128589279e-01 4.153354632587859530e-01 4.266144814090019333e-01 3.445378151260504174e-01 4.196035242290748757e-01 4.166666666666666852e-01 4.182621502209131203e-01 4.269662921348314488e-01 3.963963963963963999e-01 4.299287410926365682e-01 3.099337748344370702e-01 4.165834165834165770e-01 3.548830811554332665e-01 4.228855721393035005e-01 3.098360655737704694e-01 2.724550898203592642e-01 3.156199677938808512e-01 3.112033195020746934e-01 1.718750000000000000e-01 4.259067357512953400e-01 4.014814814814814947e-01 3.638525564803805068e-01 4.254689042448173697e-01 3.028263795423957183e-01 4.245187436676798320e-01 3.921993499458288346e-01 3.959276018099547323e-01 3.913525498891352594e-01 3.893528183716075119e-01 3.722943722943722888e-01 4.139999999999999791e-01 4.062500000000000000e-01 3.108298171589310988e-01 3.573232323232323204e-01 3.226744186046511809e-01 3.692762186115214340e-01 3.904235727440147352e-01 3.718091009988901408e-01 2.828784119106699801e-01 4.069506726457399193e-01 3.902714932126696845e-01 3.858173076923077094e-01 3.049645390070921946e-01 3.146853146853146876e-01 2.656250000000000000e-01 4.266144814090019333e-01 3.524283935242839561e-01 4.352078239608802024e-01 9.375000000000000000e-02 3.929411764705882382e-01 3.852272727272727515e-01 3.746898263027295117e-01 4.235423542354235238e-01 3.841607565011820324e-01 4.074074074074073848e-01 3.934426229508196649e-01 3.699186991869918839e-01 3.631361760660247739e-01 4.099099099099098864e-01 3.411214953271027861e-01 4.162219850586979519e-01 2.839506172839506015e-01 4.271047227926078049e-01 3.007518796992481036e-01 3.978142076502731994e-01 3.325123152709359431e-01 4.098159509202454198e-01 3.485639686684073313e-01 4.262125902992776050e-01 3.820512820512820262e-01 4.111922141119221386e-01 2.742681047765793689e-01
3.220024721878863017e-01 3.227722772277227814e-01 3.848614072494669358e-01 4.077669902912621214e-01 5.474613686534216539e-01 4.324644549763033141e-01 3.935768261964735504e-01 5.192943770672546755e-01 1.875000000000000000e-01 3.531598513011152685e-01 5.565445026178010846e-01 3.203272498426683601e-01 4.172892209178228340e-01 0.000000000000000000e+00 3.117797695262484181e-01 4.701627486437612857e-01 3.066239316239316448e-01 3.953201970443349644e-01 5.129619415333701582e-01 4.469696969696969613e-01 4.561810795124782159e-01 4.514182257091128303e-01 6.309760956175298752e-01 3.791588198367859541e-01 5.513482501434309180e-01 3.961117861482381652e-01 3.650287172941927283e-01 4.385964912280701511e-01 5.496794871794872250e-01 2.918454935622317725e-01 3.160847880299251789e-01 5.192943770672546755e-01 4.348321001707455835e-01 4.750519750519750506e-01 3.294262800740283548e-01 4.355216881594372591e-01 4.080425783560023834e-01 4.941956882255389982e-01 5.464994775339603317e-01 3.413996075866579383e-01 3.419753086419752841e-01 2.986512524084778408e-01 5.854788877445932238e-01 5.460088691796008975e-01 4.739583333333333148e-01 5.059154929577465154e-01 3.380454824830977367e-01 5.460088691796008975e-01 3.095744680851063579e-01 3.283767038413878403e-01 4.873524451939291735e-01 6.312127236580516998e-01 4.032154340836012762e-01 4.680232558139534871e-01 5.072222222222222410e-01 4.931506849315068219e-01 5.474613686534216539e-01 4.105571847507331618e-01 4.694280078895463615e-01 2.690815006468305071e-01 5.460351250665247402e-01 2.709551656920077822e-01 5.601681555438781102e-01 3.401069518716577367e-01 3.828207847295864164e-01 3.435517970401691379e-01 3.203125000000000000e-01 1.718750000000000000e-01 5.578535494689770280e-01 4.675052410901467392e-01 3.713395638629283235e-01 5.836373110995309865e-01 2.948287441235728501e-01 5.576923076923077094e-01 4.360599078341013679e-01 4.177881802223522567e-01 4.284044418468731519e-01 4.775533108866442111e-01 4.430751173708920021e-01 5.413333333333333330e-01 4.062500000000000000e-01 4.482758620689655249e-01 3.421717171717171824e-01 4.193548387096774355e-01 4.415448851774530503e-01 3.127035830618892231e-01 4.228028503562945573e-01 3.095238095238095344e-01 4.411764705882352811e-01 4.186460807600950185e-01 3.749239196591600543e-01 3.789682539682539542e-01 2.967741935483870774e-01 2.656250000000000000e-01 6.287992027902341574e-01 3.348017621145374378e-01 4.512922465208747402e-01 9.375000000000000000e-02 4.583333333333333148e-01 4.155766944114149819e-01 3.479075577763897642e-01 4.413633737723858808e-01 3.865030674846625658e-01 4.528749259039715480e-01 4.450231481481481399e-01 3.112840466926070082e-01 2.613418530351437896e-01 4.657125819916517750e-01 4.198019801980197863e-01 4.758659852356615372e-01 3.046875000000000000e-01 5.291235710397387271e-01 3.108910891089108897e-01 4.612244897959183465e-01 3.598409542743538636e-01 4.092639593908629636e-01 5.250186706497386169e-01 5.258573761567773008e-01 3.558648111332007868e-01 4.110970996216897766e-01 3.569915254237288060e-01
2.562248995983935629e-01 3.274725274725274748e-01 3.105670103092783574e-01 2.644927536231884146e-01 3.339317773788150756e-01 3.278097982708933489e-01 2.867242733699921220e-01 3.355786895284751936e-01 1.875000000000000000e-01 3.221035332785538441e-01 3.381696428571428492e-01 2.994880546075085470e-01 3.566796368352788682e-01 3.117797695262484181e-01 0.000000000000000000e+00 3.266903914590747471e-01 2.529960053262316766e-01 4.174350377200335416e-01 3.268053855569155175e-01 3.493635077793493804e-01 3.192360163710777354e-01 3.156002875629043691e-01 3.581488933601609803e-01 2.419601837672281652e-01 3.174504950495049549e-01 3.182861514919663182e-01 2.872427983539094787e-01 2.676529926025554840e-01 3.200908059023836461e-01 2.682255845942228545e-01 2.123125493291239119e-01 3.355786895284751936e-01 3.383768913342503626e-01 4.019728729963008562e-01 3.412563667232597631e-01 2.826830937713894487e-01 3.289183222958057540e-01 3.184634448574968912e-01 3.398876404494381998e-01 2.168178070898598431e-01 3.258706467661691697e-01 2.604529616724738927e-01 3.397538790797217656e-01 3.305288461538461453e-01 4.004944375772558907e-01 3.354551241247613058e-01 2.496099843993759837e-01 3.305288461538461453e-01 2.841677943166441289e-01 2.945544554455445385e-01 3.326898326898327096e-01 3.568922305764410940e-01 2.352036894696387381e-01 3.157894736842105088e-01 3.140749846342962281e-01 4.116915422885571996e-01 3.339317773788150756e-01 3.697604790419161680e-01 4.367088607594936667e-01 2.071366405570060909e-01 3.375430539609644010e-01 2.577413479052823586e-01 3.411764705882353033e-01 2.998661311914324057e-01 3.272727272727272707e-01 2.844155844155843993e-01 3.188976377952755792e-01 1.718750000000000000e-01 3.213859020310633197e-01 3.992490613266583277e-01 2.498078401229823220e-01 3.449781659388646560e-01 1.920704845814978079e-01 3.380698638247483512e-01 3.182130584192439660e-01 3.314121037463976793e-01 3.742647058823529438e-01 3.320388349514563076e-01 2.772881355932203529e-01 3.335253456221198287e-01 4.062500000000000000e-01 3.869346733668341809e-01 2.797029702970297294e-01 3.907455012853470189e-01 3.911392405063290889e-01 3.001402524544179440e-01 2.832980972515856122e-01 2.680851063829787218e-01 3.940520446096654195e-01 2.947894361170592670e-01 2.776934749620637577e-01 3.511777301927194728e-01 3.200000000000000067e-01 2.656250000000000000e-01 3.571788413098236914e-01 2.548701298701298579e-01 4.261241970021413250e-01 9.375000000000000000e-02 4.307036247334754542e-01 2.964824120603015145e-01 8.711583924349881602e-01 3.342599027102154396e-01 2.872421695951107856e-01 3.155680224403927259e-01 3.012863913337847088e-01 2.659667541557305115e-01 2.369584438549955929e-01 3.094575799721835940e-01 4.073275862068965747e-01 3.168510084580351549e-01 2.980392156862745057e-01 3.401319736052789700e-01 3.200883002207505768e-01 2.968435191403626661e-01 3.596491228070175517e-01 3.220883534136546045e-01 2.570694087403598838e-01 3.413606261288380517e-01 3.672566371681416086e-01 2.911490683229813747e-01 2.923673997412677972e-01
3.000665335994677219e-01 3.247011952191234951e-01 3.625277161862527908e-01 3.642172523961661468e-01 4.696969696969697239e-01 4.481193255512321838e-01 5.552147239263803824e-01 4.509029345372460584e-01 1.875000000000000000e-01 3.795721187025534737e-01 4.893162393162392987e-01 3.165863730213351879e-01 4.008908685968819441e-01 4.701627486437612857e-01 3.266903914590747471e-01 0.000000000000000000e+00 2.940516273849607121e-01 3.947721179624664734e-01 4.558907228229937547e-01 4.407523510971786962e-01 4.534083802376485117e-01 5.448851774530271141e-01 5.434565434565434838e-01 3.210768220617202795e-01 4.452094090648307523e-01 3.810457516339869066e-01 5.100463678516228283e-01 3.897373243738546100e-01 4.617868675995694394e-01 2.871736662883087599e-01 2.926174496644295409e-01 4.509029345372460584e-01 4.157575757575757702e-01 4.631236442516268870e-01 3.465481886534518274e-01 3.804878048780487854e-01 3.978357733927434525e-01 4.554913294797687806e-01 5.331491712707182584e-01 2.780821917808219412e-01 3.348993288590604300e-01 2.837176799440950248e-01 5.207566999474514402e-01 4.645669291338582751e-01 4.667393675027262656e-01 4.713187463039621439e-01 3.459459459459459651e-01 4.645669291338582751e-01 3.103837471783295610e-01 3.236486486486486736e-01 4.434017595307918058e-01 5.423306772908366158e-01 3.164139749505603394e-01 4.525139664804469497e-01 4.612716763005780263e-01 4.883977900552486373e-01 4.696969696969697239e-01 3.927227101631116657e-01 4.693069306930692797e-01 2.593905031892275170e-01 4.977973568281938155e-01 2.917578409919766580e-01 5.056787452677122818e-01 3.322072072072072002e-01 3.711111111111111138e-01 3.300110741971207240e-01 3.203125000000000000e-01 1.718750000000000000e-01 4.568868980963046167e-01 4.647577092511013253e-01 3.159268929503916690e-01 5.180851063829787773e-01 2.485673352435530115e-01 4.705882352941176405e-01 4.543163201008191820e-01 4.146649810366624389e-01 4.171894604767879544e-01 4.571428571428571286e-01 3.823708206686929900e-01 4.944751381215469754e-01 4.062500000000000000e-01 4.351145038167938961e-01 3.554469273743016688e-01 4.458100558659217616e-01 4.422442244224422669e-01 3.091954022988505635e-01 4.182168056446440296e-01 3.035714285714285476e-01 4.094586185438705561e-01 4.083067092651757046e-01 3.493819128171763433e-01 3.757455268389662262e-01 3.132947976878612817e-01 2.656250000000000000e-01 5.427713856928464420e-01 3.595505617977527990e-01 4.540000000000000147e-01 9.375000000000000000e-02 4.640000000000000235e-01 4.504623513870541496e-01 3.532235939643347256e-01 3.966142684401450791e-01 3.687335092348285048e-01 4.387301587301587480e-01 4.413965087281795374e-01 3.056147832267235298e-01 2.545582047685834293e-01 4.505424377791958923e-01 4.138613861386138404e-01 4.377605717689100895e-01 3.046875000000000000e-01 4.593993325917686277e-01 3.153692614770459146e-01 4.389336639801612039e-01 3.511904761904761640e-01 3.784698713608666276e-01 3.446777697320781986e-01 4.691358024691357764e-01 3.579999999999999849e-01 3.909214092140921304e-01 3.485523385300668409e-01
2.679487179487179405e-01 2.520775623268697863e-01 3.309352517985611475e-01 2.908224076281287207e-01 3.116751269035533123e-01 3.022727272727272485e-01 2.887236679058240441e-01 3.187499999999999778e-01 1.875000000000000000e-01 2.746566791510611782e-01 3.210000000000000075e-01 2.643979057591622772e-01 2.524429967426710109e-01 3.066239316239316448e-01 2.529960053262316766e-01 2.940516273849607121e-01 0.000000000000000000e+00 2.867557715674362018e-01 3.176593521421107735e-01 2.960893854748603560e-01 3.013245033112582627e-01 3.164556962025316666e-01 3.225806451612903136e-01 2.817955112219451275e-01 3.216931216931216975e-01 2.876052948255114483e-01 2.829705505761843654e-01 3.253424657534246811e-01 3.289205702647657881e-01 2.215909090909090884e-01 2.918848167539266902e-01 3.187499999999999778e-01 3.059866962305986537e-01 2.893553223388306006e-01 2.733160621761658304e-01 2.956326987681970886e-01 2.970183486238532344e-01 3.138918345705196122e-01 3.192771084337349130e-01 2.722371967654986791e-01 2.913486005089058750e-01 2.940340909090908839e-01 3.247524752475247634e-01 3.112919633774160477e-01 2.814371257485029920e-01 3.192389006342494784e-01 2.942675159235668692e-01 3.112919633774160477e-01 2.196007259528130751e-01 2.848020434227330755e-01 3.062966915688367098e-01 3.225806451612903136e-01 2.897077509529860095e-01 3.025302530253025091e-01 3.210526315789473673e-01 2.711111111111111360e-01 3.116751269035533123e-01 2.912400455062570948e-01 3.598971722365038595e-01 2.774566473988439030e-01 3.235887096774193727e-01 2.376933895921237716e-01 3.236763236763236518e-01 2.111692844677137970e-01 2.521008403361344463e-01 1.886477462437395614e-01 3.198198198198198283e-01 1.718750000000000000e-01 3.212058212058211959e-01 2.571001494768310747e-01 2.944099378881987472e-01 3.257425742574257543e-01 2.598540145985401284e-01 3.168016194331984003e-01 2.952799121844127406e-01 2.991944764096662879e-01 3.112884834663626199e-01 3.070362473347548193e-01 3.111612175873731956e-01 3.248987854251011997e-01 4.000000000000000222e-01 2.861586314152410604e-01 2.564766839378238572e-01 2.308868501529051931e-01 2.744186046511628008e-01 1.904761904761904656e-01 2.910958904109589018e-01 2.436974789915966333e-01 3.053348467650397469e-01 3.009259259259259300e-01 2.874692874692874600e-01 3.417366946778711556e-01 2.048417132216014958e-01 2.656250000000000000e-01 3.225806451612903136e-01 2.740259740259740062e-01 3.854447439353099747e-01 9.375000000000000000e-02 3.445595854922279822e-01 2.893518518518518601e-01 2.664141414141414366e-01 3.065934065934066144e-01 2.999999999999999889e-01 2.983050847457627275e-01 3.058035714285714524e-01 2.778561354019746243e-01 2.203856749311294827e-01 3.093607305936073026e-01 3.395721925133690089e-01 3.013844515441959637e-01 3.441860465116279300e-01 3.220164609053497995e-01 2.927536231884058093e-01 3.044444444444444620e-01 3.146067415730336991e-01 2.762836185819070867e-01 2.625850340136054450e-01 3.205791106514994659e-01 3.053221288515406417e-01 2.619617224880382844e-01 2.869875222816399285e-01
2.877801879971077503e-01 3.165618448637316784e-01 3.416075650118203244e-01 3.265720081135902730e-01 4.295733489187609777e-01 3.597359735973597594e-01 3.853622106049290341e-01 3.885350318471337827e-01 1.875000000000000000e-01 3.485967503692762315e-01 4.219684611201739988e-01 3.122171945701357476e-01 3.758865248226950229e-01 3.953201970443349644e-01 4.174350377200335416e-01 3.947721179624664734e-01 2.867557715674362018e-01 0.000000000000000000e+00 3.890506697728596253e-01 4.017150395778363858e-01 3.886378308586184716e-01 4.049416609471516715e-01 4.606910365548322339e-01 2.869139258222533351e-01 3.914590747330961018e-01 3.614035087719298378e-01 3.699999999999999956e-01 3.286978508217446304e-01 4.143492769744160364e-01 2.776412776412776617e-01 2.459132906894100912e-01 3.885350318471337827e-01 3.927881519639407348e-01 4.342857142857142749e-01 3.107221006564551691e-01 3.361022364217252645e-01 3.705962059620596105e-01 3.826650943396226467e-01 4.407530454042081769e-01 2.421129860601614059e-01 3.592814371257485040e-01 2.829606784888203386e-01 4.412076271186440857e-01 4.258064516129032029e-01 4.280821917808219079e-01 4.013317191283293228e-01 2.992857142857142660e-01 4.258064516129032029e-01 3.012195121951219412e-01 3.469079939668174850e-01 4.317897371714643495e-01 4.605394605394605434e-01 2.899575671852899772e-01 3.864363403710812661e-01 4.203860072376356949e-01 4.620770128354725892e-01 4.295733489187609777e-01 3.784511784511784271e-01 4.687500000000000000e-01 2.501948558067030315e-01 4.446965399886557146e-01 3.141447368421052544e-01 4.537861915367483179e-01 3.264311814859927052e-01 3.603818615751789856e-01 3.178571428571428381e-01 3.228346456692913202e-01 1.718750000000000000e-01 4.024249422632794615e-01 4.661921708185053359e-01 2.780859916782246755e-01 4.562737642585551479e-01 2.198912198912199023e-01 4.334490740740740700e-01 4.000000000000000222e-01 3.803475935828877219e-01 3.878908848968729006e-01 3.905867970660146793e-01 3.331218274111675259e-01 4.394542353610005891e-01 4.062500000000000000e-01 4.127167630057803627e-01 3.455098934550989154e-01 4.510278113663845345e-01 4.334511189634864814e-01 3.062500000000000222e-01 4.074585635359115887e-01 2.997903563941299865e-01 3.974615898463593755e-01 3.987603305785124008e-01 3.368495077355836975e-01 3.847780126849894566e-01 3.024999999999999911e-01 2.656250000000000000e-01 4.598796389167502663e-01 3.499234303215926767e-01 4.465408805031446660e-01 9.375000000000000000e-02 4.509394572025052228e-01 3.577181208053691330e-01 4.184397163120567309e-01 4.013114754098360826e-01 3.595425303788420401e-01 4.238095238095238027e-01 4.053876478318002574e-01 2.711993888464476754e-01 2.664576802507837017e-01 4.046822742474916468e-01 4.133611691022964774e-01 3.901985111662530925e-01 3.019607843137254721e-01 4.094307073030477029e-01 3.150105708245243274e-01 4.020887728459530130e-01 3.644067796610169219e-01 4.738924050632911666e-01 2.884468247895944915e-01 4.198606271777003407e-01 3.659574468085106114e-01 3.762811127379209197e-01 3.345280764635603088e-01
3.416518122400475366e-01 3.293885601577909439e-01 3.769309989701338792e-01 4.205008736167734629e-01 5.990153172866520270e-01 4.505431675242996259e-01 3.766233766233766378e-01 9.243641231593038299e-01 1.875000000000000000e-01 3.898611949305974544e-01 6.473095364944059238e-01 3.299340131973605428e-01 4.229166666666666630e-01 5.129619415333701582e-01 3.268053855569155175e-01 4.558907228229937547e-01 3.176593521421107735e-01 3.890506697728596253e-01 0.000000000000000000e+00 4.634420697412823253e-01 4.730941704035874218e-01 4.547550432276656895e-01 6.868787276341948855e-01 3.704142011834319348e-01 5.744562186279977833e-01 4.175953079178885696e-01 3.464519976147882874e-01 5.415421398684997500e-01 6.167023554603854318e-01 3.354838709677419595e-01 4.313222079589216773e-01 9.243641231593038299e-01 4.881623449830890804e-01 5.434322033898305593e-01 3.535714285714285920e-01 4.582623509369676551e-01 4.236902050113895424e-01 5.295392953929539681e-01 5.994805194805195026e-01 3.296568627450980338e-01 3.504122497055359164e-01 3.406386975579210885e-01 6.544231764097258042e-01 5.969247666117517559e-01 5.441020191285865781e-01 5.357535753575357607e-01 3.642305407011289242e-01 5.969247666117517559e-01 3.274058577405857817e-01 3.526598924088463760e-01 5.318559556786703890e-01 6.911984087518647790e-01 4.212476837554045561e-01 4.988662131519274179e-01 5.291576673866090763e-01 4.923076923076923350e-01 5.990153172866520270e-01 4.431103487707261368e-01 4.783464566929133688e-01 2.814039408866995107e-01 5.882352941176470784e-01 2.896208825357364791e-01 6.058242329693187544e-01 3.546694648478488920e-01 4.186046511627907196e-01 3.564766839378238350e-01 3.203125000000000000e-01 1.718750000000000000e-01 5.914567360350493352e-01 4.779033915724563153e-01 3.687315634218288896e-01 6.261585993820802942e-01 2.825814536340852112e-01 6.089324618736383643e-01 4.849346219442865480e-01 4.517418617932609792e-01 4.687679083094555832e-01 5.104281009879253483e-01 4.507597073719752379e-01 5.853530031612222961e-01 4.062500000000000000e-01 5.213675213675214026e-01 3.639125151883353393e-01 4.558670820353063480e-01 4.765868886576482555e-01 2.962577962577962465e-01 4.420871559633027248e-01 3.084479371316306562e-01 4.798387096774193727e-01 4.413793103448275801e-01 4.282282282282282027e-01 3.826429980276134235e-01 3.177966101694915113e-01 2.656250000000000000e-01 6.847339632023868861e-01 3.526570048309178862e-01 4.488188976377952555e-01 9.375000000000000000e-02 4.529411764705882359e-01 4.310246136233543135e-01 3.610280932456664815e-01 4.860716316088686817e-01 4.085257548845470654e-01 4.495205865764241304e-01 4.663677130044843189e-01 3.619592875318066172e-01 3.056768558951964976e-01 4.642045454545454808e-01 4.232283464566929387e-01 5.049833887043189140e-01 3.046875000000000000e-01 5.852734163508391818e-01 3.175542406311637200e-01 4.923251847640705003e-01 3.555992141453830913e-01 3.644314868804664487e-01 3.073200241984270775e-01 5.769023205612520133e-01 3.543307086614173040e-01 3.996437054631828967e-01 4.137191854233654986e-01
3.249336870026525159e-01 3.220000000000000084e-01 3.508196721311475641e-01 3.550995024875621686e-01 4.860491071428571508e-01 4.249061326658322701e-01 3.859531772575250930e-01 4.666292765002804099e-01 1.875000000000000000e-01 3.720617864338482406e-01 5.176848874598071193e-01 3.134228187919463338e-01 3.870614035087719396e-01 4.469696969696969613e-01 3.493635077793493804e-01 4.407523510971786962e-01 2.960893854748603560e-01 4.017150395778363858e-01 4.634420697412823253e-01 0.000000000000000000e+00 4.386391251518833578e-01 4.212178279974890249e-01 5.599800895968143344e-01 3.187940987812700189e-01 4.595671981776765502e-01 3.800383877159309032e-01 3.647540983606557541e-01 3.869617224880382844e-01 4.918918918918919192e-01 2.995444191343963336e-01 3.003300330033003562e-01 4.666292765002804099e-01 4.363307181653590661e-01 4.580645161290322620e-01 3.766233766233766378e-01 3.853541416566626521e-01 8.345618345618345257e-01 4.912689173457508995e-01 5.074866310160427441e-01 2.724850099933378011e-01 3.745774171737660807e-01 2.865937072503420002e-01 5.350052246603971273e-01 4.851374088614694435e-01 4.711643090315560389e-01 4.885361552028218424e-01 3.609625668449197855e-01 4.851374088614694435e-01 3.006681514476614581e-01 3.542934415145368443e-01 4.429723502304147575e-01 5.611332007952286594e-01 3.058221369161868153e-01 4.396135265700483186e-01 4.849884526558891351e-01 4.481283422459892973e-01 4.860491071428571508e-01 4.247954688483323027e-01 4.671968190854871028e-01 2.541322314049586639e-01 5.079105291871249817e-01 3.066954643628509447e-01 5.228863758750673663e-01 3.355780022446689381e-01 3.773584905660377631e-01 3.588301462317210477e-01 3.203125000000000000e-01 1.718750000000000000e-01 4.749163879598662374e-01 4.391819160387513410e-01 3.239074550128534513e-01 5.284810126582278889e-01 2.383922383922383870e-01 4.908688433868290124e-01 4.617775015537600725e-01 3.991416309012875696e-01 4.402751719824890553e-01 4.556074766355140415e-01 3.896882494004796360e-01 5.038293216630197469e-01 4.062500000000000000e-01 4.302702702702702608e-01 3.549488054607508603e-01 4.617977528089887707e-01 4.233261339092872499e-01 2.934537246049661596e-01 4.263124604680582075e-01 3.033932135728543145e-01 4.261890055589870330e-01 3.997509339975093279e-01 4.035785288270377635e-01 3.705179282868525936e-01 2.973893303064699123e-01 2.656250000000000000e-01 5.593220338983050377e-01 3.645761543762922052e-01 4.431137724550898160e-01 9.375000000000000000e-02 4.530938123752494828e-01 4.035087719298245390e-01 3.900758097863542551e-01 4.062126642771803908e-01 3.959156785243742038e-01 4.922480620155038622e-01 4.436274509803921351e-01 2.883561643835616528e-01 2.773519163763066286e-01 4.481249999999999956e-01 4.171656686626746269e-01 4.467333725721012172e-01 3.046875000000000000e-01 4.772978959025470647e-01 3.073852295409181812e-01 4.643962848297213397e-01 3.594377510040160373e-01 3.738441215323645705e-01 3.047357584076870185e-01 5.211428571428571299e-01 3.392857142857143016e-01 3.696930111038536637e-01 3.518312985571587226e-01
3.177083333333333148e-01 3.227091633466135367e-01 3.715846994535519365e-01 3.824451410658307182e-01 4.856353591160221250e-01 4.411764705882352811e-01 4.108944182918627952e-01 4.754189944134078472e-01 1.875000000000000000e-01 5.269372693726936951e-01 5.145733969263380780e-01 3.132450331125827825e-01 3.926247288503253996e-01 4.561810795124782159e-01 3.192360163710777354e-01 4.534083802376485117e-01 3.013245033112582627e-01 3.886378308586184716e-01 4.730941704035874218e-01 4.386391251518833578e-01 0.000000000000000000e+00 4.889466840052015817e-01 5.690168818272095530e-01 3.303514376996805058e-01 4.643665158371040880e-01 4.083870967741935476e-01 3.825136612021857729e-01 4.272671941570298504e-01 5.166031573217202411e-01 2.888888888888888618e-01 3.192333113020489055e-01 4.754189944134078472e-01 4.347048300536672794e-01 4.488935721812434276e-01 3.492063492063491870e-01 4.102719033232628543e-01 3.944615384615384746e-01 4.925028835063436916e-01 5.246516613076098734e-01 2.770448548812665113e-01 3.681063122923587949e-01 2.867746288798920240e-01 5.381421899325375957e-01 4.822616407982261433e-01 4.477296726504751967e-01 4.889406286379511246e-01 3.838926174496644084e-01 4.822616407982261433e-01 3.188888888888888884e-01 3.366271409749670429e-01 4.775248102743724354e-01 5.756218905472636482e-01 3.292604501607717116e-01 4.821648216482165017e-01 4.991344489324870404e-01 4.731759656652360646e-01 4.856353591160221250e-01 4.049079754601226933e-01 4.702380952380952328e-01 2.642026009582477686e-01 5.130151843817787327e-01 2.992237120677487816e-01 5.253874933190807450e-01 3.155603917301414429e-01 3.680781758957654692e-01 3.366013071895425091e-01 3.203125000000000000e-01 1.718750000000000000e-01 4.786939679026009919e-01 4.456289978678038555e-01 3.354673495518565862e-01 5.373291272344900005e-01 2.443376801647220431e-01 4.936847885777045364e-01 4.455927051671732531e-01 4.398003742981909103e-01 5.064683053040103244e-01 4.846698113207547065e-01 4.111980734497290846e-01 5.073329712112981671e-01 4.062500000000000000e-01 4.337606837606837740e-01 3.451505016722408170e-01 4.521452145214521212e-01 4.330117899249731894e-01 3.089887640449437978e-01 4.850260416666666852e-01 3.015873015873015706e-01 4.194528875379939237e-01 4.177057356608478988e-01 3.578214059531348856e-01 3.737574552683896600e-01 3.115124153498871062e-01 2.656250000000000000e-01 5.699352911896465868e-01 3.749143248800548278e-01 4.520000000000000129e-01 9.375000000000000000e-02 4.503968253968254065e-01 4.369055168040583137e-01 3.431952662721893255e-01 4.512195121951219634e-01 3.785347043701799419e-01 4.784810126582278444e-01 4.410163339382940362e-01 2.946367956551255718e-01 2.829537612146307834e-01 4.652908067542214088e-01 4.118811881188118584e-01 4.741839762611275710e-01 3.046875000000000000e-01 4.883977900552486373e-01 3.160000000000000031e-01 4.552647595861229468e-01 3.572854291417165706e-01 3.873517786561264664e-01 3.243986254295532778e-01 5.126617895329206309e-01 3.479125248508946333e-01 3.643958868894601744e-01 3.653421633554083670e-01
2.972972972972973138e-01 3.102766798418972183e-01 3.631284916201117374e-01 3.696219035202086278e-01 4.588036117381489865e-01 4.123314065510597093e-01 6.506622516556291869e-01 4.497142857142857331e-01 1.875000000000000000e-01 3.608033240997229885e-01 4.782608695652174058e-01 3.003460207612456689e-01 3.877777777777777768e-01 4.514182257091128303e-01 3.156002875629043691e-01 5.448851774530271141e-01 3.164556962025316666e-01 4.049416609471516715e-01 4.547550432276656895e-01 4.212178279974890249e-01 4.889466840052015817e-01 0.000000000000000000e+00 5.272363818090954890e-01 3.401084010840108585e-01 4.456079115764979837e-01 3.659658344283837073e-01 5.660685154975529931e-01 3.867574257425742679e-01 4.671772428884026218e-01 2.960829493087557829e-01 2.967786154900616813e-01 4.497142857142857331e-01 4.148740012292562729e-01 4.741474147414741491e-01 3.500697350069735259e-01 3.981191222570533150e-01 4.075520833333333148e-01 4.517825832846288914e-01 5.244716351501668150e-01 2.892329345531315932e-01 3.326516700749829747e-01 2.778171509567682329e-01 5.076436478650501183e-01 4.552661381653453909e-01 4.713656387665198233e-01 4.452296819787985860e-01 3.265582655826558267e-01 4.552661381653453909e-01 3.165714285714285592e-01 3.331024930747922275e-01 4.276470588235294357e-01 5.276807980049875724e-01 3.290453622207176743e-01 4.503144654088050425e-01 4.610427650849443504e-01 4.883203559510567171e-01 4.588036117381489865e-01 3.748427672955974566e-01 4.711729622266401796e-01 2.566690699351117377e-01 4.766355140186915862e-01 2.743947175348496192e-01 4.800861141011840694e-01 3.176206509539842848e-01 3.671875000000000000e-01 3.185840707964601726e-01 3.203125000000000000e-01 1.718750000000000000e-01 4.475760992108229752e-01 4.532453245324532531e-01 3.134526176275679310e-01 5.007982969664714901e-01 2.465353756382202832e-01 4.630872483221476488e-01 4.530351437699680628e-01 4.219354838709677424e-01 4.100126742712293937e-01 4.429169157202629825e-01 3.965087281795511287e-01 4.716253443526171041e-01 4.062500000000000000e-01 4.522222222222222476e-01 3.382456140350877383e-01 4.668949771689497874e-01 4.323432343234323572e-01 3.048498845265588675e-01 4.228758169934640487e-01 3.021868787276341672e-01 4.049118387909320105e-01 3.892445582586427921e-01 3.307240704500978290e-01 3.827655310621242424e-01 3.196721311475410054e-01 2.656250000000000000e-01 5.272909364046068914e-01 3.300699300699300731e-01 4.529058116232465014e-01 9.375000000000000000e-02 4.455445544554455517e-01 4.588394062078272606e-01 3.521617852161785245e-01 4.154228855721392999e-01 3.525513585155732321e-01 4.064272211720226791e-01 4.001229256299938530e-01 2.851033499643620961e-01 2.562634216177523405e-01 4.037617554858934366e-01 4.099009900990098765e-01 4.208955223880597174e-01 3.046875000000000000e-01 4.591549295774647876e-01 3.140000000000000013e-01 4.152227722772277030e-01 3.579999999999999849e-01 4.138418079096045088e-01 2.965860597439544666e-01 4.533183352080989992e-01 3.432539682539682557e-01 3.559435862995298794e-01 3.566591422121896393e-01
4.034205231388329760e-01 3.261718750000000000e-01 3.968719452590420138e-01 4.832750873689465876e-01 7.171968190854870473e-01 5.268656716417911001e-01 4.363089267803409999e-01 6.933399602385685867e-01 1.875000000000000000e-01 4.160839160839160944e-01 7.852216748768472421e-01 3.800200803212851475e-01 4.266144814090019333e-01 6.309760956175298752e-01 3.581488933601609803e-01 5.434565434565434838e-01 3.225806451612903136e-01 4.606910365548322339e-01 6.868787276341948855e-01 5.599800895968143344e-01 5.690168818272095530e-01 5.272363818090954890e-01 0.000000000000000000e+00 4.254254254254254408e-01 6.666666666666666297e-01 4.804216867469879304e-01 4.006024096385542022e-01 5.586172344689378511e-01 7.566765578635015199e-01 3.027343750000000000e-01 3.893360160965794736e-01 6.933399602385685867e-01 5.788949726231956694e-01 5.126953125000000000e-01 4.086345381526104159e-01 5.407554671968191062e-01 5.152423788105946478e-01 6.595744680851063357e-01 7.753195673549655442e-01 3.571069814163737033e-01 4.246091780131114324e-01 3.499999999999999778e-01 8.392504930966468990e-01 7.097415506958250075e-01 5.087890625000000000e-01 6.439169139465875658e-01 4.069651741293532354e-01 7.097415506958250075e-01 3.304007820136852236e-01 3.995993990986479449e-01 6.370407149950347847e-01 9.883720930232557933e-01 4.236180904522612867e-01 5.848303393213573065e-01 6.678235002478929427e-01 5.151811949069540209e-01 7.171968190854870473e-01 5.203980099502487633e-01 4.765625000000000000e-01 3.143863179074446457e-01 7.569169960474307901e-01 3.206686930091185439e-01 7.858904785397138326e-01 3.545543584720862174e-01 4.003906250000000000e-01 3.708414872798434514e-01 3.203125000000000000e-01 1.718750000000000000e-01 7.053571428571429047e-01 4.970645792563600507e-01 4.302908726178535370e-01 8.204242723236310209e-01 2.966314731020613382e-01 7.308838133068520371e-01 5.649576903932305161e-01 5.331670822942643495e-01 5.352182539682539542e-01 6.313959264778936653e-01 5.426587301587301182e-01 7.495059288537548881e-01 4.062500000000000000e-01 4.804687500000000000e-01 3.926780341023068943e-01 4.632713026444661986e-01 4.799216454456415315e-01 3.114593535749265452e-01 5.159203980099502651e-01 3.105468750000000000e-01 5.466334164588528832e-01 5.192403798100949652e-01 4.586466165413533580e-01 3.789062500000000000e-01 3.085210577864838655e-01 2.656250000000000000e-01 9.969434538970962656e-01 3.971774193548386900e-01 4.472656250000000000e-01 9.375000000000000000e-02 4.570312500000000000e-01 5.129740518962075946e-01 4.073146292585170247e-01 5.706440339490763680e-01 4.598796389167502663e-01 5.486769845232152276e-01 5.692921236291126341e-01 3.425414364640884113e-01 3.244197780020181554e-01 5.544999999999999929e-01 4.218750000000000000e-01 6.185258964143426352e-01 3.046875000000000000e-01 7.256857855361595888e-01 3.144531250000000000e-01 5.675273088381330711e-01 3.574218750000000000e-01 4.432160804020100486e-01 3.553095118268747021e-01 7.115956392467790437e-01 3.535156250000000000e-01 4.466700050075112505e-01 3.792766373411534664e-01
2.920754716981132093e-01 3.305263157894736681e-01 3.158522050059594521e-01 7.038703870387038597e-01 3.819767441860464907e-01 3.291054739652870542e-01 2.821249102656137597e-01 3.748524203069657501e-01 1.875000000000000000e-01 2.909625275532696786e-01 4.050772626931567477e-01 2.745995423340961139e-01 3.568862275449101729e-01 3.791588198367859541e-01 2.419601837672281652e-01 3.210768220617202795e-01 2.817955112219451275e-01 2.869139258222533351e-01 3.704142011834319348e-01 3.187940987812700189e-01 3.303514376996805058e-01 3.401084010840108585e-01 4.254254254254254408e-01 0.000000000000000000e+00 3.783292978208232515e-01 3.222614840989399543e-01 2.823970037453183424e-01 3.553333333333333344e-01 3.969508752117447692e-01 2.628285356695869712e-01 2.767247915087187038e-01 3.748524203069657501e-01 3.474903474903475176e-01 4.232558139534883801e-01 2.585579024034960205e-01 7.431034482758620552e-01 2.974767596281540638e-01 3.702588801926550155e-01 4.238336143901068054e-01 6.725025746652935066e-01 2.733236151603498643e-01 2.470680218921031956e-01 4.068965517241379115e-01 3.796728971962616828e-01 4.285714285714285476e-01 3.711843711843711979e-01 3.148009015777610831e-01 3.796728971962616828e-01 2.933832709113607939e-01 2.496360989810771369e-01 3.655384615384615343e-01 4.274999999999999911e-01 3.067758749069248170e-01 3.286890436985434039e-01 3.896656534954407447e-01 4.275700934579439449e-01 3.819767441860464907e-01 3.284083277367360609e-01 4.558521560574948506e-01 2.319422150882824996e-01 3.805013927576601507e-01 2.320709105560032348e-01 3.867975995635570263e-01 3.192019950124688199e-01 3.361445783132530063e-01 3.074119076549210461e-01 3.228346456692913202e-01 1.718750000000000000e-01 3.890523837551501107e-01 4.044289044289044455e-01 4.517184942716857554e-01 3.967914438502673780e-01 5.506198347107438273e-01 3.878962536023054519e-01 3.363518758085381477e-01 3.333333333333333148e-01 3.357615894039734927e-01 3.701863354037266962e-01 6.012608353033884745e-01 3.813796971396522517e-01 4.062500000000000000e-01 3.995299647473560256e-01 2.669649515287099151e-01 3.801652892561983577e-01 3.985849056603773533e-01 2.786885245901639108e-01 2.996699669966996771e-01 2.972972972972973138e-01 3.282994090610636961e-01 3.283683141503046521e-01 3.179856115107913550e-01 3.757828810020876764e-01 3.028350515463917314e-01 2.656250000000000000e-01 4.231347020530796255e-01 2.775263951734540102e-01 4.309278350515464151e-01 9.375000000000000000e-02 4.472049689440993903e-01 3.466574776016540516e-01 2.598253275109170257e-01 3.256410256410256499e-01 2.935779816513761631e-01 3.333333333333333148e-01 3.311897106109324973e-01 2.608695652173912971e-01 2.366107114308553250e-01 3.265839320705421489e-01 4.099378881987577605e-01 3.738140417457305742e-01 3.019607843137254721e-01 3.864959254947613609e-01 2.987551867219916946e-01 3.606020942408377228e-01 3.528183716075156684e-01 2.934390771449170709e-01 2.548562548562548491e-01 3.943661971830985657e-01 3.319587628865979245e-01 2.982078853046595257e-01 3.325153374233129067e-01
3.596813725490196068e-01 3.235294117647058987e-01 3.744813278008298774e-01 4.167650531286894999e-01 6.875365710942071829e-01 4.372842347525892071e-01 3.788334335538183772e-01 5.746807329261521824e-01 1.875000000000000000e-01 3.581283743251349461e-01 6.093832366895097774e-01 3.321100917431192845e-01 4.297782470960929135e-01 5.513482501434309180e-01 3.174504950495049549e-01 4.452094090648307523e-01 3.216931216931216975e-01 3.914590747330961018e-01 5.744562186279977833e-01 4.595671981776765502e-01 4.643665158371040880e-01 4.456079115764979837e-01 6.666666666666666297e-01 3.783292978208232515e-01 0.000000000000000000e+00 4.129530600118835326e-01 3.505782105903834656e-01 4.801864801864801913e-01 5.697735650342284908e-01 3.071200850159405138e-01 3.449969306322897555e-01 5.746807329261521824e-01 4.628796400449943782e-01 5.067778936392075551e-01 3.496376811594202882e-01 4.559585492227979375e-01 4.291521486643438132e-01 5.084010840108400542e-01 5.767634854771783726e-01 3.343769567939887111e-01 3.802816901408450634e-01 3.729588504245591185e-01 6.191696565863659130e-01 6.876470588235293890e-01 5.026068821689260169e-01 5.388485187255449560e-01 3.547418967587034899e-01 6.876470588235293890e-01 3.259493670886076111e-01 3.341331733653269409e-01 5.169727323316638534e-01 6.676587301587301182e-01 4.181818181818181546e-01 5.118978525827045933e-01 5.278993435448577909e-01 5.046923879040667860e-01 6.875365710942071829e-01 4.464493597206053432e-01 4.745098039215686070e-01 2.875157629255989944e-01 5.936999466097170330e-01 2.894236858771374044e-01 6.115221987315010432e-01 3.491561181434599259e-01 3.955928646379853197e-01 3.609653725078698638e-01 3.203125000000000000e-01 1.718750000000000000e-01 9.424119241192412399e-01 4.963273871983210905e-01 3.740963855421686746e-01 6.270213875847678864e-01 2.814294830887045240e-01 6.947674418604651292e-01 4.644280022766078542e-01 4.343839541547278027e-01 4.276018099547511109e-01 4.988950276243093729e-01 4.492009132420091144e-01 5.899357601713062227e-01 4.062500000000000000e-01 4.800838574423479943e-01 3.508879363135333773e-01 4.449064449064449311e-01 4.904661016949152796e-01 3.166311300639658710e-01 4.221711659965536878e-01 3.104125736738703178e-01 4.515203671830178012e-01 4.421728971962616828e-01 4.064942874323511646e-01 3.818897637795275468e-01 3.148345784418356552e-01 2.656250000000000000e-01 6.653406265539532072e-01 3.494788473329246137e-01 4.479371316306483553e-01 9.375000000000000000e-02 4.549019607843137192e-01 4.316463059918557166e-01 3.481927710843373269e-01 4.655663062037563860e-01 4.054054054054054279e-01 4.571099597006332838e-01 4.692132269099201780e-01 3.693811074918566528e-01 3.141394753678822815e-01 4.842105263157894801e-01 4.168297455968688614e-01 5.042111173498035059e-01 3.046875000000000000e-01 5.908590308370044175e-01 3.143418467583496967e-01 4.751853964632059557e-01 3.575638506876228084e-01 3.861445783132529952e-01 3.254216114928170089e-01 5.500000000000000444e-01 3.509803921568627194e-01 4.057004244996967879e-01 3.816067653276955518e-01
3.252923976608186885e-01 3.238289205702647444e-01 3.466509988249118490e-01 3.610921501706484404e-01 4.233199310740953236e-01 3.781291172595520611e-01 3.113273106323836137e-01 4.327830188679245293e-01 1.875000000000000000e-01 3.865671641791044721e-01 4.370249728555917756e-01 3.526717557251908275e-01 3.856132075471698228e-01 3.961117861482381652e-01 3.182861514919663182e-01 3.810457516339869066e-01 2.876052948255114483e-01 3.614035087719298378e-01 4.175953079178885696e-01 3.800383877159309032e-01 4.083870967741935476e-01 3.659658344283837073e-01 4.804216867469879304e-01 3.222614840989399543e-01 4.129530600118835326e-01 0.000000000000000000e+00 3.024425287356322101e-01 3.644501278772378505e-01 4.163916391639164161e-01 2.723970944309927478e-01 2.897398843930635848e-01 4.327830188679245293e-01 4.070512820512820484e-01 4.305084745762711718e-01 2.971631205673758713e-01 3.723335488041370489e-01 3.618290258449304297e-01 4.031877213695395645e-01 4.346405228758170036e-01 2.825278810408922148e-01 3.294964028776978249e-01 2.704119850187265972e-01 4.535374868004223847e-01 4.220554272517321182e-01 4.357224118316268546e-01 4.250151791135397539e-01 3.240343347639484950e-01 4.220554272517321182e-01 3.098420413122721651e-01 3.308931185944363196e-01 3.984327908378541561e-01 4.817042606516290792e-01 3.238231098430813248e-01 3.821495914519170145e-01 4.422960725075528732e-01 4.298642533936651855e-01 4.233199310740953236e-01 4.162125340599455159e-01 4.657258064516128782e-01 2.613723978411719440e-01 4.248618784530386883e-01 2.764291307752544946e-01 4.332971800433839671e-01 3.381995133819951094e-01 3.509389671361502483e-01 3.373205741626794096e-01 3.203125000000000000e-01 1.718750000000000000e-01 4.217215482380127223e-01 4.186575654152445702e-01 3.185654008438818519e-01 4.469333333333333491e-01 2.515625000000000222e-01 4.288154897494305118e-01 3.917790622992934901e-01 4.064386317907444646e-01 3.970976253298152958e-01 4.110091743119266283e-01 4.172757475083056500e-01 4.252362423568649130e-01 4.062500000000000000e-01 3.995459704880817142e-01 3.473053892215569038e-01 4.163742690058479523e-01 4.131185270425776768e-01 2.925336597307221509e-01 3.600525624178712025e-01 3.102040816326530615e-01 4.056915949702183943e-01 4.497540407589599165e-01 5.148902821316614364e-01 3.816326530612245138e-01 3.261964735516372782e-01 2.656250000000000000e-01 4.788944723618090427e-01 3.465866466616654429e-01 4.354838709677419373e-01 9.375000000000000000e-02 4.602851323828920371e-01 3.582286847323198908e-01 3.362509117432531114e-01 3.877159309021113165e-01 3.477351916376306695e-01 3.925294888597640752e-01 3.723135271807838098e-01 2.887537993920972768e-01 2.864949258391881193e-01 3.476611883691529958e-01 4.121212121212121104e-01 4.179663131628197359e-01 3.046875000000000000e-01 4.124004550625711141e-01 3.116089613034623285e-01 3.983322642719692164e-01 3.591836734693877320e-01 3.096060815480304318e-01 2.580645161290322509e-01 4.493856056173200497e-01 3.606557377049180446e-01 3.474277660324172068e-01 3.349112426035503187e-01
2.558845861807137467e-01 3.240343347639484950e-01 3.275862068965517127e-01 3.097787294789436374e-01 3.657243816254416857e-01 3.414295628036085883e-01 7.472194135490394240e-01 3.477744807121661563e-01 1.875000000000000000e-01 3.201243201243201275e-01 3.745856353591160426e-01 2.631166797180892747e-01 3.633004926108374111e-01 3.650287172941927283e-01 2.872427983539094787e-01 5.100463678516228283e-01 2.829705505761843654e-01 3.699999999999999956e-01 3.464519976147882874e-01 3.647540983606557541e-01 3.825136612021857729e-01 5.660685154975529931e-01 4.006024096385542022e-01 2.823970037453183424e-01 3.505782105903834656e-01 3.024425287356322101e-01 0.000000000000000000e+00 3.053536021150032864e-01 3.573033707865168607e-01 2.570332480818414145e-01 2.421695951107715739e-01 3.477744807121661563e-01 3.237971391417425182e-01 3.897911832946635569e-01 2.915699922660479615e-01 3.261309925725860981e-01 3.542857142857142594e-01 3.557457212713936445e-01 4.118653736451796665e-01 2.350157728706624705e-01 3.123543123543123801e-01 2.385173247381144335e-01 3.961248654467168784e-01 3.633136094674556116e-01 3.948598130841121656e-01 3.506172839506173089e-01 2.789115646258503167e-01 3.633136094674556116e-01 2.833545108005082747e-01 3.052714398111723293e-01 3.506250000000000200e-01 3.991995997998999401e-01 2.626488095238095344e-01 3.858695652173912971e-01 3.753086419753086656e-01 4.603174603174602919e-01 3.657243816254416857e-01 3.278008298755186734e-01 4.368530020703933481e-01 2.236951118475559164e-01 3.828571428571428403e-01 2.659208261617900249e-01 3.838440111420612921e-01 3.196930946291560161e-01 3.191230207064555402e-01 3.174404015056461748e-01 3.201581027667984025e-01 1.718750000000000000e-01 3.549146556798116747e-01 4.430844553243574180e-01 2.553035844915874097e-01 3.918256130790190861e-01 2.197802197802197766e-01 3.694638694638694432e-01 3.781743308167467288e-01 3.430353430353430544e-01 3.538355217691775967e-01 3.681528662420381903e-01 3.221701272605492217e-01 3.758581235697940337e-01 4.062500000000000000e-01 3.786982248520709970e-01 2.850430696945966957e-01 4.486692015209125528e-01 3.908872901678657197e-01 3.155792276964047849e-01 3.582089552238805763e-01 2.929936305732483981e-01 3.196776359973136361e-01 3.484419263456090543e-01 2.827187274041937926e-01 3.731343283582089776e-01 2.960526315789473450e-01 2.656250000000000000e-01 4.011071967790639237e-01 3.046251993620414655e-01 4.477611940298507620e-01 9.375000000000000000e-02 4.190871369294605908e-01 4.138702460850111620e-01 3.029595015576324046e-01 3.293650793650793607e-01 2.975146198830409539e-01 3.438140806561859053e-01 3.761969904240766160e-01 2.536704730831974008e-01 2.224958949096880190e-01 3.797202797202797186e-01 4.080338266384778145e-01 3.490746649649010824e-01 2.992125984251968740e-01 3.670588235294117707e-01 3.111587982832618171e-01 3.473333333333333273e-01 3.468085106382978733e-01 4.217854217854217769e-01 2.804276315789473450e-01 3.508158508158508160e-01 3.569892473118279619e-01 3.190368698269375747e-01 3.070283600493218246e-01
3.010540184453228130e-01 3.219315895372233394e-01 3.775055679287305233e-01 3.856041131105398256e-01 5.085714285714285632e-01 3.922174181593576225e-01 3.480263157894736836e-01 5.446960667461263617e-01 1.875000000000000000e-01 3.386348575215374357e-01 5.442550852116547766e-01 2.945113788487282447e-01 3.896816684961580957e-01 4.385964912280701511e-01 2.676529926025554840e-01 3.897373243738546100e-01 3.253424657534246811e-01 3.286978508217446304e-01 5.415421398684997500e-01 3.869617224880382844e-01 4.272671941570298504e-01 3.867574257425742679e-01 5.586172344689378511e-01 3.553333333333333344e-01 4.801864801864801913e-01 3.644501278772378505e-01 3.053536021150032864e-01 0.000000000000000000e+00 5.393700787401575214e-01 3.372365339578454191e-01 3.867521367521367659e-01 5.446960667461263617e-01 4.088463837417812274e-01 5.247191011235955438e-01 3.246839654025282518e-01 4.139851485148514643e-01 3.685185185185185230e-01 4.288126055149127924e-01 4.943880277926242517e-01 3.040774015203869807e-01 3.249835201054713241e-01 2.929714683368128125e-01 5.480616038236856280e-01 5.025758443045220680e-01 5.151175811870101207e-01 4.402985074626865614e-01 3.491957104557640856e-01 5.025758443045220680e-01 3.090705487122060724e-01 3.086582947785855846e-01 4.463869463869463705e-01 5.629072681704260228e-01 4.528437724982001256e-01 4.214328717639975741e-01 4.532497149372862189e-01 4.569892473118279397e-01 5.085714285714285632e-01 3.698044009779951069e-01 4.858299595141700178e-01 2.697740112994350126e-01 4.872490504612045359e-01 2.496513249651325095e-01 5.000000000000000000e-01 3.160220994475138045e-01 4.145785876993166030e-01 3.300330033003300301e-01 3.203125000000000000e-01 1.718750000000000000e-01 4.920364050056882932e-01 4.543478260869565077e-01 3.534883720930232509e-01 5.227754237288135819e-01 2.609006433166547456e-01 5.141723356009070267e-01 4.106602059357964962e-01 3.927250308261405753e-01 4.013521819299323834e-01 4.363001745200698056e-01 4.088397790055248726e-01 4.831338411316648540e-01 4.062500000000000000e-01 5.011337868480725266e-01 3.194351042367182258e-01 4.245076586433260135e-01 4.321389793702497539e-01 2.975113122171945679e-01 3.863354037267080487e-01 3.058350100603621780e-01 3.973105134474327893e-01 3.984915147705845317e-01 3.719711853307138272e-01 3.930753564154786384e-01 2.782122905027932802e-01 2.656250000000000000e-01 5.579528349222278027e-01 3.187331536388139930e-01 4.525252525252525526e-01 9.375000000000000000e-02 4.655870445344129638e-01 3.736059479553903162e-01 2.973324658425504086e-01 4.248166259168704162e-01 3.708306082406802040e-01 3.979217603911980317e-01 3.945008965929467926e-01 3.066104078762306728e-01 2.630844382414515015e-01 4.039167686658506895e-01 4.233870967741935609e-01 4.545997610513739517e-01 3.046875000000000000e-01 5.097031963470319837e-01 3.019999999999999907e-01 4.151057401812688896e-01 3.568548387096774355e-01 3.245331616226658222e-01 2.766825288919102510e-01 4.784313725490196290e-01 3.393213572854291149e-01 3.493819128171763433e-01 4.043778801843317949e-01
3.611267605633802780e-01 3.242187500000000000e-01 3.851554663991975658e-01 4.500279173646007935e-01 6.046875000000000444e-01 4.726775956284153257e-01 3.965227145260796227e-01 6.141564662054284085e-01 1.875000000000000000e-01 4.014806378132118603e-01 7.105263157894736725e-01 3.479001135073779838e-01 4.199395770392749250e-01 5.496794871794872250e-01 3.200908059023836461e-01 4.617868675995694394e-01 3.289205702647657881e-01 4.143492769744160364e-01 6.167023554603854318e-01 4.918918918918919192e-01 5.166031573217202411e-01 4.671772428884026218e-01 7.566765578635015199e-01 3.969508752117447692e-01 5.697735650342284908e-01 4.163916391639164161e-01 3.573033707865168607e-01 5.393700787401575214e-01 0.000000000000000000e+00 3.042596348884381574e-01 3.843478260869565011e-01 6.141564662054284085e-01 5.091693635382955607e-01 5.100603621730381843e-01 3.647586980920314303e-01 4.904319300164023954e-01 4.516657564172583128e-01 5.667718191377497661e-01 6.464903357070193035e-01 3.402417962003454477e-01 3.700391280044717512e-01 3.319814600231749679e-01 7.210256410256410398e-01 6.018808777429467405e-01 5.060362173038229772e-01 5.575501583949313833e-01 3.802024746906636499e-01 6.018808777429467405e-01 3.235887096774193727e-01 3.601123595505618113e-01 5.465608465608465805e-01 7.592684132476520409e-01 4.140310523289246758e-01 5.228260869565217739e-01 5.670859538784066567e-01 5.126135216952573126e-01 6.046875000000000444e-01 4.776859504132231482e-01 4.774951076320939070e-01 2.867816091954022983e-01 6.385169927909372101e-01 2.990110529377544846e-01 6.612077789150460072e-01 3.498483316481294514e-01 3.957703927492446927e-01 3.666666666666666408e-01 3.203125000000000000e-01 1.718750000000000000e-01 5.950026028110358967e-01 4.864593781344032086e-01 3.976311336717427980e-01 6.875318066157760644e-01 2.902282036278525656e-01 6.141078838174274246e-01 5.029842647856754834e-01 4.770240700218818519e-01 4.860731840524303848e-01 5.561497326203208580e-01 4.813210611802923866e-01 6.333161423414130908e-01 4.062500000000000000e-01 4.768611670020120874e-01 3.614730878186968588e-01 4.561933534743202179e-01 4.703517587939698430e-01 3.001007049345417732e-01 4.678747940691927454e-01 3.111545988258316853e-01 4.788503253796095316e-01 4.672537149146945290e-01 3.987865416436844890e-01 3.769531250000000000e-01 2.996972754793138516e-01 2.656250000000000000e-01 7.537091988130564246e-01 3.663817663817663939e-01 4.481409001956946914e-01 9.375000000000000000e-02 4.550781250000000000e-01 4.588364434687157156e-01 3.595756560580681271e-01 4.951456310679611672e-01 4.228827818283791284e-01 4.753921038399134824e-01 4.930032292787944193e-01 3.312101910828025297e-01 2.966589861751152135e-01 4.896514161220043571e-01 4.227005870841487045e-01 5.387907972177634619e-01 3.046875000000000000e-01 6.259220231822971714e-01 3.150684931506849140e-01 4.970414201183431802e-01 3.581213307240704302e-01 3.986562150055991127e-01 3.350604490500863619e-01 6.176470588235294379e-01 3.515625000000000000e-01 4.089635854341736598e-01 3.753784056508577271e-01
2.729658792650918597e-01 2.588235294117647300e-01 2.117647058823529382e-01 2.803850782190132618e-01 3.083247687564234507e-01 2.850627137970353497e-01 2.746566791510611782e-01 3.322649572649572502e-01 1.875000000000000000e-01 2.619647355163727820e-01 3.125000000000000000e-01 2.643524699599466010e-01 2.355848434925864876e-01 2.918454935622317725e-01 2.682255845942228545e-01 2.871736662883087599e-01 2.215909090909090884e-01 2.776412776412776617e-01 3.354838709677419595e-01 2.995444191343963336e-01 2.888888888888888618e-01 2.960829493087557829e-01 3.027343750000000000e-01 2.628285356695869712e-01 3.071200850159405138e-01 2.723970944309927478e-01 2.570332480818414145e-01 3.372365339578454191e-01 3.042596348884381574e-01 0.000000000000000000e+00 4.622356495468277759e-01 3.322649572649572502e-01 2.764317180616739922e-01 5.661080074487895297e-01 2.870493991989319094e-01 2.917139614074915066e-01 2.870370370370370350e-01 2.828601472134595340e-01 3.067608476286579067e-01 2.466307277628032313e-01 2.752880921895006217e-01 3.136966126656848264e-01 3.046488625123640048e-01 3.079299691040164877e-01 5.674157303370787053e-01 2.869109947643979086e-01 2.964889466840052168e-01 3.079299691040164877e-01 1.894353369763205897e-01 2.621483375959079432e-01 2.970936490850376588e-01 3.027343750000000000e-01 2.607594936708860778e-01 2.930077691453940036e-01 3.093220338983050932e-01 2.374631268436578069e-01 3.083247687564234507e-01 2.871972318339100494e-01 5.074626865671642006e-01 2.572674418604651292e-01 3.044354838709677491e-01 2.370689655172413812e-01 3.033932135728543145e-01 1.904761904761904656e-01 6.651376146788990917e-01 2.052173913043478237e-01 3.014354066985646119e-01 1.718750000000000000e-01 3.096234309623430714e-01 2.685185185185185452e-01 2.614056720098643649e-01 3.043478260869565410e-01 2.321167883211678884e-01 3.068297655453618988e-01 2.786343612334801767e-01 2.729357798165137350e-01 2.722159730033745784e-01 2.922912205567451682e-01 2.753623188405797118e-01 3.030303030303030387e-01 4.049586776859503967e-01 6.323232323232322871e-01 2.546174142480210900e-01 2.319749216300940331e-01 2.972536348949919027e-01 2.157996146435452733e-01 2.870370370370370350e-01 2.765957446808510745e-01 2.823129251700680076e-01 2.819025522041763154e-01 2.656826568265682753e-01 4.630225080385851899e-01 1.893939393939393923e-01 2.656250000000000000e-01 3.027343750000000000e-01 2.608125819134993195e-01 3.101604278074866494e-01 9.375000000000000000e-02 3.598901098901098883e-01 2.777129521586931271e-01 2.664092664092664320e-01 2.942477876106194823e-01 2.737226277372262762e-01 2.899543378995433907e-01 2.903587443946188396e-01 3.005865102639296293e-01 2.456896551724137845e-01 2.891428571428571459e-01 2.997275204359672873e-01 2.907725321888411929e-01 3.467336683417085452e-01 2.997946611909650949e-01 2.411764705882352977e-01 2.847608453837597309e-01 3.293413173652694481e-01 2.576687116564417290e-01 2.401091405184174743e-01 2.995867768595041336e-01 2.737752161383285032e-01 2.481927710843373491e-01 5.553097345132743667e-01
2.498078401229823220e-01 3.068669527896995541e-01 3.155940594059405968e-01 3.094202898550724723e-01 3.702153110047846640e-01 2.915254237288135708e-01 2.481644640234948740e-01 4.295729764181007160e-01 1.875000000000000000e-01 2.573363431151241554e-01 3.985218874360432206e-01 2.441130298273155308e-01 3.481481481481481510e-01 3.160847880299251789e-01 2.123125493291239119e-01 2.926174496644295409e-01 2.918848167539266902e-01 2.459132906894100912e-01 4.313222079589216773e-01 3.003300330033003562e-01 3.192333113020489055e-01 2.967786154900616813e-01 3.893360160965794736e-01 2.767247915087187038e-01 3.449969306322897555e-01 2.897398843930635848e-01 2.421695951107715739e-01 3.867521367521367659e-01 3.843478260869565011e-01 4.622356495468277759e-01 0.000000000000000000e+00 4.295729764181007160e-01 3.089960886571055942e-01 7.320644216691069017e-01 2.699149265274555232e-01 3.179033356024506540e-01 2.829670329670329609e-01 3.337393422655298147e-01 3.556786703601108046e-01 2.493907392363931830e-01 2.554799697656840451e-01 3.121739130434782461e-01 3.743974290305302488e-01 3.686109440769693157e-01 8.000000000000000444e-01 3.284132841328413210e-01 2.790161414296694620e-01 3.686109440769693157e-01 2.805662805662805792e-01 2.412480974124809607e-01 3.264925373134328623e-01 3.900602409638554424e-01 2.740458015267175362e-01 3.271767810026385281e-01 3.422818791946308781e-01 4.076281287246722451e-01 3.702153110047846640e-01 2.914675767918088467e-01 4.978165938864628770e-01 1.995033112582781376e-01 3.514124293785310660e-01 2.115869017632241722e-01 3.569060773480662863e-01 2.840909090909091161e-01 5.278969957081545150e-01 2.905236907730673335e-01 3.266932270916334535e-01 1.718750000000000000e-01 3.535714285714285920e-01 4.057971014492753881e-01 2.710843373493975750e-01 3.691056910569105454e-01 2.166809974204643163e-01 3.691037735849056478e-01 3.017751479289940697e-01 2.775919732441471388e-01 3.064952638700947363e-01 3.299874529485570807e-01 3.086751849361129563e-01 3.521046643913537944e-01 4.062500000000000000e-01 6.690856313497822727e-01 2.445987654320987692e-01 3.508982035928143728e-01 4.366373902132998919e-01 2.769028871391076008e-01 2.897260273972602773e-01 3.122270742358078666e-01 2.870431893687707681e-01 2.982698961937716442e-01 2.838235294117646967e-01 4.260089686098654793e-01 2.679738562091503185e-01 2.656250000000000000e-01 3.891129032258064391e-01 2.523364485981308136e-01 4.156118143459915371e-01 9.375000000000000000e-02 4.444444444444444198e-01 2.927335640138408190e-01 2.359128474830954059e-01 3.056653491436099879e-01 2.714701601164483113e-01 2.989276139410187438e-01 3.009836065573770481e-01 2.941680960548885282e-01 2.144638403990024866e-01 2.940785096473719218e-01 4.029850746268656692e-01 3.261284170375079450e-01 3.107569721115537864e-01 3.740275284260921596e-01 3.108695652173912860e-01 2.975260416666666852e-01 3.706140350877192846e-01 2.540381791483112828e-01 2.222222222222222099e-01 3.639070875521143722e-01 3.426724137931034253e-01 2.683823529411764608e-01 5.166908563134978705e-01
3.469750889679715233e-01 3.287401574803149873e-01 3.806584362139917577e-01 4.289044289044289249e-01 5.939196525515744174e-01 4.571428571428571286e-01 3.769817968291250820e-01 1.000000000000000000e+00 1.875000000000000000e-01 3.859964093357270976e-01 6.586538461538461453e-01 3.353293413173652482e-01 4.192546583850931818e-01 5.192943770672546755e-01 3.355786895284751936e-01 4.509029345372460584e-01 3.187499999999999778e-01 3.885350318471337827e-01 9.243641231593038299e-01 4.666292765002804099e-01 4.754189944134078472e-01 4.497142857142857331e-01 6.933399602385685867e-01 3.748524203069657501e-01 5.746807329261521824e-01 4.327830188679245293e-01 3.477744807121661563e-01 5.446960667461263617e-01 6.141564662054284085e-01 3.322649572649572502e-01 4.295729764181007160e-01 0.000000000000000000e+00 4.929656724817107483e-01 5.421940928270042592e-01 3.548578199052132565e-01 4.614949037372593210e-01 4.254112308564946265e-01 5.332612222823147619e-01 6.004140786749482261e-01 3.310975609756097726e-01 3.453908984830805218e-01 3.487789605510331903e-01 6.543019062339000547e-01 5.918256130790190417e-01 5.428571428571428159e-01 5.378289473684210176e-01 3.670811130846654557e-01 5.918256130790190417e-01 3.229491173416407235e-01 3.571854502087060124e-01 5.416204217536071397e-01 6.968190854870774942e-01 4.170238824249846710e-01 4.935356942102304689e-01 5.303926842388381191e-01 5.020576131687243260e-01 5.939196525515744174e-01 4.488863506567675743e-01 4.774066797642436133e-01 2.783882783882783984e-01 5.892203035060178395e-01 2.968944099378881818e-01 6.067357512953367449e-01 3.471933471933472126e-01 4.223864836325237349e-01 3.546391752577319756e-01 3.203125000000000000e-01 1.718750000000000000e-01 5.898692810457516478e-01 4.830421377183967135e-01 3.715461493239270996e-01 6.286594761171032664e-01 2.850904553961322585e-01 6.037837837837838340e-01 4.872521246458923483e-01 4.558404558404558493e-01 4.711593375214163104e-01 5.158991228070175517e-01 4.531688166012338703e-01 5.855194123819517094e-01 4.062500000000000000e-01 5.153764581124071764e-01 3.618817852834740889e-01 4.520123839009287936e-01 4.817898022892819765e-01 2.974093264248704460e-01 4.396355353075170891e-01 3.078431372549019773e-01 4.788087056128293439e-01 4.455275229357797961e-01 4.394942805538831765e-01 3.818897637795275468e-01 3.119747899159663884e-01 2.656250000000000000e-01 6.911984087518647790e-01 3.613293051359516839e-01 4.507874015748031260e-01 9.375000000000000000e-02 4.520547945205479201e-01 4.319088319088318917e-01 3.704368641532016504e-01 4.833427442123094386e-01 4.087161366313309951e-01 4.511235955056179803e-01 4.728291316526610499e-01 3.564231738035264496e-01 3.056416615003099690e-01 4.558740865654862251e-01 4.251968503937008093e-01 5.096738529574350585e-01 3.046875000000000000e-01 5.931744312026002719e-01 3.169291338582677087e-01 4.845244794597636240e-01 3.575638506876228084e-01 3.712121212121212155e-01 3.112183353437876776e-01 5.788058095750403531e-01 3.562992125984251746e-01 4.023668639053254448e-01 4.100106496272630241e-01
3.385930309007232353e-01 3.234714003944773042e-01 3.571428571428571508e-01 3.710575139146567447e-01 4.832509610104338549e-01 4.055859137826350880e-01 3.430935709739019734e-01 4.929656724817107483e-01 1.875000000000000000e-01 3.957075788061703570e-01 5.249734325185971828e-01 3.525423728813559254e-01 4.208194905869324653e-01 4.348321001707455835e-01 3.383768913342503626e-01 4.157575757575757702e-01 3.059866962305986537e-01 3.927881519639407348e-01 4.881623449830890804e-01 4.363307181653590661e-01 4.347048300536672794e-01 4.148740012292562729e-01 5.788949726231956694e-01 3.474903474903475176e-01 4.628796400449943782e-01 4.070512820512820484e-01 3.237971391417425182e-01 4.088463837417812274e-01 5.091693635382955607e-01 2.764317180616739922e-01 3.089960886571055942e-01 4.929656724817107483e-01 0.000000000000000000e+00 4.726688102893890631e-01 3.625498007968127601e-01 4.115523465703971318e-01 4.087816944959802301e-01 4.664410603496897956e-01 5.245464247598718988e-01 2.978014656895403012e-01 3.651944627554383760e-01 2.974983096686950601e-01 5.491931285788651529e-01 4.790748898678414136e-01 4.636752136752136932e-01 4.889918887601390485e-01 3.210191082802547613e-01 4.790748898678414136e-01 3.163152053274139730e-01 3.561461794019933347e-01 4.699421965317919225e-01 5.792349726775956054e-01 3.183259353202282926e-01 4.373887240356083006e-01 4.762443438914026883e-01 4.880694143167028098e-01 4.832509610104338549e-01 4.551201011378002703e-01 4.695481335952848556e-01 2.493279569892473124e-01 5.113268608414239802e-01 3.245175125089349577e-01 5.228480340063762499e-01 3.452115812917594395e-01 3.655097613882863361e-01 3.457738748627881553e-01 3.203125000000000000e-01 1.718750000000000000e-01 4.755360087960417981e-01 4.601293103448275690e-01 3.346055979643766110e-01 5.371727748691099702e-01 2.500000000000000000e-01 4.904528096017457539e-01 4.599877825290165090e-01 4.409937888198757761e-01 4.486386138613861485e-01 4.760793465577596306e-01 4.057279236276849499e-01 5.105691056910569570e-01 4.062500000000000000e-01 4.419354838709677602e-01 3.595430107526881858e-01 4.431072210065645778e-01 4.427645788336933008e-01 3.020134228187919545e-01 4.007330482590104048e-01 3.102766798418972183e-01 4.478716841455891440e-01 3.973105134474327893e-01 3.820512820512820262e-01 3.767258382642997838e-01 3.329506314580941706e-01 2.656250000000000000e-01 5.782652043868394820e-01 3.489304812834224667e-01 4.429133858267716439e-01 9.375000000000000000e-02 4.527559055118109965e-01 4.070413835701049976e-01 3.764233087742799855e-01 5.502268308489954851e-01 4.070450097847357895e-01 4.144578313253012292e-01 4.395670475045099224e-01 2.896505376344086224e-01 3.047419804741980376e-01 4.042933810375670678e-01 4.173228346456692717e-01 4.336588167719701570e-01 3.046875000000000000e-01 4.876305662451896894e-01 3.168316831683168355e-01 4.278074866310160318e-01 3.550295857988165493e-01 3.396584440227704005e-01 2.926666666666666861e-01 5.245623941276115199e-01 3.564356435643564192e-01 3.936031331592689253e-01 3.449401523394994284e-01
4.191616766467065602e-01 3.051643192488263101e-01 2.946058091286307135e-01 4.403153153153153143e-01 5.137334689725330250e-01 4.586956521739130599e-01 4.093500570125427340e-01 5.421940928270042592e-01 1.875000000000000000e-01 4.053117782909930744e-01 5.185185185185184897e-01 4.016887816646562137e-01 3.165075034106412111e-01 4.750519750519750506e-01 4.019728729963008562e-01 4.631236442516268870e-01 2.893553223388306006e-01 4.342857142857142749e-01 5.434322033898305593e-01 4.580645161290322620e-01 4.488935721812434276e-01 4.741474147414741491e-01 5.126953125000000000e-01 4.232558139534883801e-01 5.067778936392075551e-01 4.305084745762711718e-01 3.897911832946635569e-01 5.247191011235955438e-01 5.100603621730381843e-01 5.661080074487895297e-01 7.320644216691069017e-01 5.421940928270042592e-01 4.726688102893890631e-01 0.000000000000000000e+00 4.052443384982121755e-01 4.706521739130434812e-01 4.471101417666303313e-01 4.748201438848920763e-01 5.100000000000000089e-01 3.919413919413919367e-01 4.048723897911832847e-01 4.681697612732095282e-01 5.128205128205127750e-01 5.106815869786368589e-01 8.521126760563380031e-01 4.764826175869120717e-01 4.326241134751773187e-01 5.106815869786368589e-01 2.525252525252525415e-01 3.993015133876600675e-01 4.884696016771488680e-01 5.126953125000000000e-01 4.180327868852459217e-01 4.696485623003194831e-01 5.098855359001041032e-01 3.409669211195928695e-01 5.137334689725330250e-01 4.642464246424642393e-01 5.143540669856458969e-01 3.670886075949367222e-01 5.074925074925075164e-01 3.603034134007585543e-01 5.074331020812685722e-01 2.787356321839080664e-01 6.336805555555555802e-01 2.681564245810055813e-01 3.208333333333333592e-01 1.718750000000000000e-01 5.123711340206185127e-01 3.626806833114323281e-01 4.378629500580720202e-01 5.138067061143983816e-01 3.576923076923076983e-01 5.136501516683518176e-01 4.622741764080764981e-01 4.402173913043478382e-01 4.473118279569892608e-01 4.874476987447698972e-01 4.612903225806451735e-01 5.065065065065065264e-01 4.062500000000000000e-01 9.050279329608938994e-01 4.014423076923077094e-01 3.136482939632546096e-01 4.439716312056737335e-01 2.514792899408284099e-01 4.455337690631808178e-01 2.924528301886792359e-01 4.582881906825568841e-01 4.457831325301204739e-01 4.331797235023041592e-01 4.987146529562981878e-01 2.582089552238805985e-01 2.656250000000000000e-01 5.126953125000000000e-01 3.962040332147093724e-01 3.918918918918918859e-01 9.375000000000000000e-02 4.031531531531531432e-01 4.411441144114411350e-01 4.122497055359246043e-01 4.844587352625938093e-01 4.243792325056433556e-01 4.651416122004357057e-01 4.767567567567567721e-01 4.348958333333333148e-01 3.627204030226700016e-01 4.566160520607375206e-01 3.750000000000000000e-01 4.786235662148071168e-01 3.262711864406779849e-01 4.974721941354903754e-01 3.002364066193853320e-01 4.605543710021322013e-01 3.427230046948356867e-01 4.043035107587769073e-01 3.690621193666260846e-01 5.045965270684371617e-01 3.286713286713286442e-01 4.087837837837837718e-01 5.827586206896552268e-01
2.613293051359516506e-01 3.083511777301927159e-01 3.388116308470290883e-01 2.739160357880247587e-01 3.654970760233918203e-01 3.249490142760027012e-01 2.966542750929367922e-01 3.548578199052132565e-01 1.875000000000000000e-01 3.121652639632746529e-01 3.887964503605102484e-01 2.696804364770070128e-01 3.515527950310559091e-01 3.294262800740283548e-01 3.412563667232597631e-01 3.465481886534518274e-01 2.733160621761658304e-01 3.107221006564551691e-01 3.535714285714285920e-01 3.766233766233766378e-01 3.492063492063491870e-01 3.500697350069735259e-01 4.086345381526104159e-01 2.585579024034960205e-01 3.496376811594202882e-01 2.971631205673758713e-01 2.915699922660479615e-01 3.246839654025282518e-01 3.647586980920314303e-01 2.870493991989319094e-01 2.699149265274555232e-01 3.548578199052132565e-01 3.625498007968127601e-01 4.052443384982121755e-01 0.000000000000000000e+00 3.121272365805168869e-01 3.627940128296507361e-01 3.773119605425400702e-01 3.994382022471910099e-01 2.398119122257053315e-01 3.196594427244582315e-01 2.802967848309975141e-01 3.897763578274760499e-01 3.623018203170875196e-01 4.088729016786570858e-01 3.706467661691542070e-01 2.736763609246830597e-01 3.623018203170875196e-01 2.787096774193548177e-01 2.904468412942989297e-01 3.446571957998764701e-01 4.100250626566416257e-01 2.651403249630723824e-01 3.938983050847457701e-01 3.599999999999999867e-01 4.318734793187348209e-01 3.654970760233918203e-01 3.888091822094691397e-01 4.545454545454545303e-01 2.267871815940838143e-01 3.708497467642093426e-01 2.591024555461473589e-01 3.758943313153549903e-01 2.839036755386565303e-01 3.400503778337531369e-01 3.184143222506393700e-01 3.228346456692913202e-01 1.718750000000000000e-01 3.579379027533685087e-01 4.060606060606060663e-01 2.670080468178492872e-01 3.832077502691065840e-01 2.018121911037891181e-01 3.660508083140877611e-01 3.359735973597359759e-01 3.560027758501040918e-01 3.772663877266387855e-01 3.567398119122257016e-01 3.109354413702239972e-01 3.693438914027149522e-01 4.062500000000000000e-01 4.009779951100244655e-01 2.619954303122620232e-01 4.282083862770012517e-01 4.000000000000000222e-01 2.851458885941644539e-01 3.335640138408304534e-01 2.939914163090128763e-01 4.641537324464153902e-01 3.186813186813186594e-01 2.952243125904486232e-01 3.516949152542372947e-01 3.360995850622406911e-01 2.656250000000000000e-01 4.091595369904378332e-01 2.717474980754426284e-01 4.473118279569892608e-01 9.375000000000000000e-02 4.456289978678038555e-01 3.436401967673928248e-01 3.665048543689320426e-01 3.735593220338983000e-01 3.140132061628760352e-01 3.310946944257890934e-01 3.350888742593811642e-01 2.534301856335754444e-01 2.397034596375617888e-01 3.393939393939394145e-01 4.132762312633833091e-01 3.489550348321722728e-01 3.070866141732283561e-01 3.557358053302433487e-01 2.982832618025750837e-01 3.383705650459921110e-01 3.902439024390244038e-01 3.055141579731743828e-01 2.513922036595067633e-01 3.761792452830188815e-01 3.586956521739130266e-01 2.791033984092552434e-01 3.278061224489796088e-01
3.207800941492938707e-01 3.340080971659918907e-01 3.504928806133625341e-01 6.200906344410875848e-01 4.736547085201793794e-01 3.879950495049505066e-01 3.337696335078533805e-01 4.614949037372593210e-01 1.875000000000000000e-01 3.375499334221038761e-01 5.043010752688171783e-01 3.010825439783491042e-01 4.022222222222222032e-01 4.355216881594372591e-01 2.826830937713894487e-01 3.804878048780487854e-01 2.956326987681970886e-01 3.361022364217252645e-01 4.582623509369676551e-01 3.853541416566626521e-01 4.102719033232628543e-01 3.981191222570533150e-01 5.407554671968191062e-01 7.431034482758620552e-01 4.559585492227979375e-01 3.723335488041370489e-01 3.261309925725860981e-01 4.139851485148514643e-01 4.904319300164023954e-01 2.917139614074915066e-01 3.179033356024506540e-01 4.614949037372593210e-01 4.115523465703971318e-01 4.706521739130434812e-01 3.121272365805168869e-01 0.000000000000000000e+00 3.592113370301909803e-01 4.512055109070034487e-01 5.260273972602739212e-01 5.202593192868719685e-01 3.159973666886109478e-01 2.826388888888888840e-01 5.101404056162246459e-01 4.693648116919617586e-01 4.743169398907103873e-01 4.481159420289855255e-01 3.454301075268817467e-01 4.693648116919617586e-01 3.119369369369369149e-01 2.971014492753623060e-01 4.424985405720957554e-01 5.442345924453280137e-01 3.344414893617021489e-01 4.004767580452920361e-01 4.730121880441091053e-01 4.589632829373649914e-01 4.736547085201793794e-01 3.894080996884735080e-01 4.719999999999999751e-01 2.611150317572336066e-01 4.845024469820554680e-01 2.551092318534178838e-01 4.933190807055050642e-01 3.427601809954751166e-01 3.770856507230255783e-01 3.374028856825749267e-01 3.203125000000000000e-01 1.718750000000000000e-01 4.732092498589960394e-01 4.421621621621621423e-01 4.277660324171951856e-01 5.034120734908136274e-01 4.333605887162714776e-01 4.818941504178272939e-01 4.099756690997566899e-01 4.023705552089831827e-01 3.997532387415175803e-01 4.561611374407583130e-01 5.719201651754989291e-01 4.827962861824139917e-01 4.062500000000000000e-01 4.457831325301204739e-01 3.093959731543624025e-01 4.201312910284463742e-01 4.247020585048754127e-01 2.988636363636363869e-01 3.701418877236273830e-01 3.019999999999999907e-01 3.982790411800860575e-01 3.820224719101123489e-01 3.620915032679738466e-01 3.747494989979959779e-01 3.118527042577675656e-01 2.656250000000000000e-01 5.393034825870647309e-01 3.139770425388251351e-01 4.507042253521126862e-01 9.375000000000000000e-02 4.520000000000000129e-01 4.059910771191841961e-01 3.106411103767349746e-01 3.892215568862275599e-01 3.365384615384615641e-01 3.903481979230299381e-01 4.013277006638503175e-01 2.916083916083915817e-01 2.624561403508772206e-01 3.937728937728937617e-01 4.188376753507013772e-01 4.377224199288256012e-01 3.046875000000000000e-01 4.781144781144781031e-01 2.982107355864810905e-01 4.291845493562231884e-01 3.527054108216433059e-01 3.496042216358838939e-01 2.866988283942109028e-01 4.822335025380710682e-01 3.433133732534930371e-01 3.370058327932599074e-01 3.590604026845637398e-01
3.130193905817174604e-01 3.279352226720647634e-01 3.351769911504424715e-01 3.305573350416399769e-01 4.493491794001132078e-01 3.827082008900190568e-01 3.776223776223776030e-01 4.254112308564946265e-01 1.875000000000000000e-01 3.258196721311475419e-01 4.732865623313545766e-01 3.035839775122979867e-01 3.887640449438202195e-01 4.080425783560023834e-01 3.289183222958057540e-01 3.978357733927434525e-01 2.970183486238532344e-01 3.705962059620596105e-01 4.236902050113895424e-01 8.345618345618345257e-01 3.944615384615384746e-01 4.075520833333333148e-01 5.152423788105946478e-01 2.974767596281540638e-01 4.291521486643438132e-01 3.618290258449304297e-01 3.542857142857142594e-01 3.685185185185185230e-01 4.516657564172583128e-01 2.870370370370370350e-01 2.829670329670329609e-01 4.254112308564946265e-01 4.087816944959802301e-01 4.471101417666303313e-01 3.627940128296507361e-01 3.592113370301909803e-01 0.000000000000000000e+00 4.547604967474866977e-01 4.766304347826086918e-01 2.581767571329158240e-01 3.656294200848656528e-01 2.826243691420331494e-01 4.989429175475686984e-01 4.490608992601024529e-01 4.554455445544554615e-01 4.353219137625516932e-01 3.301237964236588551e-01 4.490608992601024529e-01 2.913832199546485535e-01 3.491838183108587623e-01 4.085580304806565310e-01 5.157107231920199375e-01 2.978580990629183245e-01 4.147551146931184318e-01 4.589486119314825641e-01 4.370932754880694215e-01 4.493491794001132078e-01 4.038961038961039196e-01 4.689378757515030305e-01 2.366906474820143769e-01 4.699061292103809961e-01 3.056402439024390461e-01 4.791101465002712834e-01 3.298969072164948391e-01 3.587443946188340615e-01 3.520642201834862650e-01 3.203125000000000000e-01 1.718750000000000000e-01 4.429948950652297102e-01 4.405286343612334621e-01 3.105756358768406722e-01 4.856535600425079813e-01 2.245639534883721034e-01 4.512877939529675309e-01 4.376996805111821320e-01 3.780025284450063139e-01 3.930379746835442889e-01 4.260143198090692307e-01 3.704390847247990282e-01 4.664819944598337931e-01 4.062500000000000000e-01 4.204171240395170317e-01 3.576063446286950054e-01 4.705202312138728193e-01 4.306326304106548042e-01 2.898383371824480581e-01 3.863490019317449842e-01 2.959999999999999853e-01 4.030514939605848723e-01 3.845161290322580694e-01 3.846153846153846367e-01 3.687374749498997795e-01 3.075117370892018753e-01 2.656250000000000000e-01 5.152729093640460167e-01 3.559566787003610178e-01 4.388777555110220385e-01 9.375000000000000000e-02 4.488977955911823692e-01 3.847150259067357303e-01 3.698140200286123003e-01 3.909820877084619895e-01 3.767918088737201576e-01 4.393741851368970219e-01 4.211853720050441341e-01 2.752688172043010750e-01 2.718589272593681105e-01 4.010120177103099204e-01 4.156626506024096446e-01 4.023809523809523947e-01 3.046875000000000000e-01 4.472645234066554010e-01 3.026052104208417082e-01 4.196988707653701578e-01 3.575757575757576023e-01 3.650793650793650591e-01 2.740793201133144286e-01 4.687320711417096719e-01 3.373253493013971815e-01 3.516260162601625994e-01 3.450226244343891358e-01
3.353401565322094990e-01 3.215686274509804154e-01 3.697916666666666852e-01 3.996499416569428420e-01 5.278219395866454722e-01 4.450231481481481399e-01 3.941605839416058576e-01 5.332612222823147619e-01 1.875000000000000000e-01 4.055900621118012639e-01 5.871034841393655279e-01 3.306845965770170981e-01 4.058577405857740628e-01 4.941956882255389982e-01 3.184634448574968912e-01 4.554913294797687806e-01 3.138918345705196122e-01 3.826650943396226467e-01 5.295392953929539681e-01 4.912689173457508995e-01 4.925028835063436916e-01 4.517825832846288914e-01 6.595744680851063357e-01 3.702588801926550155e-01 5.084010840108400542e-01 4.031877213695395645e-01 3.557457212713936445e-01 4.288126055149127924e-01 5.667718191377497661e-01 2.828601472134595340e-01 3.337393422655298147e-01 5.332612222823147619e-01 4.664410603496897956e-01 4.748201438848920763e-01 3.773119605425400702e-01 4.512055109070034487e-01 4.547604967474866977e-01 0.000000000000000000e+00 5.869451697127937573e-01 3.075506445672191447e-01 3.450746268656716409e-01 2.921279212792127766e-01 6.046747967479674246e-01 5.214854111405835546e-01 4.767801857585139413e-01 5.137513751375137883e-01 3.866011063306699636e-01 5.214854111405835546e-01 3.237791932059447819e-01 3.432024169184290097e-01 4.939692982456140302e-01 6.605731225296442854e-01 3.466349017272185584e-01 4.736842105263157632e-01 5.165670831070070523e-01 4.973876698014629283e-01 5.278219395866454722e-01 4.234957020057306676e-01 4.754420432220039516e-01 2.684897451833436754e-01 5.746701846965699412e-01 2.766624843161856750e-01 5.866736074960957614e-01 3.557692307692307820e-01 3.793103448275861878e-01 3.619047619047618958e-01 3.215686274509804154e-01 1.718750000000000000e-01 5.334403424291064288e-01 4.643226473629782913e-01 3.555291319857312726e-01 6.088751289989680071e-01 2.551594746716697726e-01 5.344918378093733713e-01 4.506486181613085229e-01 4.597432905484247212e-01 4.651567944250871167e-01 5.083426028921023132e-01 4.445076835515082703e-01 5.692389006342494229e-01 4.062500000000000000e-01 4.394250513347022769e-01 3.577586206896551935e-01 4.435146443514644266e-01 4.476683937823834336e-01 3.018065887353879040e-01 4.584560989982321977e-01 3.084479371316306562e-01 4.484536082474226970e-01 4.340499709471237755e-01 3.924955330553900890e-01 3.772102161100196471e-01 2.944915254237288060e-01 2.656250000000000000e-01 6.566056407718950938e-01 3.325257419745608622e-01 4.431372549019607643e-01 9.375000000000000000e-02 4.586614173228346636e-01 4.513274336283185639e-01 3.665241295051924197e-01 4.292059966685174976e-01 3.783146729522687268e-01 4.726426076833527556e-01 4.455667789001122592e-01 2.977146386658431343e-01 2.944514501891550839e-01 4.547018348623853012e-01 4.204322200392927034e-01 4.927536231884058204e-01 3.007812500000000000e-01 5.361702127659574435e-01 3.175542406311637200e-01 4.830751577739529345e-01 3.555992141453830913e-01 3.797240551889621840e-01 3.206724782067247870e-01 5.629067245119305785e-01 3.543307086614173040e-01 3.742586002372479403e-01 3.552769070010449171e-01
3.780623608017817383e-01 3.242187500000000000e-01 3.900000000000000133e-01 4.682144831398562523e-01 6.193914388860237707e-01 4.854368932038835016e-01 4.433748584371460799e-01 6.004140786749482261e-01 1.875000000000000000e-01 4.031180400890868598e-01 6.670025188916877124e-01 3.499722684414864338e-01 4.204204204204204376e-01 5.464994775339603317e-01 3.398876404494381998e-01 5.331491712707182584e-01 3.192771084337349130e-01 4.407530454042081769e-01 5.994805194805195026e-01 5.074866310160427441e-01 5.246516613076098734e-01 5.244716351501668150e-01 7.753195673549655442e-01 4.238336143901068054e-01 5.767634854771783726e-01 4.346405228758170036e-01 4.118653736451796665e-01 4.943880277926242517e-01 6.464903357070193035e-01 3.067608476286579067e-01 3.556786703601108046e-01 6.004140786749482261e-01 5.245464247598718988e-01 5.100000000000000089e-01 3.994382022471910099e-01 5.260273972602739212e-01 4.766304347826086918e-01 5.869451697127937573e-01 0.000000000000000000e+00 3.455467869222096922e-01 3.859745996686913538e-01 3.165829145728643046e-01 7.195367573011077766e-01 6.116554925219185312e-01 5.044955044955045098e-01 5.803571428571429047e-01 3.945615982241953423e-01 6.116554925219185312e-01 3.259779338014042183e-01 3.762486126526082275e-01 5.563674321503131459e-01 7.778869778869779150e-01 3.737043098745226333e-01 5.373455131649650385e-01 6.287393162393162260e-01 5.064935064935064402e-01 6.193914388860237707e-01 4.896739130434782372e-01 4.746093750000000000e-01 3.041997729852440324e-01 6.569529652351737692e-01 3.074729035938391086e-01 6.776649746192893176e-01 3.548387096774193727e-01 3.977955911823647384e-01 3.716012084592145159e-01 3.203125000000000000e-01 1.718750000000000000e-01 6.048304213771840132e-01 4.865403788634097837e-01 3.848253275109170257e-01 7.045454545454545858e-01 2.907639680729760534e-01 6.278234086242300283e-01 5.267134376686454234e-01 4.897408207343412756e-01 5.283122594832325714e-01 5.742311770943796523e-01 5.124458874458874824e-01 6.535110199897488092e-01 4.062500000000000000e-01 4.784784784784784639e-01 3.815937149270482442e-01 4.608433734939759163e-01 4.690618762475050052e-01 3.065326633165829096e-01 4.953475643130815786e-01 3.111545988258316853e-01 5.083919870059555590e-01 4.866339334424440999e-01 4.329099944781888420e-01 3.796477495107631883e-01 3.101010101010100994e-01 2.656250000000000000e-01 7.749876907927129022e-01 3.665183537263626001e-01 4.481409001956946914e-01 9.375000000000000000e-02 4.579256360078277632e-01 5.002760905577029460e-01 3.909648633575014132e-01 5.090618336886993944e-01 4.216867469879518326e-01 5.097508125677139290e-01 5.239376008606777546e-01 3.099999999999999978e-01 3.014084507042253391e-01 5.110870740941049206e-01 4.199218750000000000e-01 5.463645943097997781e-01 3.046875000000000000e-01 6.202988150437918069e-01 3.150684931506849140e-01 5.832869080779944371e-01 3.581213307240704302e-01 4.134881149806522993e-01 3.247910863509749224e-01 6.298026998961578915e-01 3.515625000000000000e-01 4.080962800875273522e-01 3.761283851554663715e-01
2.639225181598062742e-01 3.172866520787746003e-01 2.846347607052896467e-01 4.944396920444824595e-01 3.248218527315914761e-01 2.866108786610878645e-01 2.433661865049279727e-01 3.310975609756097726e-01 1.875000000000000000e-01 2.536964980544746950e-01 3.422818791946308781e-01 2.298387096774193450e-01 3.346055979643766110e-01 3.413996075866579383e-01 2.168178070898598431e-01 2.780821917808219412e-01 2.722371967654986791e-01 2.421129860601614059e-01 3.296568627450980338e-01 2.724850099933378011e-01 2.770448548812665113e-01 2.892329345531315932e-01 3.571069814163737033e-01 6.725025746652935066e-01 3.343769567939887111e-01 2.825278810408922148e-01 2.350157728706624705e-01 3.040774015203869807e-01 3.402417962003454477e-01 2.466307277628032313e-01 2.493907392363931830e-01 3.310975609756097726e-01 2.978014656895403012e-01 3.919413919413919367e-01 2.398119122257053315e-01 5.202593192868719685e-01 2.581767571329158240e-01 3.075506445672191447e-01 3.455467869222096922e-01 0.000000000000000000e+00 2.556862745098039125e-01 2.416452442159383041e-01 3.502155172413793371e-01 3.221957040572792086e-01 3.870573870573870701e-01 3.190954773869346672e-01 2.492211838006230529e-01 3.221957040572792086e-01 2.847503373819163519e-01 2.121913580246913567e-01 3.195416931890515677e-01 3.606228026117528906e-01 2.882305844675740469e-01 2.927152317880794552e-01 3.349968808484092286e-01 4.049382716049382824e-01 3.248218527315914761e-01 2.874209416725228561e-01 4.446808510638297629e-01 2.078260869565217439e-01 3.182589033352176133e-01 1.994796183868169925e-01 3.244886677722498836e-01 3.251700680272108790e-01 3.124199743918053551e-01 3.069828722002634902e-01 3.214285714285714524e-01 1.718750000000000000e-01 3.385731559854897044e-01 3.788437884378843545e-01 4.679891794409377637e-01 3.336938885884261907e-01 8.335588633288227856e-01 3.305882352941176272e-01 2.842809364548494755e-01 2.918994413407821065e-01 2.975034674063800066e-01 3.095994914176732338e-01 4.885556432517758618e-01 3.187250996015936200e-01 4.062500000000000000e-01 3.717472118959107563e-01 2.374501992031872455e-01 3.444857496902106742e-01 3.655514250309789270e-01 2.550607287449392913e-01 2.546455609084652405e-01 2.829373650107991356e-01 2.900343642611684092e-01 2.833922261484099203e-01 2.695783132530120696e-01 3.440170940170940161e-01 2.910863509749303524e-01 2.656250000000000000e-01 3.561368209255533213e-01 2.403846153846153910e-01 4.248927038626609254e-01 9.375000000000000000e-02 4.387096774193548487e-01 2.932761087267525268e-01 2.315462315462315512e-01 2.830440587449933321e-01 2.542750929368029489e-01 2.907216494845361043e-01 2.733289212442091554e-01 2.416452442159383041e-01 2.289473684210526216e-01 2.840599455040871968e-01 4.183006535947712545e-01 3.104786545924967389e-01 3.003952569169960340e-01 3.301606186793575315e-01 3.185840707964601726e-01 3.025606469002695142e-01 3.233404710920770864e-01 2.400300978179082112e-01 2.272347535505430116e-01 3.353293413173652482e-01 3.391304347826086807e-01 2.642369020501139087e-01 2.996108949416342315e-01
2.613890963405526291e-01 3.177966101694915113e-01 3.304878048780487965e-01 2.995135510771368970e-01 4.486153846153846381e-01 3.315290933694181597e-01 3.205992509363295717e-01 3.453908984830805218e-01 1.875000000000000000e-01 3.287356321839080553e-01 4.063545150501672309e-01 2.785104732350659473e-01 4.070351758793969710e-01 3.419753086419752841e-01 3.258706467661691697e-01 3.348993288590604300e-01 2.913486005089058750e-01 3.592814371257485040e-01 3.504122497055359164e-01 3.745774171737660807e-01 3.681063122923587949e-01 3.326516700749829747e-01 4.246091780131114324e-01 2.733236151603498643e-01 3.802816901408450634e-01 3.294964028776978249e-01 3.123543123543123801e-01 3.249835201054713241e-01 3.700391280044717512e-01 2.752880921895006217e-01 2.554799697656840451e-01 3.453908984830805218e-01 3.651944627554383760e-01 4.048723897911832847e-01 3.196594427244582315e-01 3.159973666886109478e-01 3.656294200848656528e-01 3.450746268656716409e-01 3.859745996686913538e-01 2.556862745098039125e-01 0.000000000000000000e+00 2.906403940886699289e-01 3.976608187134502703e-01 4.465058750773036600e-01 4.100467289719625930e-01 3.638036809815951012e-01 2.707873436350257679e-01 4.465058750773036600e-01 3.048469387755102233e-01 2.911585365853658347e-01 3.673723536737235618e-01 4.231155778894472586e-01 2.487382840663301953e-01 3.669301712779973745e-01 3.698547215496367779e-01 4.566265060240963791e-01 4.486153846153846381e-01 3.633193863319386097e-01 4.502074688796680602e-01 2.203389830508474534e-01 3.893604980192416631e-01 2.477216238608119236e-01 4.017807456872565242e-01 3.095238095238095344e-01 3.547589616810877811e-01 3.404791929382093296e-01 3.188976377952755792e-01 1.718750000000000000e-01 3.812056737588652711e-01 4.643734643734643841e-01 2.790357925493060498e-01 4.063009234111895629e-01 2.265560165975103735e-01 4.463311097634930502e-01 3.476253298153034188e-01 3.729993041057759195e-01 3.676268861454046744e-01 3.592777085927770786e-01 3.165137614678898981e-01 3.832199546485260955e-01 4.062500000000000000e-01 3.891509433962264120e-01 2.833078101071975774e-01 4.254007398273735863e-01 4.304878048780487743e-01 3.102094240837696137e-01 3.238095238095238249e-01 2.818371607515657851e-01 3.717421124828532153e-01 3.208446866485013538e-01 2.930664760543245095e-01 3.549060542797494722e-01 3.236074270557029453e-01 2.656250000000000000e-01 4.237373737373737459e-01 2.834101382488479204e-01 4.400000000000000022e-01 9.375000000000000000e-02 4.384133611691022891e-01 3.447075208913649158e-01 3.312548713951675716e-01 4.045329670329670391e-01 3.240673006583760229e-01 3.348899266177451373e-01 3.189432989690721421e-01 2.718446601941747476e-01 2.605459057071960460e-01 3.512786002691790088e-01 4.037656903765690641e-01 3.696622052262587554e-01 3.083003952569169925e-01 3.917404129793510270e-01 3.247311827956989028e-01 3.394136807817589307e-01 3.661670235546038432e-01 2.917578409919766580e-01 2.614896988906497688e-01 3.752191700759789361e-01 3.589743589743589758e-01 3.166421207658320913e-01 3.133414932680538278e-01
2.425222312045270945e-01 3.099547511312217285e-01 3.230563002680965079e-01 2.725925925925926085e-01 3.702551337896701766e-01 2.916073968705547581e-01 2.440154440154440052e-01 3.487789605510331903e-01 1.875000000000000000e-01 2.476340694006309018e-01 3.760882182240278815e-01 2.677966101694915224e-01 3.860845839017735259e-01 2.986512524084778408e-01 2.604529616724738927e-01 2.837176799440950248e-01 2.940340909090908839e-01 2.829606784888203386e-01 3.406386975579210885e-01 2.865937072503420002e-01 2.867746288798920240e-01 2.778171509567682329e-01 3.499999999999999778e-01 2.470680218921031956e-01 3.729588504245591185e-01 2.704119850187265972e-01 2.385173247381144335e-01 2.929714683368128125e-01 3.319814600231749679e-01 3.136966126656848264e-01 3.121739130434782461e-01 3.487789605510331903e-01 2.974983096686950601e-01 4.681697612732095282e-01 2.802967848309975141e-01 2.826388888888888840e-01 2.826243691420331494e-01 2.921279212792127766e-01 3.165829145728643046e-01 2.416452442159383041e-01 2.906403940886699289e-01 0.000000000000000000e+00 3.381955699621825850e-01 3.703007518796992414e-01 4.513157894736842257e-01 3.191082802547770547e-01 2.401574803149606196e-01 3.703007518796992414e-01 2.853146853146852902e-01 2.546786004882017895e-01 3.195610071013557096e-01 3.474107591754650448e-01 2.480252764612954075e-01 3.618980169971671157e-01 3.152647975077881859e-01 4.577836411609498835e-01 3.702551337896701766e-01 2.943287867910983624e-01 4.545454545454545303e-01 2.285456187895212321e-01 3.428571428571428603e-01 2.309090909090908972e-01 3.433598183881952370e-01 3.290960451977401058e-01 3.514986376021798642e-01 2.994579945799458187e-01 3.305785123966942241e-01 1.718750000000000000e-01 3.690476190476190688e-01 5.111111111111110716e-01 2.492187499999999889e-01 3.471531232725262317e-01 2.065514103730664297e-01 3.674219228413961869e-01 2.890252215405589853e-01 2.769985974754557989e-01 2.809457579972183816e-01 3.103225806451612723e-01 2.693096377306903877e-01 3.380116959064327631e-01 3.984375000000000000e-01 4.652114597544338426e-01 2.678868552412645432e-01 3.504492939666238871e-01 8.462867012089809737e-01 3.152492668621700855e-01 2.633802816901408272e-01 2.802690582959641019e-01 2.977528089887640506e-01 2.755174875089221875e-01 2.600760456273764065e-01 4.360189573459715695e-01 2.956521739130434923e-01 2.656250000000000000e-01 3.503797468354430400e-01 2.481511914543960695e-01 4.276169265033407663e-01 9.375000000000000000e-02 4.197802197802197877e-01 2.670940170940170888e-01 2.671009771986970760e-01 3.100346020761245436e-01 2.617960426179604116e-01 2.778161713890808793e-01 3.123268698060941984e-01 2.979890310786105778e-01 2.405063291139240556e-01 3.116607773851590157e-01 3.802197802197802012e-01 3.035248041775456818e-01 3.086419753086419582e-01 4.075255102040816202e-01 3.202764976958525356e-01 3.112947658402203666e-01 3.553530751708428026e-01 2.579642579642579814e-01 2.172442941673710937e-01 3.203359328134373074e-01 3.887587822014051397e-01 2.841444270015698326e-01 3.922413793103448065e-01
3.732133403917416437e-01 3.261718750000000000e-01 3.972332015810276507e-01 4.643799472295514486e-01 6.653040367910066921e-01 5.089285714285713969e-01 4.221748400852878280e-01 6.543019062339000547e-01 1.875000000000000000e-01 4.059669685668620409e-01 7.243460764587524858e-01 3.792544570502431323e-01 4.272997032640949433e-01 5.854788877445932238e-01 3.397538790797217656e-01 5.207566999474514402e-01 3.247524752475247634e-01 4.412076271186440857e-01 6.544231764097258042e-01 5.350052246603971273e-01 5.381421899325375957e-01 5.076436478650501183e-01 8.392504930966468990e-01 4.068965517241379115e-01 6.191696565863659130e-01 4.535374868004223847e-01 3.961248654467168784e-01 5.480616038236856280e-01 7.210256410256410398e-01 3.046488625123640048e-01 3.743974290305302488e-01 6.543019062339000547e-01 5.491931285788651529e-01 5.128205128205127750e-01 3.897763578274760499e-01 5.101404056162246459e-01 4.989429175475686984e-01 6.046747967479674246e-01 7.195367573011077766e-01 3.502155172413793371e-01 3.976608187134502703e-01 3.381955699621825850e-01 0.000000000000000000e+00 6.593350383631713107e-01 5.103652517275419909e-01 6.082262210796914870e-01 3.992557150451887527e-01 6.593350383631713107e-01 3.274161735700197307e-01 3.935656836461126074e-01 6.025839793281653201e-01 8.390748031496062520e-01 4.362745098039215730e-01 5.537017726798748596e-01 6.204603580562659815e-01 5.123395853899308516e-01 6.653040367910066921e-01 5.108293713681986148e-01 4.765625000000000000e-01 3.064864864864864646e-01 6.952573158425832123e-01 3.409343715239154804e-01 7.249370277078085456e-01 3.531157270029673390e-01 4.021739130434782705e-01 3.695652173913043237e-01 3.203125000000000000e-01 1.718750000000000000e-01 6.532381438041815480e-01 5.000000000000000000e-01 4.023231256599788530e-01 7.505010020040080443e-01 3.000545553737042903e-01 6.777154513003569303e-01 5.338189386056191310e-01 5.005213764337852478e-01 5.146290491118077348e-01 6.024909185262065092e-01 5.051652892561983021e-01 6.902475997978777533e-01 4.062500000000000000e-01 4.802761341222879787e-01 3.824317086234600982e-01 4.672619047619047672e-01 4.782608695652174058e-01 3.108910891089108897e-01 5.124668435013262080e-01 3.105468750000000000e-01 5.185572399372713193e-01 5.023771790808241322e-01 4.497863247863247982e-01 3.789062500000000000e-01 3.118172790466732791e-01 2.656250000000000000e-01 8.371978293043906838e-01 3.992395437262357683e-01 4.472656250000000000e-01 9.375000000000000000e-02 4.570312500000000000e-01 4.942044257112750416e-01 3.803486529318542142e-01 5.396659707724426047e-01 4.526484751203852519e-01 5.167014613778705412e-01 5.528669121514991902e-01 3.324367939752554957e-01 3.143939393939393923e-01 5.251308900523560252e-01 4.218750000000000000e-01 5.742268041237112985e-01 3.046875000000000000e-01 6.712749615975422968e-01 3.144531250000000000e-01 5.349922239502332699e-01 3.574218750000000000e-01 4.241617881852048910e-01 3.453663793103448065e-01 6.496202531645569600e-01 3.535156250000000000e-01 4.408774745853397681e-01 3.821782178217821846e-01
3.641207815275310788e-01 3.280943025540274949e-01 3.857868020304568435e-01 4.331026528258362096e-01 9.899463806970509872e-01 4.462486002239641758e-01 3.873978996499416461e-01 5.918256130790190417e-01 1.875000000000000000e-01 3.578034682080925011e-01 6.629570747217805593e-01 3.422301304863582527e-01 4.268167860798362523e-01 5.460088691796008975e-01 3.305288461538461453e-01 4.645669291338582751e-01 3.112919633774160477e-01 4.258064516129032029e-01 5.969247666117517559e-01 4.851374088614694435e-01 4.822616407982261433e-01 4.552661381653453909e-01 7.097415506958250075e-01 3.796728971962616828e-01 6.876470588235293890e-01 4.220554272517321182e-01 3.633136094674556116e-01 5.025758443045220680e-01 6.018808777429467405e-01 3.079299691040164877e-01 3.686109440769693157e-01 5.918256130790190417e-01 4.790748898678414136e-01 5.106815869786368589e-01 3.623018203170875196e-01 4.693648116919617586e-01 4.490608992601024529e-01 5.214854111405835546e-01 6.116554925219185312e-01 3.221957040572792086e-01 4.465058750773036600e-01 3.703007518796992414e-01 6.593350383631713107e-01 0.000000000000000000e+00 5.050813008130081716e-01 5.533661740558292186e-01 3.529751588677065288e-01 1.000000000000000000e+00 3.343621399176954778e-01 3.606364172068355911e-01 5.335515548281505316e-01 7.106699751861041969e-01 4.198427102238354580e-01 5.137872819358468846e-01 5.539956803455723389e-01 4.979797979797979668e-01 9.899463806970509872e-01 4.635535307517084092e-01 4.735812133072406782e-01 2.774774774774774744e-01 6.064887493458922529e-01 2.948717948717948789e-01 6.314419573138989605e-01 3.528205128205127994e-01 3.979591836734693855e-01 3.601220752797558711e-01 3.203125000000000000e-01 1.718750000000000000e-01 6.955772544514646771e-01 5.082304526748970819e-01 3.755813953488372214e-01 6.506955177743430907e-01 2.769981696156192941e-01 9.697964543663821768e-01 4.874090654728595595e-01 4.466182224706539694e-01 4.567280848687884087e-01 5.272925764192140097e-01 4.610244988864142801e-01 6.003143006809847915e-01 4.062500000000000000e-01 4.831460674157303514e-01 3.809523809523809312e-01 4.547304170905391851e-01 4.917525773195876027e-01 3.157894736842105088e-01 4.460756634669678089e-01 3.046875000000000000e-01 4.790723981900452677e-01 4.610983981693363987e-01 4.200351493848857864e-01 3.757338551859099596e-01 3.140495867768595128e-01 2.656250000000000000e-01 7.101593625498008322e-01 3.688622754491017730e-01 4.499017681728880169e-01 9.375000000000000000e-02 4.568627450980392024e-01 4.449489216799091817e-01 3.616647127784290983e-01 4.843750000000000000e-01 4.164719626168224553e-01 4.738028169014084634e-01 4.739756367663344183e-01 3.550185873605947728e-01 3.090575275397796640e-01 4.769144144144144004e-01 4.243614931237720822e-01 5.054466230936819349e-01 3.046875000000000000e-01 6.207084468664849641e-01 3.137254901960784270e-01 5.030951041080472530e-01 3.568627450980392246e-01 3.831884057971014501e-01 3.255255255255255498e-01 5.745358090185676003e-01 3.555992141453830913e-01 4.168632075471698228e-01 3.801229508196721230e-01
4.211793020457280656e-01 2.870588235294117552e-01 2.908587257617728516e-01 4.390519187358916664e-01 5.081300813008130524e-01 4.575163398692810302e-01 4.177215189873417778e-01 5.428571428571428159e-01 1.875000000000000000e-01 4.121071012805587741e-01 5.160320641282565290e-01 3.968636911942098888e-01 3.092643051771117313e-01 4.739583333333333148e-01 4.004944375772558907e-01 4.667393675027262656e-01 2.814371257485029920e-01 4.280821917808219079e-01 5.441020191285865781e-01 4.711643090315560389e-01 4.477296726504751967e-01 4.713656387665198233e-01 5.087890625000000000e-01 4.285714285714285476e-01 5.026068821689260169e-01 4.357224118316268546e-01 3.948598130841121656e-01 5.151175811870101207e-01 5.060362173038229772e-01 5.674157303370787053e-01 8.000000000000000444e-01 5.428571428571428159e-01 4.636752136752136932e-01 8.521126760563380031e-01 4.088729016786570858e-01 4.743169398907103873e-01 4.554455445544554615e-01 4.767801857585139413e-01 5.044955044955045098e-01 3.870573870573870701e-01 4.100467289719625930e-01 4.513157894736842257e-01 5.103652517275419909e-01 5.050813008130081716e-01 0.000000000000000000e+00 4.799588900308324746e-01 4.228504122497055429e-01 5.050813008130081716e-01 2.431654676258992731e-01 4.011695906432748426e-01 4.873949579831932666e-01 5.087890625000000000e-01 4.199999999999999845e-01 4.748124330117899361e-01 4.979296066252588138e-01 3.409961685823754696e-01 5.081300813008130524e-01 4.582417582417582236e-01 5.219512195121951414e-01 3.620253164556961889e-01 5.095285857572717791e-01 3.552465233881162976e-01 5.094527363184079283e-01 2.603129445234708128e-01 6.239168110918543730e-01 2.608089260808926224e-01 3.347280334728033324e-01 1.718750000000000000e-01 5.113636363636363535e-01 3.468057366362450877e-01 4.315545243619489657e-01 5.098619329388560661e-01 3.439490445859872403e-01 5.096056622851364848e-01 4.580233793836344103e-01 4.500548847420416942e-01 4.508108108108108136e-01 4.755463059313215224e-01 4.538626609442060200e-01 5.085427135678391997e-01 4.062500000000000000e-01 7.690972222222222099e-01 3.849821215733015278e-01 3.101182654402102612e-01 4.181818181818181546e-01 2.567164179104477473e-01 4.506578947368420907e-01 2.894736842105263275e-01 4.476806903991369935e-01 4.509371554575523633e-01 4.302191464821222833e-01 4.909090909090909061e-01 2.448071216617210555e-01 2.656250000000000000e-01 5.087890625000000000e-01 3.964285714285714080e-01 3.778280542986425239e-01 9.375000000000000000e-02 4.147465437788018239e-01 4.478935698447893410e-01 4.091981132075471761e-01 4.691489361702127492e-01 4.246885617214042896e-01 4.703947368421052544e-01 4.740259740259740173e-01 4.222797927461139911e-01 3.611111111111111049e-01 4.538545059717697949e-01 3.764434180138568342e-01 4.775339602925809945e-01 3.235294117647058987e-01 4.994923857868020511e-01 2.973621103117505826e-01 4.640943193997856264e-01 3.599033816425120658e-01 4.029511918274688020e-01 3.658536585365853577e-01 5.005107252298263143e-01 3.076923076923077094e-01 4.074492099322798988e-01 5.951134380453751982e-01
3.581626319056486762e-01 3.287401574803149873e-01 3.806047966631908031e-01 4.084423305588584796e-01 5.581649371927908110e-01 6.092628832354859414e-01 3.809523809523809312e-01 5.378289473684210176e-01 1.875000000000000000e-01 4.123972169512966635e-01 5.739583333333333481e-01 3.410368519675203158e-01 4.167539267015706872e-01 5.059154929577465154e-01 3.354551241247613058e-01 4.713187463039621439e-01 3.192389006342494784e-01 4.013317191283293228e-01 5.357535753575357607e-01 4.885361552028218424e-01 4.889406286379511246e-01 4.452296819787985860e-01 6.439169139465875658e-01 3.711843711843711979e-01 5.388485187255449560e-01 4.250151791135397539e-01 3.506172839506173089e-01 4.402985074626865614e-01 5.575501583949313833e-01 2.869109947643979086e-01 3.284132841328413210e-01 5.378289473684210176e-01 4.889918887601390485e-01 4.764826175869120717e-01 3.706467661691542070e-01 4.481159420289855255e-01 4.353219137625516932e-01 5.137513751375137883e-01 5.803571428571429047e-01 3.190954773869346672e-01 3.638036809815951012e-01 3.191082802547770547e-01 6.082262210796914870e-01 5.533661740558292186e-01 4.799588900308324746e-01 0.000000000000000000e+00 3.834679925419515190e-01 5.533661740558292186e-01 3.207150368033648835e-01 3.621118012422360199e-01 5.148960089938167117e-01 6.473788328387735103e-01 3.399399399399399280e-01 4.716981132075471761e-01 5.318912922906267049e-01 5.067920585161964642e-01 5.581649371927908110e-01 4.836759371221281967e-01 4.745098039215686070e-01 2.792620865139949227e-01 5.721128259712613406e-01 3.036410923276983143e-01 5.909330521876647868e-01 3.509513742071881381e-01 3.858185610010427258e-01 3.599160545645330722e-01 3.203125000000000000e-01 1.718750000000000000e-01 5.590984057174271937e-01 4.782157676348547937e-01 3.603385731559854976e-01 6.058242329693187544e-01 2.754838709677419617e-01 5.673913043478261420e-01 4.727694090382387193e-01 4.363742010459035203e-01 4.707964601769911717e-01 4.966517857142856984e-01 4.472013848817080195e-01 5.674666666666666748e-01 4.062500000000000000e-01 4.427402862985684862e-01 3.636363636363636465e-01 4.438669438669438638e-01 4.494845360824742397e-01 3.099787685774946788e-01 4.416273584905660576e-01 3.104125736738703178e-01 4.725987035945786729e-01 4.324324324324324564e-01 4.211822660098522020e-01 3.791748526522593088e-01 3.081827842720510358e-01 2.656250000000000000e-01 6.433878157503715167e-01 3.682219419924337989e-01 4.479371316306483553e-01 9.375000000000000000e-02 4.549019607843137192e-01 4.310954063604240383e-01 3.733665214685749634e-01 4.603903559127439649e-01 4.386292834890965775e-01 4.740566037735848837e-01 4.682814302191464773e-01 3.250159948816378486e-01 3.076923076923077094e-01 4.922619047619047894e-01 4.223968565815324205e-01 5.088319088319088745e-01 3.046875000000000000e-01 5.415318230852211867e-01 3.117647058823529438e-01 4.734717416378316224e-01 3.575638506876228084e-01 3.682941531042797090e-01 3.175803402646502627e-01 5.687568756875687193e-01 3.536345776031434296e-01 4.126003705991352910e-01 3.533678756476684168e-01
2.760180995475113308e-01 3.249475890985324966e-01 3.448275862068965747e-01 3.264872521246459103e-01 3.553766532489937013e-01 4.108804581245525944e-01 2.985294117647058765e-01 3.670811130846654557e-01 1.875000000000000000e-01 3.475562451512800854e-01 3.894389438943894333e-01 2.631981637337413860e-01 3.654080389768574744e-01 3.380454824830977367e-01 2.496099843993759837e-01 3.459459459459459651e-01 2.942675159235668692e-01 2.992857142857142660e-01 3.642305407011289242e-01 3.609625668449197855e-01 3.838926174496644084e-01 3.265582655826558267e-01 4.069651741293532354e-01 3.148009015777610831e-01 3.547418967587034899e-01 3.240343347639484950e-01 2.789115646258503167e-01 3.491957104557640856e-01 3.802024746906636499e-01 2.964889466840052168e-01 2.790161414296694620e-01 3.670811130846654557e-01 3.210191082802547613e-01 4.326241134751773187e-01 2.736763609246830597e-01 3.454301075268817467e-01 3.301237964236588551e-01 3.866011063306699636e-01 3.945615982241953423e-01 2.492211838006230529e-01 2.707873436350257679e-01 2.401574803149606196e-01 3.992557150451887527e-01 3.529751588677065288e-01 4.228504122497055429e-01 3.834679925419515190e-01 0.000000000000000000e+00 3.529751588677065288e-01 2.880503144654087966e-01 2.885345482156416175e-01 3.507371007371007376e-01 4.104477611940298698e-01 2.673484295105916786e-01 3.118686868686868507e-01 4.048357098574085766e-01 4.152046783625730764e-01 3.553766532489937013e-01 3.238674780256930452e-01 4.648760330578512456e-01 2.188254223652453812e-01 3.887005649717514277e-01 2.268292682926829340e-01 3.956834532374100544e-01 2.977667493796525844e-01 3.695380774032459570e-01 3.250311332503113548e-01 3.228346456692913202e-01 1.718750000000000000e-01 3.604651162790697416e-01 4.051825677267373305e-01 3.089552238805970408e-01 4.018388318009735172e-01 2.219471947194719408e-01 3.622361665715915779e-01 3.363814500326584023e-01 3.164556962025316666e-01 3.622100954979536325e-01 3.468884781269254702e-01 3.585415259959486844e-01 3.857061826432217622e-01 4.062500000000000000e-01 4.102870813397129224e-01 2.826585179526355796e-01 3.757431629013079921e-01 3.992848629320620013e-01 2.829705505761843654e-01 3.413626978664831557e-01 2.972972972972973138e-01 3.238598810310641118e-01 3.292265571526351575e-01 3.613824192336588803e-01 3.700623700623700829e-01 2.629582806573956821e-01 2.656250000000000000e-01 4.067796610169491789e-01 2.788388082505729448e-01 4.309278350515464151e-01 9.375000000000000000e-02 4.562499999999999889e-01 3.246575342465753411e-01 2.674074074074074270e-01 3.221433182698515418e-01 2.987106017191977214e-01 3.540540540540540460e-01 3.389941214892227550e-01 2.430939226519336915e-01 2.354368932038835016e-01 3.633898305084745650e-01 3.983572895277207593e-01 4.472091459314055384e-01 3.070866141732283561e-01 3.748544819557625418e-01 3.068893528183715969e-01 3.717521652231845497e-01 3.388429752066115519e-01 2.799422799422799368e-01 2.598736176935229070e-01 3.858823529411764541e-01 3.319587628865979245e-01 2.811158798283261984e-01 3.425000000000000266e-01
3.641207815275310788e-01 3.280943025540274949e-01 3.857868020304568435e-01 4.331026528258362096e-01 9.899463806970509872e-01 4.462486002239641758e-01 3.873978996499416461e-01 5.918256130790190417e-01 1.875000000000000000e-01 3.578034682080925011e-01 6.629570747217805593e-01 3.422301304863582527e-01 4.268167860798362523e-01 5.460088691796008975e-01 3.305288461538461453e-01 4.645669291338582751e-01 3.112919633774160477e-01 4.258064516129032029e-01 5.969247666117517559e-01 4.851374088614694435e-01 4.822616407982261433e-01 4.552661381653453909e-01 7.097415506958250075e-01 3.796728971962616828e-01 6.876470588235293890e-01 4.220554272517321182e-01 3.633136094674556116e-01 5.025758443045220680e-01 6.018808777429467405e-01 3.079299691040164877e-01 3.686109440769693157e-01 5.918256130790190417e-01 4.790748898678414136e-01 5.106815869786368589e-01 3.623018203170875196e-01 4.693648116919617586e-01 4.490608992601024529e-01 5.214854111405835546e-01 6.116554925219185312e-01 3.221957040572792086e-01 4.465058750773036600e-01 3.703007518796992414e-01 6.593350383631713107e-01 1.000000000000000000e+00 5.050813008130081716e-01 5.533661740558292186e-01 3.529751588677065288e-01 0.000000000000000000e+00 3.343621399176954778e-01 3.606364172068355911e-01 5.335515548281505316e-01 7.106699751861041969e-01 4.198427102238354580e-01 5.137872819358468846e-01 5.539956803455723389e-01 4.979797979797979668e-01 9.899463806970509872e-01 4.635535307517084092e-01 4.735812133072406782e-01 2.774774774774774744e-01 6.064887493458922529e-01 2.948717948717948789e-01 6.314419573138989605e-01 3.528205128205127994e-01 3.979591836734693855e-01 3.601220752797558711e-01 3.203125000000000000e-01 1.718750000000000000e-01 6.955772544514646771e-01 5.082304526748970819e-01 3.755813953488372214e-01 6.506955177743430907e-01 2.769981696156192941e-01 9.697964543663821768e-01 4.874090654728595595e-01 4.466182224706539694e-01 4.567280848687884087e-01 5.272925764192140097e-01 4.610244988864142801e-01 6.003143006809847915e-01 4.062500000000000000e-01 4.831460674157303514e-01 3.809523809523809312e-01 4.547304170905391851e-01 4.917525773195876027e-01 3.157894736842105088e-01 4.460756634669678089e-01 3.046875000000000000e-01 4.790723981900452677e-01 4.610983981693363987e-01 4.200351493848857864e-01 3.757338551859099596e-01 3.140495867768595128e-01 2.656250000000000000e-01 7.101593625498008322e-01 3.688622754491017730e-01 4.499017681728880169e-01 9.375000000000000000e-02 4.568627450980392024e-01 4.449489216799091817e-01 3.616647127784290983e-01 4.843750000000000000e-01 4.164719626168224553e-01 4.738028169014084634e-01 4.739756367663344183e-01 3.550185873605947728e-01 3.090575275397796640e-01 4.769144144144144004e-01 4.243614931237720822e-01 5.054466230936819349e-01 3.046875000000000000e-01 6.207084468664849641e-01 3.137254901960784270e-01 5.030951041080472530e-01 3.568627450980392246e-01 3.831884057971014501e-01 3.255255255255255498e-01 5.745358090185676003e-01 3.555992141453830913e-01 4.168632075471698228e-01 3.801229508196721230e-01
2.864516129032257941e-01 2.541899441340781940e-01 2.508361204013377921e-01 3.208232445520581289e-01 3.347022587268994043e-01 3.218785796105383956e-01 2.890528905289053152e-01 3.229491173416407235e-01 1.875000000000000000e-01 3.058375634517766506e-01 3.276723276723276790e-01 2.866578599735798982e-01 2.313787638668779734e-01 3.095744680851063579e-01 2.841677943166441289e-01 3.103837471783295610e-01 2.196007259528130751e-01 3.012195121951219412e-01 3.274058577405857817e-01 3.006681514476614581e-01 3.188888888888888884e-01 3.165714285714285592e-01 3.304007820136852236e-01 2.933832709113607939e-01 3.259493670886076111e-01 3.098420413122721651e-01 2.833545108005082747e-01 3.090705487122060724e-01 3.235887096774193727e-01 1.894353369763205897e-01 2.805662805662805792e-01 3.229491173416407235e-01 3.163152053274139730e-01 2.525252525252525415e-01 2.787096774193548177e-01 3.119369369369369149e-01 2.913832199546485535e-01 3.237791932059447819e-01 3.259779338014042183e-01 2.847503373819163519e-01 3.048469387755102233e-01 2.853146853146852902e-01 3.274161735700197307e-01 3.343621399176954778e-01 2.431654676258992731e-01 3.207150368033648835e-01 2.880503144654087966e-01 3.343621399176954778e-01 0.000000000000000000e+00 2.690863579474342959e-01 3.134328358208955390e-01 3.304007820136852236e-01 2.965779467680608183e-01 3.185840707964601726e-01 3.183716075156576286e-01 2.587209302325581550e-01 3.347022587268994043e-01 2.973893303064699123e-01 3.182957393483709096e-01 6.159420289855072062e-01 3.343434343434343314e-01 2.649572649572649596e-01 3.343343343343343488e-01 2.187500000000000000e-01 2.324058919803600742e-01 2.121212121212121271e-01 2.895927601809955010e-01 1.718750000000000000e-01 3.253886010362694314e-01 2.540620384047267422e-01 3.207547169811320598e-01 3.310276679841896996e-01 2.733918128654970747e-01 3.343527013251784141e-01 3.083700440528634457e-01 3.159722222222222099e-01 3.099547511312217285e-01 3.211991434689507319e-01 2.953539823008849430e-01 3.329959514170040547e-01 3.809523809523809312e-01 2.444113263785394896e-01 2.919418758256274726e-01 2.355623100303951278e-01 2.730061349693251316e-01 2.007299270072992747e-01 3.107019562715765404e-01 2.636103151862463911e-01 3.099547511312217285e-01 3.162790697674418561e-01 3.150684931506849140e-01 2.899728997289973131e-01 2.265917602996254665e-01 2.656250000000000000e-01 3.304007820136852236e-01 2.728442728442728171e-01 3.482849604221636142e-01 9.375000000000000000e-02 3.578947368421052655e-01 2.956120092378752839e-01 2.928388746803068932e-01 3.110624315443592525e-01 2.862275449101796543e-01 3.014623172103487181e-01 3.030973451327433899e-01 2.765363128491620248e-01 2.680851063829787218e-01 3.050847457627118842e-01 3.280000000000000138e-01 3.169164882226980784e-01 2.949308755760368661e-01 3.220858895705521197e-01 2.803468208092485536e-01 3.236282194848824068e-01 2.916666666666666852e-01 2.971639950678174880e-01 2.463382157123834848e-01 3.261093911248710286e-01 2.615803814713896225e-01 2.931873479318734543e-01 2.268907563025210072e-01
2.693190512624330513e-01 3.276231263383297398e-01 3.491271820448877961e-01 2.733564013840830698e-01 3.606557377049180446e-01 3.237704918032787149e-01 3.069381598793363697e-01 3.571854502087060124e-01 1.875000000000000000e-01 3.107692307692307421e-01 3.857698721511951256e-01 2.933653077537969889e-01 3.870162297128589279e-01 3.283767038413878403e-01 2.945544554455445385e-01 3.236486486486486736e-01 2.848020434227330755e-01 3.469079939668174850e-01 3.526598924088463760e-01 3.542934415145368443e-01 3.366271409749670429e-01 3.331024930747922275e-01 3.995993990986479449e-01 2.496360989810771369e-01 3.341331733653269409e-01 3.308931185944363196e-01 3.052714398111723293e-01 3.086582947785855846e-01 3.601123595505618113e-01 2.621483375959079432e-01 2.412480974124809607e-01 3.571854502087060124e-01 3.561461794019933347e-01 3.993015133876600675e-01 2.904468412942989297e-01 2.971014492753623060e-01 3.491838183108587623e-01 3.432024169184290097e-01 3.762486126526082275e-01 2.121913580246913567e-01 2.911585365853658347e-01 2.546786004882017895e-01 3.935656836461126074e-01 3.606364172068355911e-01 4.011695906432748426e-01 3.621118012422360199e-01 2.885345482156416175e-01 3.606364172068355911e-01 2.690863579474342959e-01 0.000000000000000000e+00 3.605527638190954565e-01 4.010000000000000231e-01 2.360203340595497523e-01 3.392272429600524108e-01 3.682598039215686514e-01 4.285714285714285476e-01 3.606557377049180446e-01 3.556338028169014343e-01 4.490644490644490894e-01 2.078239608801956129e-01 3.708309779536461126e-01 3.309287646528403792e-01 3.881762409369771127e-01 3.113924050632911333e-01 3.503105590062111641e-01 3.208020050125313105e-01 3.188976377952755792e-01 1.718750000000000000e-01 3.444055944055944285e-01 4.083333333333333259e-01 2.617302052785923649e-01 3.869918699186991606e-01 1.859131859131859243e-01 3.652173913043478271e-01 3.437917222963952080e-01 3.226684819605173393e-01 3.387866394001363135e-01 3.439450686641697952e-01 3.132050431320504424e-01 3.677639046538024870e-01 4.062500000000000000e-01 3.785377358490565891e-01 3.136472466081404731e-01 4.409547738693467278e-01 4.109090909090908905e-01 2.916666666666666852e-01 3.123287671232876650e-01 2.803347280334728131e-01 3.447098976109215229e-01 3.655221745350500928e-01 3.446712018140589695e-01 3.563941299790356343e-01 2.911227154046997501e-01 2.656250000000000000e-01 3.986960882647943571e-01 3.309002433090024176e-01 4.267782426778242710e-01 9.375000000000000000e-02 4.282744282744282982e-01 4.071058475203552796e-01 3.068535825545171125e-01 3.309114927344782298e-01 3.852140077821011865e-01 3.444747612551159466e-01 3.674576271186440479e-01 2.536585365853658569e-01 2.628909551986475246e-01 3.284083277367360609e-01 3.879668049792531215e-01 3.243750000000000244e-01 3.031496062992126150e-01 3.548574752763234419e-01 3.147751605995717239e-01 3.597315436241610986e-01 3.446088794926004395e-01 3.119819140919367073e-01 2.516025641025640969e-01 3.490127758420441539e-01 3.518123667377398567e-01 3.440366972477064134e-01 3.087330873308732904e-01
3.430702299564947211e-01 3.202357563850687372e-01 3.684210526315789269e-01 4.015559545182525447e-01 5.408942202835332891e-01 4.437869822485207005e-01 3.686466625842008682e-01 5.416204217536071397e-01 1.875000000000000000e-01 3.926767676767676796e-01 5.730042016806722316e-01 3.624678663239074283e-01 4.153354632587859530e-01 4.873524451939291735e-01 3.326898326898327096e-01 4.434017595307918058e-01 3.062966915688367098e-01 4.317897371714643495e-01 5.318559556786703890e-01 4.429723502304147575e-01 4.775248102743724354e-01 4.276470588235294357e-01 6.370407149950347847e-01 3.655384615384615343e-01 5.169727323316638534e-01 3.984327908378541561e-01 3.506250000000000200e-01 4.463869463869463705e-01 5.465608465608465805e-01 2.970936490850376588e-01 3.264925373134328623e-01 5.416204217536071397e-01 4.699421965317919225e-01 4.884696016771488680e-01 3.446571957998764701e-01 4.424985405720957554e-01 4.085580304806565310e-01 4.939692982456140302e-01 5.563674321503131459e-01 3.195416931890515677e-01 3.673723536737235618e-01 3.195610071013557096e-01 6.025839793281653201e-01 5.335515548281505316e-01 4.873949579831932666e-01 5.148960089938167117e-01 3.507371007371007376e-01 5.335515548281505316e-01 3.134328358208955390e-01 3.605527638190954565e-01 0.000000000000000000e+00 6.397022332506203668e-01 3.357575757575757547e-01 4.851311953352769879e-01 5.127212389380531032e-01 5.021186440677966045e-01 5.408942202835332891e-01 4.673518742442563378e-01 4.657534246575342207e-01 2.767052767052767259e-01 5.569148936170212894e-01 3.073364177131526764e-01 5.800316957210776003e-01 3.645266594124048076e-01 3.882978723404255095e-01 3.633440514469453153e-01 3.203125000000000000e-01 1.718750000000000000e-01 5.442550852116547766e-01 4.967948717948718063e-01 3.621323529411764608e-01 5.942708333333333037e-01 2.703583061889250905e-01 5.493492407809110745e-01 4.579710144927536253e-01 4.273204903677758071e-01 4.404205607476635587e-01 4.949324324324324564e-01 4.559859154929577496e-01 5.505857294994674911e-01 4.062500000000000000e-01 4.584647739221871521e-01 3.425000000000000266e-01 4.490445859872611578e-01 4.717784877529286325e-01 3.224043715846994784e-01 4.140350877192982559e-01 3.096646942800789226e-01 4.347069065583284986e-01 4.308605341246291021e-01 4.088943792464484472e-01 3.786982248520709970e-01 3.006465517241379559e-01 2.656250000000000000e-01 6.356858846918489458e-01 3.623649078194532969e-01 4.448818897637795144e-01 9.375000000000000000e-02 4.575936883629191376e-01 4.278074866310160318e-01 3.624999999999999889e-01 4.633720930232558266e-01 4.103831891223733153e-01 4.581367924528301772e-01 4.800235017626321987e-01 3.060702875399360923e-01 3.550577053632043567e-01 4.511410181392627172e-01 4.220907297830374660e-01 4.833050367855121765e-01 3.046875000000000000e-01 5.469945355191256908e-01 3.162055335968379510e-01 4.478808705612829510e-01 3.570019723865877626e-01 3.828606658446362387e-01 3.154875717017208148e-01 5.319956616052060605e-01 3.530571992110453916e-01 4.063472308649657694e-01 3.681963713980789810e-01
4.041164658634537887e-01 3.261718750000000000e-01 3.968719452590420138e-01 4.830677290836653537e-01 7.181141439205955823e-01 5.273088381330685026e-01 4.347826086956521618e-01 6.968190854870774942e-01 1.875000000000000000e-01 4.188716924613080650e-01 7.922013820335637169e-01 3.821464393179538344e-01 4.266144814090019333e-01 6.312127236580516998e-01 3.568922305764410940e-01 5.423306772908366158e-01 3.225806451612903136e-01 4.605394605394605434e-01 6.911984087518647790e-01 5.611332007952286594e-01 5.756218905472636482e-01 5.276807980049875724e-01 9.883720930232557933e-01 4.274999999999999911e-01 6.676587301587301182e-01 4.817042606516290792e-01 3.991995997998999401e-01 5.629072681704260228e-01 7.592684132476520409e-01 3.027343750000000000e-01 3.900602409638554424e-01 6.968190854870774942e-01 5.792349726775956054e-01 5.126953125000000000e-01 4.100250626566416257e-01 5.442345924453280137e-01 5.157107231920199375e-01 6.605731225296442854e-01 7.778869778869779150e-01 3.606228026117528906e-01 4.231155778894472586e-01 3.474107591754650448e-01 8.390748031496062520e-01 7.106699751861041969e-01 5.087890625000000000e-01 6.473788328387735103e-01 4.104477611940298698e-01 7.106699751861041969e-01 3.304007820136852236e-01 4.010000000000000231e-01 6.397022332506203668e-01 0.000000000000000000e+00 4.249874560963372017e-01 5.875311720698254137e-01 6.712940009915716599e-01 5.151811949069540209e-01 7.181141439205955823e-01 5.193452380952381375e-01 4.765625000000000000e-01 3.152610441767068061e-01 7.577701036013813063e-01 3.188698284561049534e-01 7.866995073891626111e-01 3.545543584720862174e-01 4.003906250000000000e-01 3.708414872798434514e-01 3.203125000000000000e-01 1.718750000000000000e-01 7.062902426944032142e-01 4.970645792563600507e-01 4.316474712068102404e-01 8.220798422868408339e-01 2.988448016072325353e-01 7.326388888888888395e-01 5.668821481849826149e-01 5.335988053758088379e-01 5.379276152702032743e-01 6.332506203473945439e-01 5.445986124876115442e-01 7.503700049333991151e-01 4.062500000000000000e-01 4.804687500000000000e-01 3.954887218045112784e-01 4.632713026444661986e-01 4.799216454456415315e-01 3.114593535749265452e-01 5.186474390850323024e-01 3.105468750000000000e-01 5.493519441674975523e-01 5.197007481296758158e-01 4.592296148074037077e-01 3.789062500000000000e-01 3.085210577864838655e-01 2.656250000000000000e-01 9.883544303797467956e-01 4.007056451612903136e-01 4.472656250000000000e-01 9.375000000000000000e-02 4.570312500000000000e-01 5.126928820308611634e-01 4.065934065934065922e-01 5.710014947683108577e-01 4.597298649324662589e-01 5.490782262082710696e-01 5.704330512692882271e-01 3.413413413413413644e-01 3.239436619718309984e-01 5.525660189337319173e-01 4.218750000000000000e-01 6.195922426653406312e-01 3.046875000000000000e-01 7.248756218905472171e-01 3.144531250000000000e-01 5.647873392680514693e-01 3.574218750000000000e-01 4.402201100550275359e-01 3.540621865596790263e-01 7.159147248388696427e-01 3.535156250000000000e-01 4.494494494494494230e-01 3.792766373411534664e-01
2.542498152254250021e-01 3.212765957446808707e-01 3.671679197994987542e-01 3.197470133520730617e-01 4.186186186186185987e-01 2.965879265091863615e-01 2.861292665214233977e-01 4.170238824249846710e-01 1.875000000000000000e-01 2.752562225475841950e-01 3.998893805309734484e-01 2.395209580838323360e-01 3.445378151260504174e-01 4.032154340836012762e-01 2.352036894696387381e-01 3.164139749505603394e-01 2.897077509529860095e-01 2.899575671852899772e-01 4.212476837554045561e-01 3.058221369161868153e-01 3.292604501607717116e-01 3.290453622207176743e-01 4.236180904522612867e-01 3.067758749069248170e-01 4.181818181818181546e-01 3.238231098430813248e-01 2.626488095238095344e-01 4.528437724982001256e-01 4.140310523289246758e-01 2.607594936708860778e-01 2.740458015267175362e-01 4.170238824249846710e-01 3.183259353202282926e-01 4.180327868852459217e-01 2.651403249630723824e-01 3.344414893617021489e-01 2.978580990629183245e-01 3.466349017272185584e-01 3.737043098745226333e-01 2.882305844675740469e-01 2.487382840663301953e-01 2.480252764612954075e-01 4.362745098039215730e-01 4.198427102238354580e-01 4.199999999999999845e-01 3.399399399399399280e-01 2.673484295105916786e-01 4.198427102238354580e-01 2.965779467680608183e-01 2.360203340595497523e-01 3.357575757575757547e-01 4.249874560963372017e-01 0.000000000000000000e+00 3.378291586384071787e-01 3.485748218527315867e-01 4.058139534883720700e-01 4.186186186186185987e-01 2.999999999999999889e-01 4.481327800829875696e-01 2.267958030669895153e-01 3.782876329043088903e-01 2.131410256410256332e-01 3.816293056314926102e-01 2.775061124694376269e-01 3.382173382173382370e-01 2.979242979242979206e-01 3.162055335968379510e-01 1.718750000000000000e-01 4.160628019323671656e-01 3.876600698486612484e-01 3.315669947009841079e-01 3.984921917070544106e-01 2.518955349620892736e-01 4.363745498199279593e-01 3.181233933161953797e-01 3.162790697674418561e-01 3.110674525212835384e-01 3.425245098039215730e-01 3.428761651131824184e-01 3.776027011817670309e-01 4.062500000000000000e-01 4.057279236276849499e-01 2.680722891566265087e-01 3.745541022592152047e-01 3.832547169811320598e-01 2.591194968553459099e-01 3.061497326203208580e-01 3.042553191489361653e-01 3.245382585751979132e-01 3.217922606924643603e-01 3.128612716763005674e-01 3.846153846153846367e-01 2.601010101010101105e-01 2.656250000000000000e-01 4.234642497482376533e-01 2.662141779788838591e-01 4.501061571125265504e-01 9.375000000000000000e-02 4.484210526315789425e-01 2.900864936793080551e-01 2.562225475841873878e-01 3.245161290322580716e-01 2.857142857142856984e-01 3.003236245954692407e-01 3.181526619627966790e-01 2.480252764612954075e-01 2.255999999999999950e-01 3.176470588235293935e-01 4.225053078556263442e-01 3.669201520912547254e-01 3.055555555555555802e-01 3.793706293706293753e-01 2.947368421052631304e-01 3.121424030514939330e-01 3.467230443974629872e-01 2.872648335745296433e-01 2.412723041117145195e-01 3.694895591647331945e-01 3.312368972746331242e-01 2.828571428571428625e-01 3.329192546583850665e-01
3.178294573643410947e-01 3.214285714285714524e-01 3.636363636363636465e-01 3.501519756838905595e-01 5.171060011217050167e-01 4.140243902439024182e-01 3.990734612839179074e-01 4.935356942102304689e-01 1.875000000000000000e-01 3.826259946949602253e-01 5.443310048361096332e-01 3.344459279038718424e-01 4.196035242290748757e-01 4.680232558139534871e-01 3.157894736842105088e-01 4.525139664804469497e-01 3.025302530253025091e-01 3.864363403710812661e-01 4.988662131519274179e-01 4.396135265700483186e-01 4.821648216482165017e-01 4.503144654088050425e-01 5.848303393213573065e-01 3.286890436985434039e-01 5.118978525827045933e-01 3.821495914519170145e-01 3.858695652173912971e-01 4.214328717639975741e-01 5.228260869565217739e-01 2.930077691453940036e-01 3.271767810026385281e-01 4.935356942102304689e-01 4.373887240356083006e-01 4.696485623003194831e-01 3.938983050847457701e-01 4.004767580452920361e-01 4.147551146931184318e-01 4.736842105263157632e-01 5.373455131649650385e-01 2.927152317880794552e-01 3.669301712779973745e-01 3.618980169971671157e-01 5.537017726798748596e-01 5.137872819358468846e-01 4.748124330117899361e-01 4.716981132075471761e-01 3.118686868686868507e-01 5.137872819358468846e-01 3.185840707964601726e-01 3.392272429600524108e-01 4.851311953352769879e-01 5.875311720698254137e-01 3.378291586384071787e-01 0.000000000000000000e+00 4.988532110091742910e-01 5.060109289617485961e-01 5.171060011217050167e-01 4.208256315465188080e-01 4.683794466403162216e-01 2.725409836065573743e-01 5.200433369447453602e-01 2.913769123783032100e-01 5.347593582887700814e-01 3.384785005512679357e-01 3.646170442286947311e-01 3.391304347826086807e-01 3.203125000000000000e-01 1.718750000000000000e-01 5.177865612648221427e-01 5.088691796008869561e-01 3.295382669196710856e-01 5.498154981549815412e-01 2.518822724161532967e-01 5.191560244308717209e-01 4.482758620689655249e-01 4.515927545284197375e-01 4.484249536751080956e-01 4.647398843930635737e-01 3.898704358068315612e-01 5.152008686210640676e-01 4.062500000000000000e-01 4.437299035369774991e-01 3.335526315789473784e-01 4.592511013215859195e-01 4.944320712694877384e-01 3.356164383561643927e-01 3.955042527339003855e-01 3.081510934393638101e-01 4.265776699029126262e-01 4.135802469135802517e-01 3.670886075949367222e-01 3.777335984095427368e-01 3.216308040770101684e-01 2.656250000000000000e-01 5.849999999999999645e-01 3.552278820375335266e-01 4.530938123752494828e-01 9.375000000000000000e-02 4.543650793650793607e-01 4.507310870947234815e-01 3.466317854807063337e-01 4.442435201928872646e-01 3.755569700827498525e-01 4.050179211469533969e-01 4.639804639804639974e-01 3.126279863481228882e-01 2.842465753424657793e-01 4.463519313304721292e-01 4.158415841584158223e-01 4.568764568764568934e-01 3.046875000000000000e-01 5.362811791383219617e-01 3.121272365805168869e-01 4.500000000000000111e-01 3.639999999999999902e-01 3.708010335917312772e-01 3.110661268556005332e-01 5.047301057317752360e-01 3.545816733067729265e-01 3.746786632390745608e-01 3.573770491803278659e-01
3.560559951308581716e-01 3.267716535433070613e-01 3.864583333333333481e-01 4.229178972238629708e-01 5.570505920344456241e-01 4.729729729729729715e-01 3.985419198055892842e-01 5.303926842388381191e-01 1.875000000000000000e-01 3.902140672782874464e-01 5.981210855949895544e-01 3.491671807526218196e-01 4.166666666666666852e-01 5.072222222222222410e-01 3.140749846342962281e-01 4.612716763005780263e-01 3.210526315789473673e-01 4.203860072376356949e-01 5.291576673866090763e-01 4.849884526558891351e-01 4.991344489324870404e-01 4.610427650849443504e-01 6.678235002478929427e-01 3.896656534954407447e-01 5.278993435448577909e-01 4.422960725075528732e-01 3.753086419753086656e-01 4.532497149372862189e-01 5.670859538784066567e-01 3.093220338983050932e-01 3.422818791946308781e-01 5.303926842388381191e-01 4.762443438914026883e-01 5.098855359001041032e-01 3.599999999999999867e-01 4.730121880441091053e-01 4.589486119314825641e-01 5.165670831070070523e-01 6.287393162393162260e-01 3.349968808484092286e-01 3.698547215496367779e-01 3.152647975077881859e-01 6.204603580562659815e-01 5.539956803455723389e-01 4.979296066252588138e-01 5.318912922906267049e-01 4.048357098574085766e-01 5.539956803455723389e-01 3.183716075156576286e-01 3.682598039215686514e-01 5.127212389380531032e-01 6.712940009915716599e-01 3.485748218527315867e-01 4.988532110091742910e-01 0.000000000000000000e+00 4.953560371517027883e-01 5.570505920344456241e-01 4.432870370370370350e-01 4.783464566929133688e-01 2.747047855811062811e-01 6.088124664159054733e-01 3.025477707006369310e-01 6.274614156466205017e-01 3.441422594142259372e-01 3.960292580982235910e-01 3.530633437175493272e-01 3.203125000000000000e-01 1.718750000000000000e-01 5.537547271745002497e-01 4.747682801235839078e-01 3.737252549490102105e-01 6.394129979035639844e-01 2.921204356181934525e-01 5.661489019817890211e-01 4.788087056128293439e-01 4.596165020337013574e-01 4.761072261072261114e-01 5.181260457334077030e-01 4.891876095850379857e-01 6.042003231017770704e-01 4.062500000000000000e-01 4.786235662148071168e-01 3.723667905824039615e-01 4.511434511434511685e-01 4.672897196261682207e-01 3.049421661409043027e-01 4.566236811254396066e-01 3.136094674556212936e-01 4.625576036866359542e-01 4.559341950646298436e-01 4.721003134796238343e-01 3.799212598425196763e-01 3.059071729957805741e-01 2.656250000000000000e-01 6.681569796323895138e-01 3.795255930087390595e-01 4.459724950884086381e-01 9.375000000000000000e-02 4.557956777996070574e-01 4.615384615384615641e-01 3.527995183624322850e-01 4.698521046643913679e-01 4.040645546921697306e-01 4.949970570924073221e-01 5.087514585764294495e-01 3.046971569839307947e-01 2.926065162907268147e-01 4.782356355194428144e-01 4.204322200392927034e-01 5.307517084282460385e-01 3.046875000000000000e-01 5.589026358257127569e-01 3.098039215686274606e-01 4.879587155963302503e-01 3.555992141453830913e-01 3.807531380753138017e-01 3.244251087632069597e-01 5.657823497563616577e-01 3.570019723865877626e-01 3.942480527261833512e-01 3.821052631578947256e-01
3.983451536643026203e-01 3.136792452830188815e-01 2.954230235783633640e-01 4.429378531073446257e-01 5.010101010101010166e-01 4.872364039955605075e-01 4.903381642512077421e-01 5.020576131687243260e-01 1.875000000000000000e-01 4.160839160839160944e-01 5.089641434262948128e-01 4.445828144458281450e-01 4.182621502209131203e-01 4.931506849315068219e-01 4.116915422885571996e-01 4.883977900552486373e-01 2.711111111111111360e-01 4.620770128354725892e-01 4.923076923076923350e-01 4.481283422459892973e-01 4.731759656652360646e-01 4.883203559510567171e-01 5.151811949069540209e-01 4.275700934579439449e-01 5.046923879040667860e-01 4.298642533936651855e-01 4.603174603174602919e-01 4.569892473118279397e-01 5.126135216952573126e-01 2.374631268436578069e-01 4.076281287246722451e-01 5.020576131687243260e-01 4.880694143167028098e-01 3.409669211195928695e-01 4.318734793187348209e-01 4.589632829373649914e-01 4.370932754880694215e-01 4.973876698014629283e-01 5.064935064935064402e-01 4.049382716049382824e-01 4.566265060240963791e-01 4.577836411609498835e-01 5.123395853899308516e-01 4.979797979797979668e-01 3.409961685823754696e-01 5.067920585161964642e-01 4.152046783625730764e-01 4.979797979797979668e-01 2.587209302325581550e-01 4.285714285714285476e-01 5.021186440677966045e-01 5.151811949069540209e-01 4.058139534883720700e-01 5.060109289617485961e-01 4.953560371517027883e-01 0.000000000000000000e+00 5.010101010101010166e-01 4.620462046204620310e-01 4.343891402714932237e-01 3.856041131105398256e-01 4.965243296921549310e-01 3.822393822393822527e-01 5.039603960396039639e-01 3.116691285081240603e-01 2.898351648351648602e-01 2.814710042432814752e-01 3.092369477911646736e-01 1.718750000000000000e-01 5.025641025641025550e-01 4.913544668587896402e-01 4.190585533869116142e-01 5.088582677165354173e-01 3.673997412677878494e-01 5.025125628140703071e-01 4.570519618239660686e-01 4.459016393442623016e-01 4.545454545454545303e-01 4.963119072708113699e-01 4.544480171489817533e-01 4.970119521912350624e-01 4.062500000000000000e-01 3.328981723237597889e-01 4.195121951219512035e-01 3.355614973262032175e-01 4.411347517730496715e-01 3.396825396825396970e-01 4.544456641053786772e-01 2.678983833718244778e-01 4.640522875816993631e-01 4.693422519509475865e-01 4.391657010428737240e-01 3.487297921478060281e-01 3.120124804992199796e-01 2.656250000000000000e-01 5.151811949069540209e-01 4.346764346764346865e-01 4.844124700239808012e-01 9.375000000000000000e-02 4.149659863945578397e-01 4.598214285714285476e-01 4.404332129963898779e-01 4.870967741935484097e-01 4.600231749710312901e-01 4.629629629629629650e-01 4.939759036144578119e-01 4.248704663212435340e-01 3.935483870967741993e-01 5.016797312430011369e-01 3.995381062355657931e-01 4.842767295597484312e-01 2.983870967741935609e-01 5.263157894736841813e-01 3.119047619047619069e-01 4.805194805194805130e-01 3.294663573085847008e-01 4.933655006031363310e-01 4.184576485461441453e-01 4.994903160040774504e-01 3.759036144578313254e-01 4.472769409038238608e-01 3.011363636363636465e-01
3.657243816254416857e-01 3.280943025540274949e-01 3.860182370820668951e-01 4.367816091954023205e-01 1.000000000000000000e+00 4.513966480446927609e-01 3.896631823461091937e-01 5.939196525515744174e-01 1.875000000000000000e-01 3.586206896551724088e-01 6.700211864406779849e-01 3.447461629279811035e-01 4.269662921348314488e-01 5.474613686534216539e-01 3.339317773788150756e-01 4.696969696969697239e-01 3.116751269035533123e-01 4.295733489187609777e-01 5.990153172866520270e-01 4.860491071428571508e-01 4.856353591160221250e-01 4.588036117381489865e-01 7.171968190854870473e-01 3.819767441860464907e-01 6.875365710942071829e-01 4.233199310740953236e-01 3.657243816254416857e-01 5.085714285714285632e-01 6.046875000000000444e-01 3.083247687564234507e-01 3.702153110047846640e-01 5.939196525515744174e-01 4.832509610104338549e-01 5.137334689725330250e-01 3.654970760233918203e-01 4.736547085201793794e-01 4.493491794001132078e-01 5.278219395866454722e-01 6.193914388860237707e-01 3.248218527315914761e-01 4.486153846153846381e-01 3.702551337896701766e-01 6.653040367910066921e-01 9.899463806970509872e-01 5.081300813008130524e-01 5.581649371927908110e-01 3.553766532489937013e-01 9.899463806970509872e-01 3.347022587268994043e-01 3.606557377049180446e-01 5.408942202835332891e-01 7.181141439205955823e-01 4.186186186186185987e-01 5.171060011217050167e-01 5.570505920344456241e-01 5.010101010101010166e-01 0.000000000000000000e+00 4.645892351274787391e-01 4.735812133072406782e-01 2.772808586762074978e-01 6.143380429094714712e-01 2.937613567534827497e-01 6.392503904216554345e-01 3.531218014329580157e-01 3.995922528032619936e-01 3.617886178861788871e-01 3.203125000000000000e-01 1.718750000000000000e-01 6.963979416809605860e-01 5.066666666666667096e-01 3.794901506373117295e-01 6.584234930448222833e-01 2.791262135922329968e-01 9.796454366382140178e-01 4.883073496659242618e-01 4.485253199777406996e-01 4.585881045025013703e-01 5.304678998911860344e-01 4.644839067702552504e-01 6.081718177056050223e-01 4.062500000000000000e-01 4.862104187946884593e-01 3.841536614645858494e-01 4.533468559837728340e-01 4.902363823227132711e-01 3.148148148148148251e-01 4.496342149690489842e-01 3.046875000000000000e-01 4.816901408450704469e-01 4.638176638176638167e-01 4.221574344023323877e-01 3.757338551859099596e-01 3.130792996910401471e-01 2.656250000000000000e-01 7.176294820717131762e-01 3.696428571428571619e-01 4.499017681728880169e-01 9.375000000000000000e-02 4.568627450980392024e-01 4.460756634669678089e-01 3.648569760653823657e-01 4.861111111111111049e-01 4.169570267131242902e-01 4.764309764309764272e-01 4.757442116868798032e-01 3.567467652495379116e-01 3.110164333536214465e-01 4.811903425042111104e-01 4.243614931237720822e-01 5.070498915401301376e-01 3.046875000000000000e-01 6.262241566920565550e-01 3.137254901960784270e-01 5.081414935429533486e-01 3.568627450980392246e-01 3.854587420657819008e-01 3.249850924269528929e-01 5.791424033880360200e-01 3.555992141453830913e-01 4.198473282442747867e-01 3.803680981595092270e-01
3.150684931506849140e-01 3.238289205702647444e-01 3.652762119503946137e-01 3.502570694087403513e-01 4.645892351274787391e-01 3.847607052896725444e-01 3.275632490013315468e-01 4.488863506567675743e-01 1.875000000000000000e-01 4.343065693430657181e-01 4.806451612903225867e-01 3.223082336382829260e-01 3.963963963963963999e-01 4.105571847507331618e-01 3.697604790419161680e-01 3.927227101631116657e-01 2.912400455062570948e-01 3.784511784511784271e-01 4.431103487707261368e-01 4.247954688483323027e-01 4.049079754601226933e-01 3.748427672955974566e-01 5.203980099502487633e-01 3.284083277367360609e-01 4.464493597206053432e-01 4.162125340599455159e-01 3.278008298755186734e-01 3.698044009779951069e-01 4.776859504132231482e-01 2.871972318339100494e-01 2.914675767918088467e-01 4.488863506567675743e-01 4.551201011378002703e-01 4.642464246424642393e-01 3.888091822094691397e-01 3.894080996884735080e-01 4.038961038961039196e-01 4.234957020057306676e-01 4.896739130434782372e-01 2.874209416725228561e-01 3.633193863319386097e-01 2.943287867910983624e-01 5.108293713681986148e-01 4.635535307517084092e-01 4.582417582417582236e-01 4.836759371221281967e-01 3.238674780256930452e-01 4.635535307517084092e-01 2.973893303064699123e-01 3.556338028169014343e-01 4.673518742442563378e-01 5.193452380952381375e-01 2.999999999999999889e-01 4.208256315465188080e-01 4.432870370370370350e-01 4.620462046204620310e-01 4.645892351274787391e-01 0.000000000000000000e+00 4.598393574297188757e-01 2.575757575757575690e-01 4.645583424209378531e-01 2.885756676557863498e-01 4.816810344827586188e-01 3.283922462941847309e-01 3.678290213723284796e-01 3.232662192393735978e-01 3.203125000000000000e-01 1.718750000000000000e-01 4.574347332576617631e-01 4.307524536532170156e-01 3.186959414504324517e-01 4.952279957582184644e-01 2.465353756382202832e-01 4.704890387858347567e-01 4.347003154574132222e-01 4.101087651951375590e-01 4.843228819212808678e-01 4.559710494571773132e-01 3.887166769993800619e-01 4.619594964422550354e-01 4.062500000000000000e-01 4.406215316315205133e-01 3.592302209550962133e-01 4.434389140271493002e-01 4.366666666666666474e-01 2.796803652968036791e-01 3.813451776649746106e-01 3.102040816326530615e-01 4.687294272547729013e-01 3.883557261676263694e-01 3.774476704929101700e-01 3.816326530612245138e-01 3.230769230769230949e-01 2.656250000000000000e-01 5.196811160936721796e-01 3.319327731092436840e-01 4.297188755020080464e-01 9.375000000000000000e-02 4.397590361445782858e-01 3.867864015394483768e-01 3.919597989949748507e-01 4.314465408805031599e-01 4.124567474048442817e-01 4.090909090909091161e-01 4.053053670573719680e-01 2.796309439318665491e-01 2.961595273264401862e-01 3.872366790582403850e-01 4.064386317907444646e-01 4.175104228707564036e-01 3.046875000000000000e-01 4.509803921568627527e-01 3.196721311475410054e-01 3.970678069639584362e-01 3.619631901840490995e-01 3.328894806924101446e-01 2.828993666432090270e-01 4.723646723646723888e-01 3.634496919917864499e-01 3.790983606557377095e-01 3.434684684684684575e-01
4.418604651162790775e-01 2.568807339449541427e-01 4.079601990049750992e-01 4.604462474645030223e-01 4.735812133072406782e-01 4.759036144578313032e-01 4.451219512195122019e-01 4.774066797642436133e-01 1.904761904761904656e-01 4.396728016359918167e-01 4.765625000000000000e-01 4.414225941422594279e-01 4.299287410926365682e-01 4.694280078895463615e-01 4.367088607594936667e-01 4.693069306930692797e-01 3.598971722365038595e-01 4.687500000000000000e-01 4.783464566929133688e-01 4.671968190854871028e-01 4.702380952380952328e-01 4.711729622266401796e-01 4.765625000000000000e-01 4.558521560574948506e-01 4.745098039215686070e-01 4.657258064516128782e-01 4.368530020703933481e-01 4.858299595141700178e-01 4.774951076320939070e-01 5.074626865671642006e-01 4.978165938864628770e-01 4.774066797642436133e-01 4.695481335952848556e-01 5.143540669856458969e-01 4.545454545454545303e-01 4.719999999999999751e-01 4.689378757515030305e-01 4.754420432220039516e-01 4.746093750000000000e-01 4.446808510638297629e-01 4.502074688796680602e-01 4.545454545454545303e-01 4.765625000000000000e-01 4.735812133072406782e-01 5.219512195121951414e-01 4.745098039215686070e-01 4.648760330578512456e-01 4.735812133072406782e-01 3.182957393483709096e-01 4.490644490644490894e-01 4.657534246575342207e-01 4.765625000000000000e-01 4.481327800829875696e-01 4.683794466403162216e-01 4.783464566929133688e-01 4.343891402714932237e-01 4.735812133072406782e-01 4.598393574297188757e-01 0.000000000000000000e+00 4.225663716814159199e-01 4.774951076320939070e-01 4.017278617710582922e-01 4.774951076320939070e-01 3.759398496240601295e-01 5.655737704918032405e-01 3.300970873786407966e-01 2.857142857142856984e-01 1.746031746031745935e-01 4.745098039215686070e-01 4.441913439635535310e-01 4.469387755102040560e-01 4.765625000000000000e-01 4.118942731277532854e-01 4.755381604696672926e-01 4.661354581673306519e-01 4.650698602794411385e-01 4.581673306772908183e-01 4.724409448818897572e-01 4.731610337972166902e-01 4.774951076320939070e-01 3.902439024390244038e-01 4.831730769230769273e-01 4.453781512605042292e-01 3.931034482758620774e-01 4.502369668246445356e-01 3.368700265251989290e-01 4.616935483870967527e-01 2.438271604938271608e-01 4.680000000000000271e-01 4.640000000000000235e-01 4.629629629629629650e-01 3.035714285714285476e-01 3.552631578947368363e-01 2.698412698412698263e-01 4.765625000000000000e-01 4.351464435146443765e-01 3.249299719887955296e-01 9.523809523809523281e-02 3.168044077134986036e-01 4.745417515274948927e-01 4.474226804123711543e-01 4.780876494023904577e-01 4.453441295546558543e-01 4.603174603174602919e-01 4.701195219123506241e-01 4.622222222222222010e-01 4.352678571428571508e-01 4.749498997995991734e-01 2.994350282485875869e-01 4.763779527559054983e-01 3.168316831683168355e-01 4.784313725490196290e-01 2.423312883435582710e-01 4.653465346534653713e-01 2.861445783132530174e-01 4.498977505112474184e-01 4.434782608695652106e-01 4.774066797642436133e-01 2.878787878787879007e-01 4.523326572008113389e-01 4.973118279569892497e-01
2.156378600823045388e-01 2.892938496583143393e-01 3.114754098360655865e-01 2.513207547169811207e-01 2.772808586762074978e-01 2.533904354032833761e-01 2.358565737051792899e-01 2.783882783882783984e-01 1.875000000000000000e-01 2.303961196443007342e-01 2.881828316610925422e-01 2.097725358045492705e-01 3.099337748344370702e-01 2.690815006468305071e-01 2.071366405570060909e-01 2.593905031892275170e-01 2.774566473988439030e-01 2.501948558067030315e-01 2.814039408866995107e-01 2.541322314049586639e-01 2.642026009582477686e-01 2.566690699351117377e-01 3.143863179074446457e-01 2.319422150882824996e-01 2.875157629255989944e-01 2.613723978411719440e-01 2.236951118475559164e-01 2.697740112994350126e-01 2.867816091954022983e-01 2.572674418604651292e-01 1.995033112582781376e-01 2.783882783882783984e-01 2.493279569892473124e-01 3.670886075949367222e-01 2.267871815940838143e-01 2.611150317572336066e-01 2.366906474820143769e-01 2.684897451833436754e-01 3.041997729852440324e-01 2.078260869565217439e-01 2.203389830508474534e-01 2.285456187895212321e-01 3.064864864864864646e-01 2.774774774774774744e-01 3.620253164556961889e-01 2.792620865139949227e-01 2.188254223652453812e-01 2.774774774774774744e-01 6.159420289855072062e-01 2.078239608801956129e-01 2.767052767052767259e-01 3.152610441767068061e-01 2.267958030669895153e-01 2.725409836065573743e-01 2.747047855811062811e-01 3.856041131105398256e-01 2.772808586762074978e-01 2.575757575757575690e-01 4.225663716814159199e-01 0.000000000000000000e+00 3.017991874637260818e-01 2.026022304832713616e-01 3.033898305084745672e-01 2.855133614627285432e-01 3.219178082191780921e-01 3.016759776536312998e-01 3.119999999999999996e-01 1.718750000000000000e-01 2.925790754257907578e-01 3.585147247119078173e-01 2.351524879614767249e-01 3.024657534246575352e-01 1.932139491046182822e-01 2.782352941176470806e-01 2.575549450549450281e-01 2.533807829181494720e-01 2.444134078212290562e-01 2.634615384615384692e-01 2.505219206680584509e-01 2.991253644314869065e-01 4.062500000000000000e-01 3.474903474903475176e-01 2.302521008403361213e-01 3.174807197943444459e-01 3.692509855453350864e-01 2.554112554112554223e-01 2.528901734104046506e-01 2.768878718535469075e-01 2.573839662447257592e-01 2.670579603815113612e-01 2.525490196078431504e-01 3.507972665148063607e-01 2.528901734104046506e-01 2.656250000000000000e-01 3.133501259445843901e-01 2.168473728106755649e-01 3.955555555555555491e-01 9.375000000000000000e-02 4.035476718403547824e-01 2.565789473684210731e-01 2.123176661264181420e-01 2.580645161290322509e-01 2.378001549186677110e-01 2.572030920590301917e-01 2.568493150684931781e-01 2.078152753108348239e-01 1.894832275611967320e-01 2.719546742209631995e-01 3.666666666666666408e-01 2.844827586206896686e-01 3.117408906882591091e-01 2.879424115176964505e-01 2.785388127853881124e-01 2.501694915254237261e-01 3.348623853211009083e-01 2.422310756972111678e-01 2.000000000000000111e-01 2.874323511725796476e-01 3.063063063063062863e-01 2.380204241948153943e-01 3.101529902642559122e-01
3.711048158640226635e-01 3.268101761252446003e-01 3.931795386158475347e-01 4.291208791208790951e-01 6.143380429094714712e-01 4.716466739367502492e-01 4.098360655737705027e-01 5.892203035060178395e-01 1.875000000000000000e-01 3.902989283699943579e-01 6.721479958890030915e-01 3.501702610669693572e-01 4.165834165834165770e-01 5.460351250665247402e-01 3.375430539609644010e-01 4.977973568281938155e-01 3.235887096774193727e-01 4.446965399886557146e-01 5.882352941176470784e-01 5.079105291871249817e-01 5.130151843817787327e-01 4.766355140186915862e-01 7.569169960474307901e-01 3.805013927576601507e-01 5.936999466097170330e-01 4.248618784530386883e-01 3.828571428571428403e-01 4.872490504612045359e-01 6.385169927909372101e-01 3.044354838709677491e-01 3.514124293785310660e-01 5.892203035060178395e-01 5.113268608414239802e-01 5.074925074925075164e-01 3.708497467642093426e-01 4.845024469820554680e-01 4.699061292103809961e-01 5.746701846965699412e-01 6.569529652351737692e-01 3.182589033352176133e-01 3.893604980192416631e-01 3.428571428571428603e-01 6.952573158425832123e-01 6.064887493458922529e-01 5.095285857572717791e-01 5.721128259712613406e-01 3.887005649717514277e-01 6.064887493458922529e-01 3.343434343434343314e-01 3.708309779536461126e-01 5.569148936170212894e-01 7.577701036013813063e-01 3.782876329043088903e-01 5.200433369447453602e-01 6.088124664159054733e-01 4.965243296921549310e-01 6.143380429094714712e-01 4.645583424209378531e-01 4.774951076320939070e-01 3.017991874637260818e-01 0.000000000000000000e+00 3.174322732626619348e-01 9.613759806879903502e-01 3.524672708962739431e-01 4.010050251256281340e-01 3.664658634538152659e-01 3.203125000000000000e-01 1.718750000000000000e-01 6.164383561643835829e-01 4.855433698903290352e-01 3.835005574136008955e-01 9.224088013896930560e-01 2.754041570438798825e-01 6.229166666666666741e-01 4.970318402590394036e-01 4.687669744703965025e-01 4.785675529028757258e-01 5.566239316239316448e-01 4.786832164058283934e-01 9.905838041431261898e-01 4.062500000000000000e-01 4.789579158316633056e-01 3.793696275071632984e-01 4.642497482376636286e-01 4.724724724724724823e-01 3.081570996978851840e-01 4.921962095875139220e-01 3.111545988258316853e-01 4.722371967654986347e-01 4.784053156146179653e-01 4.277684092186621601e-01 3.796477495107631883e-01 3.090909090909090828e-01 2.656250000000000000e-01 7.548195748887790435e-01 3.860357761107905405e-01 4.453125000000000000e-01 9.375000000000000000e-02 4.550781250000000000e-01 4.578313253012047945e-01 3.779661016949152352e-01 5.086956521739129933e-01 4.171779141104294264e-01 5.135734072022161145e-01 5.382059800664451554e-01 3.452102803738317793e-01 3.080046403712297098e-01 5.293132328308207679e-01 4.227005870841487045e-01 5.425816818425280852e-01 3.046875000000000000e-01 6.186485070717653301e-01 3.150684931506849140e-01 5.105691056910569570e-01 3.554687500000000000e-01 4.232081911262798868e-01 3.396770472895040416e-01 6.205990541250656634e-01 3.542074363992172015e-01 4.215575620767494369e-01 3.778894472361808976e-01
2.319932998324958084e-01 3.149425287356321657e-01 2.901484480431849033e-01 2.402402402402402382e-01 2.937613567534827497e-01 2.801755669348939271e-01 2.726523887973640869e-01 2.968944099378881818e-01 1.875000000000000000e-01 2.750210260723296996e-01 3.059490084985835856e-01 2.859712230215827322e-01 3.548830811554332665e-01 2.709551656920077822e-01 2.577413479052823586e-01 2.917578409919766580e-01 2.376933895921237716e-01 3.141447368421052544e-01 2.896208825357364791e-01 3.066954643628509447e-01 2.992237120677487816e-01 2.743947175348496192e-01 3.206686930091185439e-01 2.320709105560032348e-01 2.894236858771374044e-01 2.764291307752544946e-01 2.659208261617900249e-01 2.496513249651325095e-01 2.990110529377544846e-01 2.370689655172413812e-01 2.115869017632241722e-01 2.968944099378881818e-01 3.245175125089349577e-01 3.603034134007585543e-01 2.591024555461473589e-01 2.551092318534178838e-01 3.056402439024390461e-01 2.766624843161856750e-01 3.074729035938391086e-01 1.994796183868169925e-01 2.477216238608119236e-01 2.309090909090908972e-01 3.409343715239154804e-01 2.948717948717948789e-01 3.552465233881162976e-01 3.036410923276983143e-01 2.268292682926829340e-01 2.948717948717948789e-01 2.649572649572649596e-01 3.309287646528403792e-01 3.073364177131526764e-01 3.188698284561049534e-01 2.131410256410256332e-01 2.913769123783032100e-01 3.025477707006369310e-01 3.822393822393822527e-01 2.937613567534827497e-01 2.885756676557863498e-01 4.017278617710582922e-01 2.026022304832713616e-01 3.174322732626619348e-01 0.000000000000000000e+00 3.315972222222222099e-01 3.131313131313131493e-01 2.882037533512064598e-01 3.144475920679886682e-01 3.252032520325203180e-01 1.718750000000000000e-01 2.928615009151921966e-01 3.835078534031413633e-01 2.166666666666666741e-01 3.223647518126045997e-01 1.808809746954076758e-01 2.952779438135086920e-01 2.980085348506401055e-01 2.800875273522975828e-01 2.786177105831533218e-01 2.944664031620553568e-01 2.428868841082581498e-01 3.179122182680901298e-01 4.062500000000000000e-01 3.423423423423423428e-01 2.914083259521700886e-01 5.683563748079877298e-01 3.693931398416886447e-01 3.022556390977443885e-01 2.838038632986626952e-01 2.789115646258503167e-01 2.857142857142856984e-01 3.197852760736196176e-01 3.380992430613961042e-01 3.311111111111111338e-01 2.785185185185184986e-01 2.656250000000000000e-01 3.209751142712036764e-01 3.785578747628083329e-01 4.120267260579064672e-01 9.375000000000000000e-02 4.168514412416851611e-01 2.918552036199095201e-01 2.584459459459459429e-01 3.181818181818181768e-01 3.049180327868852292e-01 3.139277818717760016e-01 4.047619047619047672e-01 2.154398563734290784e-01 2.642787996127783368e-01 2.877697841726618577e-01 3.648351648351648158e-01 2.604438642297650097e-01 2.879999999999999782e-01 2.960048426150120870e-01 3.349056603773584717e-01 3.044712562100780895e-01 3.486238532110091937e-01 3.183361629881154564e-01 2.367236723672367371e-01 3.066095471236230385e-01 3.471264367816092045e-01 2.943116240725474064e-01 2.814207650273223837e-01
3.784683684794672431e-01 3.268101761252446003e-01 3.926441351888668163e-01 4.397622906537007048e-01 6.392503904216554345e-01 4.846856528747984783e-01 4.109211252068394882e-01 6.067357512953367449e-01 1.875000000000000000e-01 4.042198778456412844e-01 6.937212863705972676e-01 3.579766536964980594e-01 4.228855721393035005e-01 5.601681555438781102e-01 3.411764705882353033e-01 5.056787452677122818e-01 3.236763236763236518e-01 4.537861915367483179e-01 6.058242329693187544e-01 5.228863758750673663e-01 5.253874933190807450e-01 4.800861141011840694e-01 7.858904785397138326e-01 3.867975995635570263e-01 6.115221987315010432e-01 4.332971800433839671e-01 3.838440111420612921e-01 5.000000000000000000e-01 6.612077789150460072e-01 3.033932135728543145e-01 3.569060773480662863e-01 6.067357512953367449e-01 5.228480340063762499e-01 5.074331020812685722e-01 3.758943313153549903e-01 4.933190807055050642e-01 4.791101465002712834e-01 5.866736074960957614e-01 6.776649746192893176e-01 3.244886677722498836e-01 4.017807456872565242e-01 3.433598183881952370e-01 7.249370277078085456e-01 6.314419573138989605e-01 5.094527363184079283e-01 5.909330521876647868e-01 3.956834532374100544e-01 6.314419573138989605e-01 3.343343343343343488e-01 3.881762409369771127e-01 5.800316957210776003e-01 7.866995073891626111e-01 3.816293056314926102e-01 5.347593582887700814e-01 6.274614156466205017e-01 5.039603960396039639e-01 6.392503904216554345e-01 4.816810344827586188e-01 4.774951076320939070e-01 3.033898305084745672e-01 9.613759806879903502e-01 3.315972222222222099e-01 0.000000000000000000e+00 3.509471585244267056e-01 4.017946161515453807e-01 3.661691542288557089e-01 3.203125000000000000e-01 1.718750000000000000e-01 6.355091383812010442e-01 4.915590863952333800e-01 3.904969961769524933e-01 9.205448354143018763e-01 2.798423423423423428e-01 6.485225505443235061e-01 5.071694105151354215e-01 4.770544290288153411e-01 4.994623655913978388e-01 5.706751054852320371e-01 4.922831293241085593e-01 9.523234761617380695e-01 4.062500000000000000e-01 4.761904761904761640e-01 3.913288288288288563e-01 4.645354645354645151e-01 4.741550695825049733e-01 3.083832335329341201e-01 4.986331328594860723e-01 3.111545988258316853e-01 4.874933475252793968e-01 4.907306434023991359e-01 4.402654867256637350e-01 3.796477495107631883e-01 3.093093093093093326e-01 2.656250000000000000e-01 7.838104639684106978e-01 4.035287421741605152e-01 4.453125000000000000e-01 9.375000000000000000e-02 4.550781250000000000e-01 4.695417789757412308e-01 3.813465783664459208e-01 5.268817204301075030e-01 4.344713656387665379e-01 5.278688524590163800e-01 5.555555555555555802e-01 3.479498861047836122e-01 3.123938879456706341e-01 5.392641405820977063e-01 4.227005870841487045e-01 5.552033808769148981e-01 3.046875000000000000e-01 6.358921161825725754e-01 3.150684931506849140e-01 5.270487412961970541e-01 3.554687500000000000e-01 4.255555555555555758e-01 3.425196850393700809e-01 6.378772112382934401e-01 3.542074363992172015e-01 4.381959910913140188e-01 3.761194029850746245e-01
3.182406209573092060e-01 2.826086956521738913e-01 2.439418416801292511e-01 3.094117647058823306e-01 3.531218014329580157e-01 3.273137697516930178e-01 3.112745098039215730e-01 3.471933471933472126e-01 1.875000000000000000e-01 2.991347342398022469e-01 3.564257028112449710e-01 3.315508021390374260e-01 3.098360655737704694e-01 3.401069518716577367e-01 2.998661311914324057e-01 3.322072072072072002e-01 2.111692844677137970e-01 3.264311814859927052e-01 3.546694648478488920e-01 3.355780022446689381e-01 3.155603917301414429e-01 3.176206509539842848e-01 3.545543584720862174e-01 3.192019950124688199e-01 3.491561181434599259e-01 3.381995133819951094e-01 3.196930946291560161e-01 3.160220994475138045e-01 3.498483316481294514e-01 1.904761904761904656e-01 2.840909090909091161e-01 3.471933471933472126e-01 3.452115812917594395e-01 2.787356321839080664e-01 2.839036755386565303e-01 3.427601809954751166e-01 3.298969072164948391e-01 3.557692307692307820e-01 3.548387096774193727e-01 3.251700680272108790e-01 3.095238095238095344e-01 3.290960451977401058e-01 3.531157270029673390e-01 3.528205128205127994e-01 2.603129445234708128e-01 3.509513742071881381e-01 2.977667493796525844e-01 3.528205128205127994e-01 2.187500000000000000e-01 3.113924050632911333e-01 3.645266594124048076e-01 3.545543584720862174e-01 2.775061124694376269e-01 3.384785005512679357e-01 3.441422594142259372e-01 3.116691285081240603e-01 3.531218014329580157e-01 3.283922462941847309e-01 3.759398496240601295e-01 2.855133614627285432e-01 3.524672708962739431e-01 3.131313131313131493e-01 3.509471585244267056e-01 0.000000000000000000e+00 2.459807073954984047e-01 5.050709939148072536e-01 2.974137931034482873e-01 1.718750000000000000e-01 3.552083333333333481e-01 3.673469387755102233e-01 3.383270911360798938e-01 3.554455445544554282e-01 3.036496350364963348e-01 3.526422764227642448e-01 3.355408388520971230e-01 3.245714285714285663e-01 3.140311804008908414e-01 3.447537473233404648e-01 3.196902654867256888e-01 3.538928210313447842e-01 3.968253968253968034e-01 2.658788774002954214e-01 3.054830287206266592e-01 2.905718701700154560e-01 3.168469860896445112e-01 2.454212454212454098e-01 3.238312428734321791e-01 3.107344632768361814e-01 3.393870601589103475e-01 3.387470997679814522e-01 3.391304347826086807e-01 2.894056847545219413e-01 2.583643122676579917e-01 2.656250000000000000e-01 3.545543584720862174e-01 2.944942381562100087e-01 3.553299492385786906e-01 9.375000000000000000e-02 3.441396508728179482e-01 3.271461716937354991e-01 3.159235668789808771e-01 3.454746136865342043e-01 3.268765133171913084e-01 3.474285714285714199e-01 3.528748590755355075e-01 3.276595744680850797e-01 2.992907801418439595e-01 3.451428571428571401e-01 3.603133159268929742e-01 3.376068376068376287e-01 2.801724137931034253e-01 3.542739443872296445e-01 3.429394812680115479e-01 3.543307086614173040e-01 2.910052910052909891e-01 3.145654834761321683e-01 3.051771117166212632e-01 3.474226804123711210e-01 4.127906976744186163e-01 3.411619283065512875e-01 2.188006482982171874e-01
3.341645885286783080e-01 3.018372703412073310e-01 2.592024539877300637e-01 3.582263710618436292e-01 3.995922528032619936e-01 3.755605381165919021e-01 3.361144219308700998e-01 4.223864836325237349e-01 1.875000000000000000e-01 3.341404358353510795e-01 4.090452261306532500e-01 3.423076923076923128e-01 2.724550898203592642e-01 3.828207847295864164e-01 3.272727272727272707e-01 3.711111111111111138e-01 2.521008403361344463e-01 3.603818615751789856e-01 4.186046511627907196e-01 3.773584905660377631e-01 3.680781758957654692e-01 3.671875000000000000e-01 4.003906250000000000e-01 3.361445783132530063e-01 3.955928646379853197e-01 3.509389671361502483e-01 3.191230207064555402e-01 4.145785876993166030e-01 3.957703927492446927e-01 6.651376146788990917e-01 5.278969957081545150e-01 4.223864836325237349e-01 3.655097613882863361e-01 6.336805555555555802e-01 3.400503778337531369e-01 3.770856507230255783e-01 3.587443946188340615e-01 3.793103448275861878e-01 3.977955911823647384e-01 3.124199743918053551e-01 3.547589616810877811e-01 3.514986376021798642e-01 4.021739130434782705e-01 3.979591836734693855e-01 6.239168110918543730e-01 3.858185610010427258e-01 3.695380774032459570e-01 3.979591836734693855e-01 2.324058919803600742e-01 3.503105590062111641e-01 3.882978723404255095e-01 4.003906250000000000e-01 3.382173382173382370e-01 3.646170442286947311e-01 3.960292580982235910e-01 2.898351648351648602e-01 3.995922528032619936e-01 3.678290213723284796e-01 5.655737704918032405e-01 3.219178082191780921e-01 4.010050251256281340e-01 2.882037533512064598e-01 4.017946161515453807e-01 2.459807073954984047e-01 0.000000000000000000e+00 2.607313195548489615e-01 3.013100436681222516e-01 1.718750000000000000e-01 4.010362694300518283e-01 3.078014184397163122e-01 3.416965352449223281e-01 4.031620553359683834e-01 2.861035422343324308e-01 3.987854251012145634e-01 3.751363140676117758e-01 3.489409141583054708e-01 3.587196467991169979e-01 3.801478352692713725e-01 3.492407809110629202e-01 3.997985901309163981e-01 4.015748031496063075e-01 5.547945205479452024e-01 3.203517587939698763e-01 2.693409742120344008e-01 3.182481751824817739e-01 2.431972789115646183e-01 3.694915254237288171e-01 2.774869109947644130e-01 3.647450110864745021e-01 3.646659116647791854e-01 3.569711538461538547e-01 4.289617486338797581e-01 2.255892255892255893e-01 2.656250000000000000e-01 4.003906250000000000e-01 3.291614518147684687e-01 3.543689320388349606e-01 9.375000000000000000e-02 3.799019607843137081e-01 3.672768878718535301e-01 3.300613496932515156e-01 3.819368879216539781e-01 3.525943396226415283e-01 3.835770528683914438e-01 3.732162458836443264e-01 3.557692307692307820e-01 2.945113788487282447e-01 3.736017897091722384e-01 3.557213930348258613e-01 3.832271762208068200e-01 3.243243243243243423e-01 3.910386965376781987e-01 2.793733681462141072e-01 3.715846994535519365e-01 3.403141361256544761e-01 3.297872340425531679e-01 3.002577319587628746e-01 3.843017329255861148e-01 3.110539845758354960e-01 3.302107728337236314e-01 5.009345794392523477e-01
3.450064850843060915e-01 2.661290322580645018e-01 2.141756548536209448e-01 3.135888501742160051e-01 3.617886178861788871e-01 3.325892857142856984e-01 3.108433734939758941e-01 3.546391752577319756e-01 1.875000000000000000e-01 3.181257706535141616e-01 3.744979919678714797e-01 3.033419023136246784e-01 3.156199677938808512e-01 3.435517970401691379e-01 2.844155844155843993e-01 3.300110741971207240e-01 1.886477462437395614e-01 3.178571428571428381e-01 3.564766839378238350e-01 3.588301462317210477e-01 3.366013071895425091e-01 3.185840707964601726e-01 3.708414872798434514e-01 3.074119076549210461e-01 3.609653725078698638e-01 3.373205741626794096e-01 3.174404015056461748e-01 3.300330033003300301e-01 3.666666666666666408e-01 2.052173913043478237e-01 2.905236907730673335e-01 3.546391752577319756e-01 3.457738748627881553e-01 2.681564245810055813e-01 3.184143222506393700e-01 3.374028856825749267e-01 3.520642201834862650e-01 3.619047619047618958e-01 3.716012084592145159e-01 3.069828722002634902e-01 3.404791929382093296e-01 2.994579945799458187e-01 3.695652173913043237e-01 3.601220752797558711e-01 2.608089260808926224e-01 3.599160545645330722e-01 3.250311332503113548e-01 3.601220752797558711e-01 2.121212121212121271e-01 3.208020050125313105e-01 3.633440514469453153e-01 3.708414872798434514e-01 2.979242979242979206e-01 3.391304347826086807e-01 3.530633437175493272e-01 2.814710042432814752e-01 3.617886178861788871e-01 3.232662192393735978e-01 3.300970873786407966e-01 3.016759776536312998e-01 3.664658634538152659e-01 3.144475920679886682e-01 3.661691542288557089e-01 5.050709939148072536e-01 2.607313195548489615e-01 0.000000000000000000e+00 3.185840707964601726e-01 1.718750000000000000e-01 3.654244306418219512e-01 2.940320232896652120e-01 3.710691823899370800e-01 3.665024630541872108e-01 2.921985815602836656e-01 3.612512613521695060e-01 3.524229074889868030e-01 3.375000000000000222e-01 3.340757238307349719e-01 3.582089552238805763e-01 3.366445916114790271e-01 3.679435483870967527e-01 4.079999999999999738e-01 2.571839080459770166e-01 3.001277139208173850e-01 2.865761689291100867e-01 2.737920937042459535e-01 2.353982300884955858e-01 3.291995490417136683e-01 2.969187675070028010e-01 3.415453527435610148e-01 3.564814814814814548e-01 3.414932680538555476e-01 2.704081632653061451e-01 2.192982456140350755e-01 2.656250000000000000e-01 3.708414872798434514e-01 3.125000000000000000e-01 3.258706467661691697e-01 9.375000000000000000e-02 3.416458852867830243e-01 3.325688073394495459e-01 3.055900621118012306e-01 3.445652173913043570e-01 3.341317365269461104e-01 3.695652173913043237e-01 3.488372093023255904e-01 3.015006821282401051e-01 3.210749646393210588e-01 3.457207207207207422e-01 3.333333333333333148e-01 3.612004287245444978e-01 3.125000000000000000e-01 3.671794871794871740e-01 3.061797752808989026e-01 3.487858719646799166e-01 2.616580310880828875e-01 3.300852618757612600e-01 3.030707610146862740e-01 3.561924257932446158e-01 2.967914438502674002e-01 3.273164861612515297e-01 2.222222222222222099e-01
3.110236220472440971e-01 2.032967032967032961e-01 3.148936170212766061e-01 3.241106719367589095e-01 3.203125000000000000e-01 3.203125000000000000e-01 3.215686274509804154e-01 3.203125000000000000e-01 1.754385964912280604e-01 3.228346456692913202e-01 3.203125000000000000e-01 3.134920634920634885e-01 3.112033195020746934e-01 3.203125000000000000e-01 3.188976377952755792e-01 3.203125000000000000e-01 3.198198198198198283e-01 3.228346456692913202e-01 3.203125000000000000e-01 3.203125000000000000e-01 3.203125000000000000e-01 3.203125000000000000e-01 3.203125000000000000e-01 3.228346456692913202e-01 3.203125000000000000e-01 3.203125000000000000e-01 3.201581027667984025e-01 3.203125000000000000e-01 3.203125000000000000e-01 3.014354066985646119e-01 3.266932270916334535e-01 3.203125000000000000e-01 3.203125000000000000e-01 3.208333333333333592e-01 3.228346456692913202e-01 3.203125000000000000e-01 3.203125000000000000e-01 3.215686274509804154e-01 3.203125000000000000e-01 3.214285714285714524e-01 3.188976377952755792e-01 3.305785123966942241e-01 3.203125000000000000e-01 3.203125000000000000e-01 3.347280334728033324e-01 3.203125000000000000e-01 3.228346456692913202e-01 3.203125000000000000e-01 2.895927601809955010e-01 3.188976377952755792e-01 3.203125000000000000e-01 3.203125000000000000e-01 3.162055335968379510e-01 3.203125000000000000e-01 3.203125000000000000e-01 3.092369477911646736e-01 3.203125000000000000e-01 3.203125000000000000e-01 2.857142857142856984e-01 3.119999999999999996e-01 3.203125000000000000e-01 3.252032520325203180e-01 3.203125000000000000e-01 2.974137931034482873e-01 3.013100436681222516e-01 3.185840707964601726e-01 0.000000000000000000e+00 1.578947368421052544e-01 3.203125000000000000e-01 3.036437246963562542e-01 3.228346456692913202e-01 3.203125000000000000e-01 3.292682926829268442e-01 3.203125000000000000e-01 3.203125000000000000e-01 3.203125000000000000e-01 3.203125000000000000e-01 3.203125000000000000e-01 3.203125000000000000e-01 3.203125000000000000e-01 3.595505617977527990e-01 3.138075313807531241e-01 3.253968253968254065e-01 3.263598326359832824e-01 3.234042553191489588e-01 3.142857142857142794e-01 3.203125000000000000e-01 2.485875706214689396e-01 3.203125000000000000e-01 3.215686274509804154e-01 3.215686274509804154e-01 3.352272727272727071e-01 3.239436619718309984e-01 2.203389830508474534e-01 3.203125000000000000e-01 3.125000000000000000e-01 2.843137254901960675e-01 1.090909090909090856e-01 2.885572139303482775e-01 3.215686274509804154e-01 3.188976377952755792e-01 3.203125000000000000e-01 3.176470588235293935e-01 3.203125000000000000e-01 3.203125000000000000e-01 3.104838709677419373e-01 3.225806451612903136e-01 3.215686274509804154e-01 2.923076923076923239e-01 3.203125000000000000e-01 2.307692307692307820e-01 3.203125000000000000e-01 2.674418604651162545e-01 3.203125000000000000e-01 2.994350282485875869e-01 3.215686274509804154e-01 3.110236220472440971e-01 3.203125000000000000e-01 2.756756756756756910e-01 3.215686274509804154e-01 3.212669683257918796e-01
1.718750000000000000e-01 1.746031746031745935e-01 1.718750000000000000e-01 1.718750000000000000e-01 1.718750000000000000e-01 1.718750000000000000e-01 1.718750000000000000e-01 1.718750000000000000e-01 2.777777777777777901e-01 1.718750000000000000e-01 1.718750000000000000e-01 1.718750000000000000e-01 1.718750000000000000e-01 1.718750000000000000e-01 1.718750000000000000e-01 1.718750000000000000e-01 1.718750000000000000e-01 1.718750000000000000e-01 1.718750000000000000e-01 1.718750000000000000e-01 1.718750000000000000e-01 1.718750000000000000e-01 1.718750000000000000e-01 1.718750000000000000e-01 1.718750000000000000e-01 1.718750000000000000e-01 1.718750000000000000e-01 1.718750000000000000e-01 1.718750000000000000e-01 1.718750000000000000e-01 1.718750000000000000e-01 1.718750000000000000e-01 1.718750000000000000e-01 1.718750000000000000e-01 1.718750000000000000e-01 1.718750000000000000e-01 1.718750000000000000e-01 1.718750000000000000e-01 1.718750000000000000e-01 1.718750000000000000e-01 1.718750000000000000e-01 1.718750000000000000e-01 1.718750000000000000e-01 1.718750000000000000e-01 1.718750000000000000e-01 1.718750000000000000e-01 1.718750000000000000e-01 1.718750000000000000e-01 1.718750000000000000e-01 1.718750000000000000e-01 1.718750000000000000e-01 1.718750000000000000e-01 1.718750000000000000e-01 1.718750000000000000e-01 1.718750000000000000e-01 1.718750000000000000e-01 1.718750000000000000e-01 1.718750000000000000e-01 1.746031746031745935e-01 1.718750000000000000e-01 1.718750000000000000e-01 1.718750000000000000e-01 1.718750000000000000e-01 1.718750000000000000e-01 1.718750000000000000e-01 1.718750000000000000e-01 1.578947368421052544e-01 0.000000000000000000e+00 1.718750000000000000e-01 1.718750000000000000e-01 1.718750000000000000e-01 1.718750000000000000e-01 1.718750000000000000e-01 1.718750000000000000e-01 1.718750000000000000e-01 1.718750000000000000e-01 1.718750000000000000e-01 1.718750000000000000e-01 1.718750000000000000e-01 1.718750000000000000e-01 1.333333333333333315e-01 1.718750000000000000e-01 1.718750000000000000e-01 1.718750000000000000e-01 1.746031746031745935e-01 1.718750000000000000e-01 1.718750000000000000e-01 1.833333333333333204e-01 1.718750000000000000e-01 1.718750000000000000e-01 1.718750000000000000e-01 1.746031746031745935e-01 1.718750000000000000e-01 1.666666666666666574e-01 1.718750000000000000e-01 1.718750000000000000e-01 1.718750000000000000e-01 2.142857142857142738e-01 1.774193548387096864e-01 1.718750000000000000e-01 1.718750000000000000e-01 1.718750000000000000e-01 1.718750000000000000e-01 1.718750000000000000e-01 1.718750000000000000e-01 1.718750000000000000e-01 1.718750000000000000e-01 1.718750000000000000e-01 1.587301587301587213e-01 1.718750000000000000e-01 1.666666666666666574e-01 1.718750000000000000e-01 1.612903225806451568e-01 1.718750000000000000e-01 1.746031746031745935e-01 1.718750000000000000e-01 1.718750000000000000e-01 1.718750000000000000e-01 1.612903225806451568e-01 1.718750000000000000e-01 1.718750000000000000e-01
3.637440758293838949e-01 3.235294117647058987e-01 3.801229508196721230e-01 4.278320874065554835e-01 6.963979416809605860e-01 4.508150646430578723e-01 3.805926786751888669e-01 5.898692810457516478e-01 1.875000000000000000e-01 3.653286794648051283e-01 6.333333333333333037e-01 3.450327186198691165e-01 4.259067357512953400e-01 5.578535494689770280e-01 3.213859020310633197e-01 4.568868980963046167e-01 3.212058212058211959e-01 4.024249422632794615e-01 5.914567360350493352e-01 4.749163879598662374e-01 4.786939679026009919e-01 4.475760992108229752e-01 7.053571428571429047e-01 3.890523837551501107e-01 9.424119241192412399e-01 4.217215482380127223e-01 3.549146556798116747e-01 4.920364050056882932e-01 5.950026028110358967e-01 3.096234309623430714e-01 3.535714285714285920e-01 5.898692810457516478e-01 4.755360087960417981e-01 5.123711340206185127e-01 3.579379027533685087e-01 4.732092498589960394e-01 4.429948950652297102e-01 5.334403424291064288e-01 6.048304213771840132e-01 3.385731559854897044e-01 3.812056737588652711e-01 3.690476190476190688e-01 6.532381438041815480e-01 6.955772544514646771e-01 5.113636363636363535e-01 5.590984057174271937e-01 3.604651162790697416e-01 6.955772544514646771e-01 3.253886010362694314e-01 3.444055944055944285e-01 5.442550852116547766e-01 7.062902426944032142e-01 4.160628019323671656e-01 5.177865612648221427e-01 5.537547271745002497e-01 5.025641025641025550e-01 6.963979416809605860e-01 4.574347332576617631e-01 4.745098039215686070e-01 2.925790754257907578e-01 6.164383561643835829e-01 2.928615009151921966e-01 6.355091383812010442e-01 3.552083333333333481e-01 4.010362694300518283e-01 3.654244306418219512e-01 3.203125000000000000e-01 1.718750000000000000e-01 0.000000000000000000e+00 4.974146845915201620e-01 3.832650672908133327e-01 6.547803617571059664e-01 2.828220858895705292e-01 7.034090909090908728e-01 4.804905239687848328e-01 4.503645541222658366e-01 4.371554575523704522e-01 5.262008733624453649e-01 4.697309417040358981e-01 6.119324181626187853e-01 4.062500000000000000e-01 4.829369183040330693e-01 3.560426540284360453e-01 4.452405322415557976e-01 4.854469854469854462e-01 3.121085594989561618e-01 4.296089385474860523e-01 3.104125736738703178e-01 4.589614740368509471e-01 4.607899255867201060e-01 4.196951934349354985e-01 3.818897637795275468e-01 3.158447009443861586e-01 2.656250000000000000e-01 7.040714995034756951e-01 3.571004159239453135e-01 4.479371316306483553e-01 9.375000000000000000e-02 4.549019607843137192e-01 4.397283531409167945e-01 3.549328663164039721e-01 4.742096505823627517e-01 4.136522753792298834e-01 4.693648116919617586e-01 4.876957494407158644e-01 3.596764156813939128e-01 3.166974738139248235e-01 4.942987457240592963e-01 4.168297455968688614e-01 5.217630853994490447e-01 3.046875000000000000e-01 6.169749727965179176e-01 3.143418467583496967e-01 4.893973214285714524e-01 3.575638506876228084e-01 3.925233644859812965e-01 3.283132530120481674e-01 5.776595744680851352e-01 3.509803921568627194e-01 4.165191740412979571e-01 3.814968814968814903e-01
3.798816568047337361e-01 2.745995423340961139e-01 2.915492957746478875e-01 4.125560538116592180e-01 5.066666666666667096e-01 4.538461538461538436e-01 4.488095238095238249e-01 4.830421377183967135e-01 1.875000000000000000e-01 3.930232558139534760e-01 5.010020040080159776e-01 4.323308270676691767e-01 4.014814814814814947e-01 4.675052410901467392e-01 3.992490613266583277e-01 4.647577092511013253e-01 2.571001494768310747e-01 4.661921708185053359e-01 4.779033915724563153e-01 4.391819160387513410e-01 4.456289978678038555e-01 4.532453245324532531e-01 4.970645792563600507e-01 4.044289044289044455e-01 4.963273871983210905e-01 4.186575654152445702e-01 4.430844553243574180e-01 4.543478260869565077e-01 4.864593781344032086e-01 2.685185185185185452e-01 4.057971014492753881e-01 4.830421377183967135e-01 4.601293103448275690e-01 3.626806833114323281e-01 4.060606060606060663e-01 4.421621621621621423e-01 4.405286343612334621e-01 4.643226473629782913e-01 4.865403788634097837e-01 3.788437884378843545e-01 4.643734643734643841e-01 5.111111111111110716e-01 5.000000000000000000e-01 5.082304526748970819e-01 3.468057366362450877e-01 4.782157676348547937e-01 4.051825677267373305e-01 5.082304526748970819e-01 2.540620384047267422e-01 4.083333333333333259e-01 4.967948717948718063e-01 4.970645792563600507e-01 3.876600698486612484e-01 5.088691796008869561e-01 4.747682801235839078e-01 4.913544668587896402e-01 5.066666666666667096e-01 4.307524536532170156e-01 4.441913439635535310e-01 3.585147247119078173e-01 4.855433698903290352e-01 3.835078534031413633e-01 4.915590863952333800e-01 3.673469387755102233e-01 3.078014184397163122e-01 2.940320232896652120e-01 3.036437246963562542e-01 1.718750000000000000e-01 4.974146845915201620e-01 0.000000000000000000e+00 4.240654205607476412e-01 4.980237154150197743e-01 3.402061855670103219e-01 5.020325203252032908e-01 4.560085836909871237e-01 4.335894621295279805e-01 4.299568965517241437e-01 4.768421052631579005e-01 4.439655172413793371e-01 4.830339321357285387e-01 4.094488188976377896e-01 3.458445040214477295e-01 4.160493827160494096e-01 3.582295988934993125e-01 4.955089820359281361e-01 3.993231810490693867e-01 4.357848518111964720e-01 2.978723404255319007e-01 4.439608269858542067e-01 4.439511653718091200e-01 4.244186046511627675e-01 3.676814988290398323e-01 3.268921095008051614e-01 2.656250000000000000e-01 4.970645792563600507e-01 4.121951219512194897e-01 4.361948955916473136e-01 9.375000000000000000e-02 3.991031390134529011e-01 4.233737596471885412e-01 4.251207729468599039e-01 4.688172043010752632e-01 4.238258877434135097e-01 4.413043478260869623e-01 4.834801762114537271e-01 4.497991967871485808e-01 4.042272126816380262e-01 5.114155251141552228e-01 3.867276887871853308e-01 4.710830704521556389e-01 3.140495867768595128e-01 5.165975103734440355e-01 3.538083538083537927e-01 4.684782608695652328e-01 3.514150943396226467e-01 4.483985765124555156e-01 3.899371069182390181e-01 4.851889683350357751e-01 3.960880195599021936e-01 4.443141852286049409e-01 2.879656160458452518e-01
2.863568215892053903e-01 3.139293139293139467e-01 3.215130023640662138e-01 4.125093075204765425e-01 3.794901506373117295e-01 3.273453093812375148e-01 2.623413258110013913e-01 3.715461493239270996e-01 1.875000000000000000e-01 2.854014598540146053e-01 4.072847682119205559e-01 2.679788039364118246e-01 3.638525564803805068e-01 3.713395638629283235e-01 2.498078401229823220e-01 3.159268929503916690e-01 2.944099378881987472e-01 2.780859916782246755e-01 3.687315634218288896e-01 3.239074550128534513e-01 3.354673495518565862e-01 3.134526176275679310e-01 4.302908726178535370e-01 4.517184942716857554e-01 3.740963855421686746e-01 3.185654008438818519e-01 2.553035844915874097e-01 3.534883720930232509e-01 3.976311336717427980e-01 2.614056720098643649e-01 2.710843373493975750e-01 3.715461493239270996e-01 3.346055979643766110e-01 4.378629500580720202e-01 2.670080468178492872e-01 4.277660324171951856e-01 3.105756358768406722e-01 3.555291319857312726e-01 3.848253275109170257e-01 4.679891794409377637e-01 2.790357925493060498e-01 2.492187499999999889e-01 4.023231256599788530e-01 3.755813953488372214e-01 4.315545243619489657e-01 3.603385731559854976e-01 3.089552238805970408e-01 3.755813953488372214e-01 3.207547169811320598e-01 2.617302052785923649e-01 3.621323529411764608e-01 4.316474712068102404e-01 3.315669947009841079e-01 3.295382669196710856e-01 3.737252549490102105e-01 4.190585533869116142e-01 3.794901506373117295e-01 3.186959414504324517e-01 4.469387755102040560e-01 2.351524879614767249e-01 3.835005574136008955e-01 2.166666666666666741e-01 3.904969961769524933e-01 3.383270911360798938e-01 3.416965352449223281e-01 3.710691823899370800e-01 3.228346456692913202e-01 1.718750000000000000e-01 3.832650672908133327e-01 4.240654205607476412e-01 0.000000000000000000e+00 3.974358974358974117e-01 3.935185185185185452e-01 3.838209982788295949e-01 3.126188966391883484e-01 3.166556945358788844e-01 3.209150326797385877e-01 3.467397928092626480e-01 4.574087329992841955e-01 3.836231071228267120e-01 4.062500000000000000e-01 4.126611957796014196e-01 2.605477424130273612e-01 3.966942148760330689e-01 4.035087719298245390e-01 2.722772277227722970e-01 2.971729125575279240e-01 2.999999999999999889e-01 3.291803278688524848e-01 3.274814314652261804e-01 3.076923076923077094e-01 3.643892339544513304e-01 2.893081761006289221e-01 2.656250000000000000e-01 4.294324460070316207e-01 2.662192393736018126e-01 4.338842975206611552e-01 9.375000000000000000e-02 4.412371134020618424e-01 2.992700729927007530e-01 2.636562272396212880e-01 3.282051282051282048e-01 2.846153846153846034e-01 3.333333333333333148e-01 3.159898477157360164e-01 2.511737089201878104e-01 2.378292098962490053e-01 3.154492566257272035e-01 4.128630705394190636e-01 3.685534591194968290e-01 3.070866141732283561e-01 3.831884057971014501e-01 3.096234309623430714e-01 3.344010249839846072e-01 3.443983402489626533e-01 2.788051209103840633e-01 2.330540746382330497e-01 3.773148148148148251e-01 3.319587628865979245e-01 2.908961593172119664e-01 3.173652694610778480e-01
3.805405405405405395e-01 3.261718750000000000e-01 3.968410661401776673e-01 4.478560084700899946e-01 6.584234930448222833e-01 4.989417989417989641e-01 4.236186348862405193e-01 6.286594761171032664e-01 1.875000000000000000e-01 3.995691976305869586e-01 7.215447154471544833e-01 3.650190114068441183e-01 4.254689042448173697e-01 5.836373110995309865e-01 3.449781659388646560e-01 5.180851063829787773e-01 3.257425742574257543e-01 4.562737642585551479e-01 6.261585993820802942e-01 5.284810126582278889e-01 5.373291272344900005e-01 5.007982969664714901e-01 8.204242723236310209e-01 3.967914438502673780e-01 6.270213875847678864e-01 4.469333333333333491e-01 3.918256130790190861e-01 5.227754237288135819e-01 6.875318066157760644e-01 3.043478260869565410e-01 3.691056910569105454e-01 6.286594761171032664e-01 5.371727748691099702e-01 5.138067061143983816e-01 3.832077502691065840e-01 5.034120734908136274e-01 4.856535600425079813e-01 6.088751289989680071e-01 7.045454545454545858e-01 3.336938885884261907e-01 4.063009234111895629e-01 3.471531232725262317e-01 7.505010020040080443e-01 6.506955177743430907e-01 5.098619329388560661e-01 6.058242329693187544e-01 4.018388318009735172e-01 6.506955177743430907e-01 3.310276679841896996e-01 3.869918699186991606e-01 5.942708333333333037e-01 8.220798422868408339e-01 3.984921917070544106e-01 5.498154981549815412e-01 6.394129979035639844e-01 5.088582677165354173e-01 6.584234930448222833e-01 4.952279957582184644e-01 4.765625000000000000e-01 3.024657534246575352e-01 9.224088013896930560e-01 3.223647518126045997e-01 9.205448354143018763e-01 3.554455445544554282e-01 4.031620553359683834e-01 3.665024630541872108e-01 3.203125000000000000e-01 1.718750000000000000e-01 6.547803617571059664e-01 4.980237154150197743e-01 3.974358974358974117e-01 0.000000000000000000e+00 2.845394736842105088e-01 6.692347200821776587e-01 5.289169295478444166e-01 4.850863422291993854e-01 5.031545741324920940e-01 5.866736074960957614e-01 4.992175273865414598e-01 9.137232194557035614e-01 4.062500000000000000e-01 4.812623274161735853e-01 3.892837616183706939e-01 4.653465346534653713e-01 4.719764011799409964e-01 3.092885375494071054e-01 5.056239957150509001e-01 3.105468750000000000e-01 5.000000000000000000e-01 5.002675227394328683e-01 4.430652995143011252e-01 3.789062500000000000e-01 3.089108910891089077e-01 2.656250000000000000e-01 8.183613030602171490e-01 3.926414058209775071e-01 4.472656250000000000e-01 9.375000000000000000e-02 4.570312500000000000e-01 4.856535600425079813e-01 3.885590933621154708e-01 5.331928345626976151e-01 4.327798607391536989e-01 5.293489861259338403e-01 5.555555555555555802e-01 3.508869179600886956e-01 3.133589884551951643e-01 5.437936593229446558e-01 4.218750000000000000e-01 5.730688935281836871e-01 3.046875000000000000e-01 6.627127385250128899e-01 3.144531250000000000e-01 5.373684210526316063e-01 3.574218750000000000e-01 4.388646288209607227e-01 3.463013698630136861e-01 6.502564102564102333e-01 3.535156250000000000e-01 4.410646387832699578e-01 3.777120315581853904e-01
2.365038560411311108e-01 3.116279069767441956e-01 2.672064777327935459e-01 4.899082568807339721e-01 2.791262135922329968e-01 2.560175054704595388e-01 2.204344328238133643e-01 2.850904553961322585e-01 1.875000000000000000e-01 2.196721311475409721e-01 2.878959276018099311e-01 1.921768707482993110e-01 3.028263795423957183e-01 2.948287441235728501e-01 1.920704845814978079e-01 2.485673352435530115e-01 2.598540145985401284e-01 2.198912198912199023e-01 2.825814536340852112e-01 2.383922383922383870e-01 2.443376801647220431e-01 2.465353756382202832e-01 2.966314731020613382e-01 5.506198347107438273e-01 2.814294830887045240e-01 2.515625000000000222e-01 2.197802197802197766e-01 2.609006433166547456e-01 2.902282036278525656e-01 2.321167883211678884e-01 2.166809974204643163e-01 2.850904553961322585e-01 2.500000000000000000e-01 3.576923076923076983e-01 2.018121911037891181e-01 4.333605887162714776e-01 2.245639534883721034e-01 2.551594746716697726e-01 2.907639680729760534e-01 8.335588633288227856e-01 2.265560165975103735e-01 2.065514103730664297e-01 3.000545553737042903e-01 2.769981696156192941e-01 3.439490445859872403e-01 2.754838709677419617e-01 2.219471947194719408e-01 2.769981696156192941e-01 2.733918128654970747e-01 1.859131859131859243e-01 2.703583061889250905e-01 2.988448016072325353e-01 2.518955349620892736e-01 2.518822724161532967e-01 2.921204356181934525e-01 3.673997412677878494e-01 2.791262135922329968e-01 2.465353756382202832e-01 4.118942731277532854e-01 1.932139491046182822e-01 2.754041570438798825e-01 1.808809746954076758e-01 2.798423423423423428e-01 3.036496350364963348e-01 2.861035422343324308e-01 2.921985815602836656e-01 3.292682926829268442e-01 1.718750000000000000e-01 2.828220858895705292e-01 3.402061855670103219e-01 3.935185185185185452e-01 2.845394736842105088e-01 0.000000000000000000e+00 2.846846846846846635e-01 2.453222453222453359e-01 2.523567802755620204e-01 2.530465949820788762e-01 2.651861528412802205e-01 4.036624203821655987e-01 2.763234438627109046e-01 4.062500000000000000e-01 3.429319371727748700e-01 2.118644067796610075e-01 3.141361256544502600e-01 3.294270833333333148e-01 2.358078602620087283e-01 2.301013024602026058e-01 2.752293577981651529e-01 2.422096317280453270e-01 2.503692762186115472e-01 2.464114832535885258e-01 3.310810810810810856e-01 2.664670658682634641e-01 2.656250000000000000e-01 2.962216624685138355e-01 2.189905902480752675e-01 4.099099099099098864e-01 9.375000000000000000e-02 4.116331096196867989e-01 2.546537602382725196e-01 2.052761747732893549e-01 2.398345968297725672e-01 2.247454972592012601e-01 2.634989200863930847e-01 2.412129565816678034e-01 2.187500000000000000e-01 2.067988668555240661e-01 2.514204545454545303e-01 3.995433789954337955e-01 2.729096989966555142e-01 3.024193548387096864e-01 2.782819116757410671e-01 3.098591549295774406e-01 2.666200139958012638e-01 3.063063063063062863e-01 2.200000000000000011e-01 2.137060414788097273e-01 2.886850152905198752e-01 3.317972350230414813e-01 2.465642683912691868e-01 2.809457579972183816e-01
3.694638694638694432e-01 3.274509803921568651e-01 3.895055499495458928e-01 4.421652421652421672e-01 9.796454366382140178e-01 4.605555555555555514e-01 3.923032739804709901e-01 6.037837837837838340e-01 1.875000000000000000e-01 3.646723646723646906e-01 6.749079431877959001e-01 3.455710955710955545e-01 4.245187436676798320e-01 5.576923076923077094e-01 3.380698638247483512e-01 4.705882352941176405e-01 3.168016194331984003e-01 4.334490740740740700e-01 6.089324618736383643e-01 4.908688433868290124e-01 4.936847885777045364e-01 4.630872483221476488e-01 7.308838133068520371e-01 3.878962536023054519e-01 6.947674418604651292e-01 4.288154897494305118e-01 3.694638694638694432e-01 5.141723356009070267e-01 6.141078838174274246e-01 3.068297655453618988e-01 3.691037735849056478e-01 6.037837837837838340e-01 4.904528096017457539e-01 5.136501516683518176e-01 3.660508083140877611e-01 4.818941504178272939e-01 4.512877939529675309e-01 5.344918378093733713e-01 6.278234086242300283e-01 3.305882352941176272e-01 4.463311097634930502e-01 3.674219228413961869e-01 6.777154513003569303e-01 9.697964543663821768e-01 5.096056622851364848e-01 5.673913043478261420e-01 3.622361665715915779e-01 9.697964543663821768e-01 3.343527013251784141e-01 3.652173913043478271e-01 5.493492407809110745e-01 7.326388888888888395e-01 4.363745498199279593e-01 5.191560244308717209e-01 5.661489019817890211e-01 5.025125628140703071e-01 9.796454366382140178e-01 4.704890387858347567e-01 4.755381604696672926e-01 2.782352941176470806e-01 6.229166666666666741e-01 2.952779438135086920e-01 6.485225505443235061e-01 3.526422764227642448e-01 3.987854251012145634e-01 3.612512613521695060e-01 3.203125000000000000e-01 1.718750000000000000e-01 7.034090909090908728e-01 5.020325203252032908e-01 3.838209982788295949e-01 6.692347200821776587e-01 2.846846846846846635e-01 0.000000000000000000e+00 4.922737306843267269e-01 4.544450579790171307e-01 4.668508287292817416e-01 5.389610389610389740e-01 4.726971869829012518e-01 6.159458051068265050e-01 4.062500000000000000e-01 4.862944162436548257e-01 3.820224719101123489e-01 4.536290322580645018e-01 4.902962206332993067e-01 3.132653061224489610e-01 4.580536912751677625e-01 3.066406250000000000e-01 4.857621440536013524e-01 4.664410603496897956e-01 4.269208549971115207e-01 3.776908023483365739e-01 3.128834355828221114e-01 2.656250000000000000e-01 7.313432835820895539e-01 3.725721012360211915e-01 4.490196078431372695e-01 9.375000000000000000e-02 4.559686888454011489e-01 4.488541084404695236e-01 3.701561596298438284e-01 4.909090909090909061e-01 4.192992533026995705e-01 4.830083565459610262e-01 4.830230010952902275e-01 3.566221142162818714e-01 3.123123123123123235e-01 4.869080779944289783e-01 4.235294117647058765e-01 5.164597949271452215e-01 3.046875000000000000e-01 6.315505132360885732e-01 3.156862745098039102e-01 5.128062360801781683e-01 3.561643835616438158e-01 3.889206167904054601e-01 3.276370064820270933e-01 5.863157894736842346e-01 3.549019607843137414e-01 4.254947613504074244e-01 3.810975609756097615e-01
3.503698722259582787e-01 3.232931726907630754e-01 3.563714902807775253e-01 3.706950532247965113e-01 4.883073496659242618e-01 4.091189155884165096e-01 4.134419551934827020e-01 4.872521246458923483e-01 1.875000000000000000e-01 3.852901484480432126e-01 5.312500000000000000e-01 3.130841121495326895e-01 3.921993499458288346e-01 4.360599078341013679e-01 3.182130584192439660e-01 4.543163201008191820e-01 2.952799121844127406e-01 4.000000000000000222e-01 4.849346219442865480e-01 4.617775015537600725e-01 4.455927051671732531e-01 4.530351437699680628e-01 5.649576903932305161e-01 3.363518758085381477e-01 4.644280022766078542e-01 3.917790622992934901e-01 3.781743308167467288e-01 4.106602059357964962e-01 5.029842647856754834e-01 2.786343612334801767e-01 3.017751479289940697e-01 4.872521246458923483e-01 4.599877825290165090e-01 4.622741764080764981e-01 3.359735973597359759e-01 4.099756690997566899e-01 4.376996805111821320e-01 4.506486181613085229e-01 5.267134376686454234e-01 2.842809364548494755e-01 3.476253298153034188e-01 2.890252215405589853e-01 5.338189386056191310e-01 4.874090654728595595e-01 4.580233793836344103e-01 4.727694090382387193e-01 3.363814500326584023e-01 4.874090654728595595e-01 3.083700440528634457e-01 3.437917222963952080e-01 4.579710144927536253e-01 5.668821481849826149e-01 3.181233933161953797e-01 4.482758620689655249e-01 4.788087056128293439e-01 4.570519618239660686e-01 4.883073496659242618e-01 4.347003154574132222e-01 4.661354581673306519e-01 2.575549450549450281e-01 4.970318402590394036e-01 2.980085348506401055e-01 5.071694105151354215e-01 3.355408388520971230e-01 3.751363140676117758e-01 3.524229074889868030e-01 3.203125000000000000e-01 1.718750000000000000e-01 4.804905239687848328e-01 4.560085836909871237e-01 3.126188966391883484e-01 5.289169295478444166e-01 2.453222453222453359e-01 4.922737306843267269e-01 0.000000000000000000e+00 4.342928660826032572e-01 4.456249999999999933e-01 4.683098591549295642e-01 4.015653220951234115e-01 4.953929539295393036e-01 4.062500000000000000e-01 4.272051009564293289e-01 3.931564245810055813e-01 4.500548847420416942e-01 4.356223175965664995e-01 2.998885172798216314e-01 4.519230769230769273e-01 3.046092184368737743e-01 4.394785847299813586e-01 4.174513496547395119e-01 3.890339425587467370e-01 3.719999999999999973e-01 2.965440356744704631e-01 2.656250000000000000e-01 5.635276532137518668e-01 3.667582417582417320e-01 4.477911646586345551e-01 9.375000000000000000e-02 4.520000000000000129e-01 4.312977099236641187e-01 3.640646029609690415e-01 4.476423759951010384e-01 3.833658219623131691e-01 4.409937888198757761e-01 4.568965517241379559e-01 2.996563573883161413e-01 2.825330549756436826e-01 4.103030303030302806e-01 4.188376753507013772e-01 4.432748538011695993e-01 3.046875000000000000e-01 5.002801120448179262e-01 3.191919191919191934e-01 4.597418561770129086e-01 3.527054108216433059e-01 3.651208360548661158e-01 2.782608695652173947e-01 4.894091415830546521e-01 3.459999999999999742e-01 3.780248528449967060e-01 3.326157158234661071e-01
3.174711080897348880e-01 3.299595141700404910e-01 3.478747203579418135e-01 3.609505459216441614e-01 4.485253199777406996e-01 3.873591989987484330e-01 3.818681318681318437e-01 4.558404558404558493e-01 1.875000000000000000e-01 4.083806818181818232e-01 4.927302100161550791e-01 3.155339805825242983e-01 3.959276018099547323e-01 4.177881802223522567e-01 3.314121037463976793e-01 4.146649810366624389e-01 2.991944764096662879e-01 3.803475935828877219e-01 4.517418617932609792e-01 3.991416309012875696e-01 4.398003742981909103e-01 4.219354838709677424e-01 5.331670822942643495e-01 3.333333333333333148e-01 4.343839541547278027e-01 4.064386317907444646e-01 3.430353430353430544e-01 3.927250308261405753e-01 4.770240700218818519e-01 2.729357798165137350e-01 2.775919732441471388e-01 4.558404558404558493e-01 4.409937888198757761e-01 4.402173913043478382e-01 3.560027758501040918e-01 4.023705552089831827e-01 3.780025284450063139e-01 4.597432905484247212e-01 4.897408207343412756e-01 2.918994413407821065e-01 3.729993041057759195e-01 2.769985974754557989e-01 5.005213764337852478e-01 4.466182224706539694e-01 4.500548847420416942e-01 4.363742010459035203e-01 3.164556962025316666e-01 4.466182224706539694e-01 3.159722222222222099e-01 3.226684819605173393e-01 4.273204903677758071e-01 5.335988053758088379e-01 3.162790697674418561e-01 4.515927545284197375e-01 4.596165020337013574e-01 4.459016393442623016e-01 4.485253199777406996e-01 4.101087651951375590e-01 4.650698602794411385e-01 2.533807829181494720e-01 4.687669744703965025e-01 2.800875273522975828e-01 4.770544290288153411e-01 3.245714285714285663e-01 3.489409141583054708e-01 3.375000000000000222e-01 3.203125000000000000e-01 1.718750000000000000e-01 4.503645541222658366e-01 4.335894621295279805e-01 3.166556945358788844e-01 4.850863422291993854e-01 2.523567802755620204e-01 4.544450579790171307e-01 4.342928660826032572e-01 0.000000000000000000e+00 4.341432225063938666e-01 4.650602409638553980e-01 3.886838868388683976e-01 4.669939989088925381e-01 4.062500000000000000e-01 4.213421342134213154e-01 3.193968471555860278e-01 4.205816554809843621e-01 4.174008810572687467e-01 2.995337995337995496e-01 4.115755627009646256e-01 3.084677419354838745e-01 4.065040650406503975e-01 4.007682458386683799e-01 3.539473684210526216e-01 3.707414829659318456e-01 3.036342321219226426e-01 2.656250000000000000e-01 5.309381237524950503e-01 3.370473537604457004e-01 4.408817635270541047e-01 9.375000000000000000e-02 4.596774193548386900e-01 4.165042235217673583e-01 3.637630662020905903e-01 4.337500000000000244e-01 3.708388814913448628e-01 3.975155279503105321e-01 3.974437005477784446e-01 2.619542619542619688e-01 2.565556343019135266e-01 3.804281345565749262e-01 4.176706827309236703e-01 4.114184814596821838e-01 3.046875000000000000e-01 4.480843975569128168e-01 3.125000000000000000e-01 4.072039072039072005e-01 3.706720977596741351e-01 3.289473684210526550e-01 3.056737588652482240e-01 4.817767653758542323e-01 3.446893787575150414e-01 3.507957559681697535e-01 3.292273236282194926e-01
3.245436105476673383e-01 3.286004056795132078e-01 3.729003359462486067e-01 3.682864450127877332e-01 4.585881045025013703e-01 4.119873817034700458e-01 3.490378234903782073e-01 4.711593375214163104e-01 1.875000000000000000e-01 6.226720647773279493e-01 4.880127863612147010e-01 2.968221771467207670e-01 3.913525498891352594e-01 4.284044418468731519e-01 3.742647058823529438e-01 4.171894604767879544e-01 3.112884834663626199e-01 3.878908848968729006e-01 4.687679083094555832e-01 4.402751719824890553e-01 5.064683053040103244e-01 4.100126742712293937e-01 5.352182539682539542e-01 3.357615894039734927e-01 4.276018099547511109e-01 3.970976253298152958e-01 3.538355217691775967e-01 4.013521819299323834e-01 4.860731840524303848e-01 2.722159730033745784e-01 3.064952638700947363e-01 4.711593375214163104e-01 4.486386138613861485e-01 4.473118279569892608e-01 3.772663877266387855e-01 3.997532387415175803e-01 3.930379746835442889e-01 4.651567944250871167e-01 5.283122594832325714e-01 2.975034674063800066e-01 3.676268861454046744e-01 2.809457579972183816e-01 5.146290491118077348e-01 4.567280848687884087e-01 4.508108108108108136e-01 4.707964601769911717e-01 3.622100954979536325e-01 4.567280848687884087e-01 3.099547511312217285e-01 3.387866394001363135e-01 4.404205607476635587e-01 5.379276152702032743e-01 3.110674525212835384e-01 4.484249536751080956e-01 4.761072261072261114e-01 4.545454545454545303e-01 4.585881045025013703e-01 4.843228819212808678e-01 4.581673306772908183e-01 2.444134078212290562e-01 4.785675529028757258e-01 2.786177105831533218e-01 4.994623655913978388e-01 3.140311804008908414e-01 3.587196467991169979e-01 3.340757238307349719e-01 3.203125000000000000e-01 1.718750000000000000e-01 4.371554575523704522e-01 4.299568965517241437e-01 3.209150326797385877e-01 5.031545741324920940e-01 2.530465949820788762e-01 4.668508287292817416e-01 4.456249999999999933e-01 4.341432225063938666e-01 0.000000000000000000e+00 4.653524492234169530e-01 3.947368421052631637e-01 4.760348583877995754e-01 4.062500000000000000e-01 4.133476856835306967e-01 3.429951690821256283e-01 4.473094170403587588e-01 4.310722100656455003e-01 2.923777019340159100e-01 4.232498394348105375e-01 2.862823061630218602e-01 4.458598726114649802e-01 3.998732572877059521e-01 3.813953488372093248e-01 3.750000000000000000e-01 3.098265895953757343e-01 2.656250000000000000e-01 5.360517155643957921e-01 3.413959917069799843e-01 4.368737474949899724e-01 9.375000000000000000e-02 4.556451612903225645e-01 4.320104098893949307e-01 3.959068454481298738e-01 4.523212045169385243e-01 3.577023498694517079e-01 4.211514392991239086e-01 4.223449969306322660e-01 2.908199018920812895e-01 2.796005706134094271e-01 4.201995012468827673e-01 4.164989939637827043e-01 4.154476301930953852e-01 3.046875000000000000e-01 4.646239554317548870e-01 3.137651821862348367e-01 4.749524413443246829e-01 3.555555555555555691e-01 3.445322793148880014e-01 2.993719469644103293e-01 5.100748416810593211e-01 3.515151515151515027e-01 3.611111111111111049e-01 3.407325194228634779e-01
3.391521197007481558e-01 3.287128712871287273e-01 3.910256410256410242e-01 3.971205758848230238e-01 5.304678998911860344e-01 4.386484884410195573e-01 4.010088272383354191e-01 5.158991228070175517e-01 1.875000000000000000e-01 4.139264990328820337e-01 5.727848101265823333e-01 3.480486244401791440e-01 3.893528183716075119e-01 4.775533108866442111e-01 3.320388349514563076e-01 4.571428571428571286e-01 3.070362473347548193e-01 3.905867970660146793e-01 5.104281009879253483e-01 4.556074766355140415e-01 4.846698113207547065e-01 4.429169157202629825e-01 6.313959264778936653e-01 3.701863354037266962e-01 4.988950276243093729e-01 4.110091743119266283e-01 3.681528662420381903e-01 4.363001745200698056e-01 5.561497326203208580e-01 2.922912205567451682e-01 3.299874529485570807e-01 5.158991228070175517e-01 4.760793465577596306e-01 4.874476987447698972e-01 3.567398119122257016e-01 4.561611374407583130e-01 4.260143198090692307e-01 5.083426028921023132e-01 5.742311770943796523e-01 3.095994914176732338e-01 3.592777085927770786e-01 3.103225806451612723e-01 6.024909185262065092e-01 5.272925764192140097e-01 4.755463059313215224e-01 4.966517857142856984e-01 3.468884781269254702e-01 5.272925764192140097e-01 3.211991434689507319e-01 3.439450686641697952e-01 4.949324324324324564e-01 6.332506203473945439e-01 3.425245098039215730e-01 4.647398843930635737e-01 5.181260457334077030e-01 4.963119072708113699e-01 5.304678998911860344e-01 4.559710494571773132e-01 4.724409448818897572e-01 2.634615384615384692e-01 5.566239316239316448e-01 2.944664031620553568e-01 5.706751054852320371e-01 3.447537473233404648e-01 3.801478352692713725e-01 3.582089552238805763e-01 3.203125000000000000e-01 1.718750000000000000e-01 5.262008733624453649e-01 4.768421052631579005e-01 3.467397928092626480e-01 5.866736074960957614e-01 2.651861528412802205e-01 5.389610389610389740e-01 4.683098591549295642e-01 4.650602409638553980e-01 4.653524492234169530e-01 0.000000000000000000e+00 4.348837209302325313e-01 5.519271948608136524e-01 4.062500000000000000e-01 4.636459430979978924e-01 3.529784537389100141e-01 4.496288441145280812e-01 4.630021141649048877e-01 3.074433656957928918e-01 4.531722054380664666e-01 3.128712871287128716e-01 4.619500594530320803e-01 4.411057692307692180e-01 3.974121996303142113e-01 3.740157480314960647e-01 3.141304347826087140e-01 2.656250000000000000e-01 6.308457711442786442e-01 3.813229571984435573e-01 4.543650793650793607e-01 9.375000000000000000e-02 4.527559055118109965e-01 4.285714285714285476e-01 3.535290443472829391e-01 4.549680418361417567e-01 3.997532387415175803e-01 4.530419373892498602e-01 4.620770128354725892e-01 3.044315992292870865e-01 2.711538461538461342e-01 4.368083867210250659e-01 4.229249011857707519e-01 4.792966534316506211e-01 3.046875000000000000e-01 5.183189655172413257e-01 3.142292490118577253e-01 4.596633778293673922e-01 3.603960396039603831e-01 3.647490820073439610e-01 3.105431309904153614e-01 5.382932166301969135e-01 3.510848126232741784e-01 3.930564166150031236e-01 3.558606124604012932e-01
3.346855983772819565e-01 3.280000000000000138e-01 3.540983606557376873e-01 5.294535131298793162e-01 4.644839067702552504e-01 4.028642590286425906e-01 3.315994798439531599e-01 4.531688166012338703e-01 1.875000000000000000e-01 3.344348975545274327e-01 4.983991462113127047e-01 3.008075370121130465e-01 3.722943722943722888e-01 4.430751173708920021e-01 2.772881355932203529e-01 3.823708206686929900e-01 3.111612175873731956e-01 3.331218274111675259e-01 4.507597073719752379e-01 3.896882494004796360e-01 4.111980734497290846e-01 3.965087281795511287e-01 5.426587301587301182e-01 6.012608353033884745e-01 4.492009132420091144e-01 4.172757475083056500e-01 3.221701272605492217e-01 4.088397790055248726e-01 4.813210611802923866e-01 2.753623188405797118e-01 3.086751849361129563e-01 4.531688166012338703e-01 4.057279236276849499e-01 4.612903225806451735e-01 3.109354413702239972e-01 5.719201651754989291e-01 3.704390847247990282e-01 4.445076835515082703e-01 5.124458874458874824e-01 4.885556432517758618e-01 3.165137614678898981e-01 2.693096377306903877e-01 5.051652892561983021e-01 4.610244988864142801e-01 4.538626609442060200e-01 4.472013848817080195e-01 3.585415259959486844e-01 4.610244988864142801e-01 2.953539823008849430e-01 3.132050431320504424e-01 4.559859154929577496e-01 5.445986124876115442e-01 3.428761651131824184e-01 3.898704358068315612e-01 4.891876095850379857e-01 4.544480171489817533e-01 4.644839067702552504e-01 3.887166769993800619e-01 4.731610337972166902e-01 2.505219206680584509e-01 4.786832164058283934e-01 2.428868841082581498e-01 4.922831293241085593e-01 3.196902654867256888e-01 3.492407809110629202e-01 3.366445916114790271e-01 3.203125000000000000e-01 1.718750000000000000e-01 4.697309417040358981e-01 4.439655172413793371e-01 4.574087329992841955e-01 4.992175273865414598e-01 4.036624203821655987e-01 4.726971869829012518e-01 4.015653220951234115e-01 3.886838868388683976e-01 3.947368421052631637e-01 4.348837209302325313e-01 0.000000000000000000e+00 4.761646803900325131e-01 4.062500000000000000e-01 4.366197183098591283e-01 3.047238855622089182e-01 4.127843986998916415e-01 4.327548806941431403e-01 2.780867630700778470e-01 3.653610771113831035e-01 3.146292585170340494e-01 3.992651561543171801e-01 3.787972721636702067e-01 3.579766536964980594e-01 3.820000000000000062e-01 2.905405405405405150e-01 2.656250000000000000e-01 5.396825396825396526e-01 3.031312458361092865e-01 4.347826086956521618e-01 9.375000000000000000e-02 4.532803180914513064e-01 3.876017532874139193e-01 3.094612352168199521e-01 3.943746259724715819e-01 3.542340012928248405e-01 4.041769041769041615e-01 3.980815347721822772e-01 2.719178082191781032e-01 2.712579058327477255e-01 3.788334335538183772e-01 4.231536926147704825e-01 4.557416267942583921e-01 3.046875000000000000e-01 4.688888888888889106e-01 3.081510934393638101e-01 4.145015105740181283e-01 3.599999999999999867e-01 3.145780051150894874e-01 2.812286689419795094e-01 4.811903425042111104e-01 3.452380952380952328e-01 3.322622107969151473e-01 3.417582417582417653e-01
3.703703703703703498e-01 3.268101761252446003e-01 3.919597989949748507e-01 4.279403644395361472e-01 6.081718177056050223e-01 4.674685620557681998e-01 4.021493212669683404e-01 5.855194123819517094e-01 1.875000000000000000e-01 3.881019830028328843e-01 6.661522633744856314e-01 3.500856653340947977e-01 4.139999999999999791e-01 5.413333333333333330e-01 3.335253456221198287e-01 4.944751381215469754e-01 3.248987854251011997e-01 4.394542353610005891e-01 5.853530031612222961e-01 5.038293216630197469e-01 5.073329712112981671e-01 4.716253443526171041e-01 7.495059288537548881e-01 3.813796971396522517e-01 5.899357601713062227e-01 4.252362423568649130e-01 3.758581235697940337e-01 4.831338411316648540e-01 6.333161423414130908e-01 3.030303030303030387e-01 3.521046643913537944e-01 5.855194123819517094e-01 5.105691056910569570e-01 5.065065065065065264e-01 3.693438914027149522e-01 4.827962861824139917e-01 4.664819944598337931e-01 5.692389006342494229e-01 6.535110199897488092e-01 3.187250996015936200e-01 3.832199546485260955e-01 3.380116959064327631e-01 6.902475997978777533e-01 6.003143006809847915e-01 5.085427135678391997e-01 5.674666666666666748e-01 3.857061826432217622e-01 6.003143006809847915e-01 3.329959514170040547e-01 3.677639046538024870e-01 5.505857294994674911e-01 7.503700049333991151e-01 3.776027011817670309e-01 5.152008686210640676e-01 6.042003231017770704e-01 4.970119521912350624e-01 6.081718177056050223e-01 4.619594964422550354e-01 4.774951076320939070e-01 2.991253644314869065e-01 9.905838041431261898e-01 3.179122182680901298e-01 9.523234761617380695e-01 3.538928210313447842e-01 3.997985901309163981e-01 3.679435483870967527e-01 3.203125000000000000e-01 1.718750000000000000e-01 6.119324181626187853e-01 4.830339321357285387e-01 3.836231071228267120e-01 9.137232194557035614e-01 2.763234438627109046e-01 6.159458051068265050e-01 4.953929539295393036e-01 4.669939989088925381e-01 4.760348583877995754e-01 5.519271948608136524e-01 4.761646803900325131e-01 0.000000000000000000e+00 4.062500000000000000e-01 4.779116465863453844e-01 3.794694348327566358e-01 4.616935483870967527e-01 4.699398797595190636e-01 3.054435483870967527e-01 4.921524663677129818e-01 3.111545988258316853e-01 4.704926908500270955e-01 4.782850779510022243e-01 4.305949008498583530e-01 3.796477495107631883e-01 3.090172239108409102e-01 2.656250000000000000e-01 7.474048442906574552e-01 3.845707656612529224e-01 4.453125000000000000e-01 9.375000000000000000e-02 4.550781250000000000e-01 4.543956043956043911e-01 3.741496598639456050e-01 5.079191698525395982e-01 4.151260504201680912e-01 5.128062360801781683e-01 5.350000000000000311e-01 3.403632103104862194e-01 3.061224489795918435e-01 5.209380234505862628e-01 4.227005870841487045e-01 5.361930294906166461e-01 3.046875000000000000e-01 6.116352201257861942e-01 3.150684931506849140e-01 5.081610446137105885e-01 3.554687500000000000e-01 4.154809334092202655e-01 3.371958285052143456e-01 6.178176067474960842e-01 3.542074363992172015e-01 4.203062960862166686e-01 3.766364551863041199e-01
4.062500000000000000e-01 3.333333333333333148e-01 3.984375000000000000e-01 4.062500000000000000e-01 4.062500000000000000e-01 4.062500000000000000e-01 4.062500000000000000e-01 4.062500000000000000e-01 1.063829787234042562e-01 4.062500000000000000e-01 4.062500000000000000e-01 4.062500000000000000e-01 4.062500000000000000e-01 4.062500000000000000e-01 4.062500000000000000e-01 4.062500000000000000e-01 4.000000000000000222e-01 4.062500000000000000e-01 4.062500000000000000e-01 4.062500000000000000e-01 4.062500000000000000e-01 4.062500000000000000e-01 4.062500000000000000e-01 4.062500000000000000e-01 4.062500000000000000e-01 4.062500000000000000e-01 4.062500000000000000e-01 4.062500000000000000e-01 4.062500000000000000e-01 4.049586776859503967e-01 4.062500000000000000e-01 4.062500000000000000e-01 4.062500000000000000e-01 4.062500000000000000e-01 4.062500000000000000e-01 4.062500000000000000e-01 4.062500000000000000e-01 4.062500000000000000e-01 4.062500000000000000e-01 4.062500000000000000e-01 4.062500000000000000e-01 3.984375000000000000e-01 4.062500000000000000e-01 4.062500000000000000e-01 4.062500000000000000e-01 4.062500000000000000e-01 4.062500000000000000e-01 4.062500000000000000e-01 3.809523809523809312e-01 4.062500000000000000e-01 4.062500000000000000e-01 4.062500000000000000e-01 4.062500000000000000e-01 4.062500000000000000e-01 4.062500000000000000e-01 4.062500000000000000e-01 4.062500000000000000e-01 4.062500000000000000e-01 3.902439024390244038e-01 4.062500000000000000e-01 4.062500000000000000e-01 4.062500000000000000e-01 4.062500000000000000e-01 3.968253968253968034e-01 4.015748031496063075e-01 4.079999999999999738e-01 3.595505617977527990e-01 1.333333333333333315e-01 4.062500000000000000e-01 4.094488188976377896e-01 4.062500000000000000e-01 4.062500000000000000e-01 4.062500000000000000e-01 4.062500000000000000e-01 4.062500000000000000e-01 4.062500000000000000e-01 4.062500000000000000e-01 4.062500000000000000e-01 4.062500000000000000e-01 4.062500000000000000e-01 0.000000000000000000e+00 4.062500000000000000e-01 4.062500000000000000e-01 4.047619047619047672e-01 3.968253968253968034e-01 3.833333333333333592e-01 4.062500000000000000e-01 3.761467889908257090e-01 4.062500000000000000e-01 4.062500000000000000e-01 4.062500000000000000e-01 3.416666666666666741e-01 3.739837398373983546e-01 2.666666666666666630e-01 4.062500000000000000e-01 4.062500000000000000e-01 3.781512605042016695e-01 1.219512195121951192e-01 3.666666666666666408e-01 4.062500000000000000e-01 4.062500000000000000e-01 4.062500000000000000e-01 4.062500000000000000e-01 4.062500000000000000e-01 4.062500000000000000e-01 4.062500000000000000e-01 3.984375000000000000e-01 4.062500000000000000e-01 4.210526315789473450e-01 4.062500000000000000e-01 2.934782608695652439e-01 4.062500000000000000e-01 4.950495049504950451e-01 4.062500000000000000e-01 3.760683760683760646e-01 4.062500000000000000e-01 4.062500000000000000e-01 4.062500000000000000e-01 4.196428571428571508e-01 4.062500000000000000e-01 3.937007874015748254e-01
3.980582524271844558e-01 2.949640287769784153e-01 2.844950213371266190e-01 4.207525655644241969e-01 4.862104187946884593e-01 4.274809160305343414e-01 3.939745075318655809e-01 5.153764581124071764e-01 1.875000000000000000e-01 3.751451800232288303e-01 4.869739478957915702e-01 3.768292682926829285e-01 3.108298171589310988e-01 4.482758620689655249e-01 3.869346733668341809e-01 4.351145038167938961e-01 2.861586314152410604e-01 4.127167630057803627e-01 5.213675213675214026e-01 4.302702702702702608e-01 4.337606837606837740e-01 4.522222222222222476e-01 4.804687500000000000e-01 3.995299647473560256e-01 4.800838574423479943e-01 3.995459704880817142e-01 3.786982248520709970e-01 5.011337868480725266e-01 4.768611670020120874e-01 6.323232323232322871e-01 6.690856313497822727e-01 5.153764581124071764e-01 4.419354838709677602e-01 9.050279329608938994e-01 4.009779951100244655e-01 4.457831325301204739e-01 4.204171240395170317e-01 4.394250513347022769e-01 4.784784784784784639e-01 3.717472118959107563e-01 3.891509433962264120e-01 4.652114597544338426e-01 4.802761341222879787e-01 4.831460674157303514e-01 7.690972222222222099e-01 4.427402862985684862e-01 4.102870813397129224e-01 4.831460674157303514e-01 2.444113263785394896e-01 3.785377358490565891e-01 4.584647739221871521e-01 4.804687500000000000e-01 4.057279236276849499e-01 4.437299035369774991e-01 4.786235662148071168e-01 3.328981723237597889e-01 4.862104187946884593e-01 4.406215316315205133e-01 4.831730769230769273e-01 3.474903474903475176e-01 4.789579158316633056e-01 3.423423423423423428e-01 4.761904761904761640e-01 2.658788774002954214e-01 5.547945205479452024e-01 2.571839080459770166e-01 3.138075313807531241e-01 1.718750000000000000e-01 4.829369183040330693e-01 3.458445040214477295e-01 4.126611957796014196e-01 4.812623274161735853e-01 3.429319371727748700e-01 4.862944162436548257e-01 4.272051009564293289e-01 4.213421342134213154e-01 4.133476856835306967e-01 4.636459430979978924e-01 4.366197183098591283e-01 4.779116465863453844e-01 4.062500000000000000e-01 0.000000000000000000e+00 3.800243605359318044e-01 3.063427800269905577e-01 4.485294117647058987e-01 2.431192660550458851e-01 4.251101321585902815e-01 2.912621359223300788e-01 4.334061135371178874e-01 4.252491694352159568e-01 4.016203703703703498e-01 5.201072386058981367e-01 2.558139534883721034e-01 2.656250000000000000e-01 4.804687500000000000e-01 3.667861409796893679e-01 3.935185185185185452e-01 9.375000000000000000e-02 4.149184149184149129e-01 4.126106194690265516e-01 3.964071856287424978e-01 4.522019334049409145e-01 4.045714285714285818e-01 4.354485776805251396e-01 4.473398479913137660e-01 4.158940397350993634e-01 3.535483870967742193e-01 4.285714285714285476e-01 3.697674418604651181e-01 4.517819706498951704e-01 3.304721030042918617e-01 4.670719351570415401e-01 2.992700729927007530e-01 4.360902255639097502e-01 3.397590361445783080e-01 3.841743119266055051e-01 3.502475247524752255e-01 4.754098360655737432e-01 3.285371702637889801e-01 3.856655290102389277e-01 6.268382352941176405e-01
2.890809112333071473e-01 2.999999999999999889e-01 3.107769423558897071e-01 3.004996431120627864e-01 3.841536614645858494e-01 3.132694938440492294e-01 2.982588947766843246e-01 3.618817852834740889e-01 1.875000000000000000e-01 3.130841121495326895e-01 3.873318385650224016e-01 2.841091492776885996e-01 3.573232323232323204e-01 3.421717171717171824e-01 2.797029702970297294e-01 3.554469273743016688e-01 2.564766839378238572e-01 3.455098934550989154e-01 3.639125151883353393e-01 3.549488054607508603e-01 3.451505016722408170e-01 3.382456140350877383e-01 3.926780341023068943e-01 2.669649515287099151e-01 3.508879363135333773e-01 3.473053892215569038e-01 2.850430696945966957e-01 3.194351042367182258e-01 3.614730878186968588e-01 2.546174142480210900e-01 2.445987654320987692e-01 3.618817852834740889e-01 3.595430107526881858e-01 4.014423076923077094e-01 2.619954303122620232e-01 3.093959731543624025e-01 3.576063446286950054e-01 3.577586206896551935e-01 3.815937149270482442e-01 2.374501992031872455e-01 2.833078101071975774e-01 2.678868552412645432e-01 3.824317086234600982e-01 3.809523809523809312e-01 3.849821215733015278e-01 3.636363636363636465e-01 2.826585179526355796e-01 3.809523809523809312e-01 2.919418758256274726e-01 3.136472466081404731e-01 3.425000000000000266e-01 3.954887218045112784e-01 2.680722891566265087e-01 3.335526315789473784e-01 3.723667905824039615e-01 4.195121951219512035e-01 3.841536614645858494e-01 3.592302209550962133e-01 4.453781512605042292e-01 2.302521008403361213e-01 3.793696275071632984e-01 2.914083259521700886e-01 3.913288288288288563e-01 3.054830287206266592e-01 3.203517587939698763e-01 3.001277139208173850e-01 3.253968253968254065e-01 1.718750000000000000e-01 3.560426540284360453e-01 4.160493827160494096e-01 2.605477424130273612e-01 3.892837616183706939e-01 2.118644067796610075e-01 3.820224719101123489e-01 3.931564245810055813e-01 3.193968471555860278e-01 3.429951690821256283e-01 3.529784537389100141e-01 3.047238855622089182e-01 3.794694348327566358e-01 4.062500000000000000e-01 3.800243605359318044e-01 0.000000000000000000e+00 4.189016602809706447e-01 4.029850746268656692e-01 2.936400541271989018e-01 3.470546486870120795e-01 2.995689655172413812e-01 3.425034387895460886e-01 3.555555555555555691e-01 3.546153846153846101e-01 3.779697624190064831e-01 2.826379542395693334e-01 2.656250000000000000e-01 3.917629331993973119e-01 3.719357565511411390e-01 4.349680170575693228e-01 9.375000000000000000e-02 4.334038054968287756e-01 3.260563380281690238e-01 2.928348909657320642e-01 3.242705570291777306e-01 3.178758414360508544e-01 3.534303534303534500e-01 3.729395604395604469e-01 2.553542009884678943e-01 2.497883149872988928e-01 3.369713506139154213e-01 3.983050847457627053e-01 3.272267845862286695e-01 3.095238095238095344e-01 3.764145324597975018e-01 3.066954643628509447e-01 3.576741041244083652e-01 3.719912472647702306e-01 3.092705167173252501e-01 2.342126298960831299e-01 3.703923900118906154e-01 3.766519823788546106e-01 3.112283345892991604e-01 2.963430012610340225e-01
3.814180929095354333e-01 2.965686274509803932e-01 2.676258992805755632e-01 3.972602739726027177e-01 4.533468559837728340e-01 4.315906562847608430e-01 4.526445264452644279e-01 4.520123839009287936e-01 1.875000000000000000e-01 4.292742927429274435e-01 4.649298597194388982e-01 3.977272727272727071e-01 3.226744186046511809e-01 4.193548387096774355e-01 3.907455012853470189e-01 4.458100558659217616e-01 2.308868501529051931e-01 4.510278113663845345e-01 4.558670820353063480e-01 4.617977528089887707e-01 4.521452145214521212e-01 4.668949771689497874e-01 4.632713026444661986e-01 3.801652892561983577e-01 4.449064449064449311e-01 4.163742690058479523e-01 4.486692015209125528e-01 4.245076586433260135e-01 4.561933534743202179e-01 2.319749216300940331e-01 3.508982035928143728e-01 4.520123839009287936e-01 4.431072210065645778e-01 3.136482939632546096e-01 4.282083862770012517e-01 4.201312910284463742e-01 4.705202312138728193e-01 4.435146443514644266e-01 4.608433734939759163e-01 3.444857496902106742e-01 4.254007398273735863e-01 3.504492939666238871e-01 4.672619047619047672e-01 4.547304170905391851e-01 3.101182654402102612e-01 4.438669438669438638e-01 3.757431629013079921e-01 4.547304170905391851e-01 2.355623100303951278e-01 4.409547738693467278e-01 4.490445859872611578e-01 4.632713026444661986e-01 3.745541022592152047e-01 4.592511013215859195e-01 4.511434511434511685e-01 3.355614973262032175e-01 4.533468559837728340e-01 4.434389140271493002e-01 3.931034482758620774e-01 3.174807197943444459e-01 4.642497482376636286e-01 5.683563748079877298e-01 4.645354645354645151e-01 2.905718701700154560e-01 2.693409742120344008e-01 2.865761689291100867e-01 3.263598326359832824e-01 1.718750000000000000e-01 4.452405322415557976e-01 3.582295988934993125e-01 3.966942148760330689e-01 4.653465346534653713e-01 3.141361256544502600e-01 4.536290322580645018e-01 4.500548847420416942e-01 4.205816554809843621e-01 4.473094170403587588e-01 4.496288441145280812e-01 4.127843986998916415e-01 4.616935483870967527e-01 4.047619047619047672e-01 3.063427800269905577e-01 4.189016602809706447e-01 0.000000000000000000e+00 3.282758620689655293e-01 2.437106918238993725e-01 4.389140271493212619e-01 2.738386308068459507e-01 4.424581005586591953e-01 4.457142857142857295e-01 4.429611650485437147e-01 3.365384615384615641e-01 3.609671848013816797e-01 2.656250000000000000e-01 4.632713026444661986e-01 4.724409448818897572e-01 4.071428571428571397e-01 9.375000000000000000e-02 3.957845433255269274e-01 4.627039627039626901e-01 3.917274939172749604e-01 4.663726571113561148e-01 4.386174016686531507e-01 4.510686164229471551e-01 4.931662870159453371e-01 3.509677419354838568e-01 3.566710700132100231e-01 4.185022026431717834e-01 3.860911270983213295e-01 4.347368421052631438e-01 2.775510204081632626e-01 4.595701125895598760e-01 3.307888040712468336e-01 4.434687156970362198e-01 3.523573200992555776e-01 4.346246973365617272e-01 3.429648241206030290e-01 4.513817809621289423e-01 3.374384236453201735e-01 3.842592592592592449e-01 2.471098265895953772e-01
3.736526946107784353e-01 2.860576923076922906e-01 2.902298850574712707e-01 4.022598870056497411e-01 4.902363823227132711e-01 4.456762749445676297e-01 3.914053426248548240e-01 4.817898022892819765e-01 1.904761904761904656e-01 3.985765124555160077e-01 4.879275653923541012e-01 4.156171284634760932e-01 3.692762186115214340e-01 4.415448851774530503e-01 3.911392405063290889e-01 4.422442244224422669e-01 2.744186046511628008e-01 4.334511189634864814e-01 4.765868886576482555e-01 4.233261339092872499e-01 4.330117899249731894e-01 4.323432343234323572e-01 4.799216454456415315e-01 3.985849056603773533e-01 4.904661016949152796e-01 4.131185270425776768e-01 3.908872901678657197e-01 4.321389793702497539e-01 4.703517587939698430e-01 2.972536348949919027e-01 4.366373902132998919e-01 4.817898022892819765e-01 4.427645788336933008e-01 4.439716312056737335e-01 4.000000000000000222e-01 4.247020585048754127e-01 4.306326304106548042e-01 4.476683937823834336e-01 4.690618762475050052e-01 3.655514250309789270e-01 4.304878048780487743e-01 8.462867012089809737e-01 4.782608695652174058e-01 4.917525773195876027e-01 4.181818181818181546e-01 4.494845360824742397e-01 3.992848629320620013e-01 4.917525773195876027e-01 2.730061349693251316e-01 4.109090909090908905e-01 4.717784877529286325e-01 4.799216454456415315e-01 3.832547169811320598e-01 4.944320712694877384e-01 4.672897196261682207e-01 4.411347517730496715e-01 4.902363823227132711e-01 4.366666666666666474e-01 4.502369668246445356e-01 3.692509855453350864e-01 4.724724724724724823e-01 3.693931398416886447e-01 4.741550695825049733e-01 3.168469860896445112e-01 3.182481751824817739e-01 2.737920937042459535e-01 3.234042553191489588e-01 1.746031746031745935e-01 4.854469854469854462e-01 4.955089820359281361e-01 4.035087719298245390e-01 4.719764011799409964e-01 3.294270833333333148e-01 4.902962206332993067e-01 4.356223175965664995e-01 4.174008810572687467e-01 4.310722100656455003e-01 4.630021141649048877e-01 4.327548806941431403e-01 4.699398797595190636e-01 3.968253968253968034e-01 4.485294117647058987e-01 4.029850746268656692e-01 3.282758620689655293e-01 0.000000000000000000e+00 3.138211382113821335e-01 4.258849557522124130e-01 2.760290556900726333e-01 4.373626373626373631e-01 4.436936936936937137e-01 4.121779859484777653e-01 4.867724867724867455e-01 2.983870967741935609e-01 2.500000000000000000e-01 4.799216454456415315e-01 3.822815533980582492e-01 4.146919431279620927e-01 9.523809523809523281e-02 3.870967741935483764e-01 4.212290502793296088e-01 4.089805825242718296e-01 4.625407166123778335e-01 4.232558139534883801e-01 4.252998909487459289e-01 4.609460946094609546e-01 4.378378378378378621e-01 3.882978723404255095e-01 4.500000000000000111e-01 3.456221198156682051e-01 4.556962025316455556e-01 3.175965665236051283e-01 5.062630480167014113e-01 3.291457286432160623e-01 4.494015233949945620e-01 3.638613861386138515e-01 3.976744186046511365e-01 3.677581863979849097e-01 4.702868852459016202e-01 4.113110539845758473e-01 4.203747072599531842e-01 3.946117274167987299e-01
2.645914396887159570e-01 2.448979591836734637e-01 2.120200333889816491e-01 2.848557692307692180e-01 3.148148148148148251e-01 3.132250580046403443e-01 3.120204603580562508e-01 2.974093264248704460e-01 1.875000000000000000e-01 2.811704834605597836e-01 3.109327983951855612e-01 2.830188679245282946e-01 3.904235727440147352e-01 3.127035830618892231e-01 3.001402524544179440e-01 3.091954022988505635e-01 1.904761904761904656e-01 3.062500000000000222e-01 2.962577962577962465e-01 2.934537246049661596e-01 3.089887640449437978e-01 3.048498845265588675e-01 3.114593535749265452e-01 2.786885245901639108e-01 3.166311300639658710e-01 2.925336597307221509e-01 3.155792276964047849e-01 2.975113122171945679e-01 3.001007049345417732e-01 2.157996146435452733e-01 2.769028871391076008e-01 2.974093264248704460e-01 3.020134228187919545e-01 2.514792899408284099e-01 2.851458885941644539e-01 2.988636363636363869e-01 2.898383371824480581e-01 3.018065887353879040e-01 3.065326633165829096e-01 2.550607287449392913e-01 3.102094240837696137e-01 3.152492668621700855e-01 3.108910891089108897e-01 3.157894736842105088e-01 2.567164179104477473e-01 3.099787685774946788e-01 2.829705505761843654e-01 3.157894736842105088e-01 2.007299270072992747e-01 2.916666666666666852e-01 3.224043715846994784e-01 3.114593535749265452e-01 2.591194968553459099e-01 3.356164383561643927e-01 3.049421661409043027e-01 3.396825396825396970e-01 3.148148148148148251e-01 2.796803652968036791e-01 3.368700265251989290e-01 2.554112554112554223e-01 3.081570996978851840e-01 3.022556390977443885e-01 3.083832335329341201e-01 2.454212454212454098e-01 2.431972789115646183e-01 2.353982300884955858e-01 3.142857142857142794e-01 1.718750000000000000e-01 3.121085594989561618e-01 3.993231810490693867e-01 2.722772277227722970e-01 3.092885375494071054e-01 2.358078602620087283e-01 3.132653061224489610e-01 2.998885172798216314e-01 2.995337995337995496e-01 2.923777019340159100e-01 3.074433656957928918e-01 2.780867630700778470e-01 3.054435483870967527e-01 3.833333333333333592e-01 2.431192660550458851e-01 2.936400541271989018e-01 2.437106918238993725e-01 3.138211382113821335e-01 0.000000000000000000e+00 3.094958968347010786e-01 2.144927536231883980e-01 3.087557603686635899e-01 3.028169014084506894e-01 2.908863920099875044e-01 2.971428571428571530e-01 2.387475538160469535e-01 2.656250000000000000e-01 3.114593535749265452e-01 2.824933687002652571e-01 3.931623931623931534e-01 9.375000000000000000e-02 3.497267759562841527e-01 3.033175355450237198e-01 3.064729194187582606e-01 3.012181616832779740e-01 2.813641900121802708e-01 3.121387283236994326e-01 3.018018018018018278e-01 3.117647058823529438e-01 2.711370262390670471e-01 3.329411764705882404e-01 2.864864864864865024e-01 2.989247311827957221e-01 2.952380952380952439e-01 3.170984455958549275e-01 3.115264797507787953e-01 3.004484304932735217e-01 3.029411764705882137e-01 3.222079589216944595e-01 2.982954545454545303e-01 3.007209062821833423e-01 3.363636363636363646e-01 3.210659898477157270e-01 2.206896551724137900e-01
3.044368600682593740e-01 3.416149068322981153e-01 3.486033519553072835e-01 3.401665598975016080e-01 4.496342149690489842e-01 3.887127457197209757e-01 3.823119777158774379e-01 4.396355353075170891e-01 1.875000000000000000e-01 3.803810868031051728e-01 4.813815434430652740e-01 2.887663680220537432e-01 3.718091009988901408e-01 4.228028503562945573e-01 2.832980972515856122e-01 4.182168056446440296e-01 2.910958904109589018e-01 4.074585635359115887e-01 4.420871559633027248e-01 4.263124604680582075e-01 4.850260416666666852e-01 4.228758169934640487e-01 5.159203980099502651e-01 2.996699669966996771e-01 4.221711659965536878e-01 3.600525624178712025e-01 3.582089552238805763e-01 3.863354037267080487e-01 4.678747940691927454e-01 2.870370370370370350e-01 2.897260273972602773e-01 4.396355353075170891e-01 4.007330482590104048e-01 4.455337690631808178e-01 3.335640138408304534e-01 3.701418877236273830e-01 3.863490019317449842e-01 4.584560989982321977e-01 4.953475643130815786e-01 2.546455609084652405e-01 3.238095238095238249e-01 2.633802816901408272e-01 5.124668435013262080e-01 4.460756634669678089e-01 4.506578947368420907e-01 4.416273584905660576e-01 3.413626978664831557e-01 4.460756634669678089e-01 3.107019562715765404e-01 3.123287671232876650e-01 4.140350877192982559e-01 5.186474390850323024e-01 3.061497326203208580e-01 3.955042527339003855e-01 4.566236811254396066e-01 4.544456641053786772e-01 4.496342149690489842e-01 3.813451776649746106e-01 4.616935483870967527e-01 2.528901734104046506e-01 4.921962095875139220e-01 2.838038632986626952e-01 4.986331328594860723e-01 3.238312428734321791e-01 3.694915254237288171e-01 3.291995490417136683e-01 3.203125000000000000e-01 1.718750000000000000e-01 4.296089385474860523e-01 4.357848518111964720e-01 2.971729125575279240e-01 5.056239957150509001e-01 2.301013024602026058e-01 4.580536912751677625e-01 4.519230769230769273e-01 4.115755627009646256e-01 4.232498394348105375e-01 4.531722054380664666e-01 3.653610771113831035e-01 4.921524663677129818e-01 4.062500000000000000e-01 4.251101321585902815e-01 3.470546486870120795e-01 4.389140271493212619e-01 4.258849557522124130e-01 3.094958968347010786e-01 0.000000000000000000e+00 3.034623217922606808e-01 4.001260239445494915e-01 4.005184705119896327e-01 3.486055776892430513e-01 3.691683569979716251e-01 3.136792452830188815e-01 2.656250000000000000e-01 5.144422310756971983e-01 3.397027600849256701e-01 4.343434343434343647e-01 9.375000000000000000e-02 4.444444444444444198e-01 4.071895424836601274e-01 3.201094391244870274e-01 4.186483103879850010e-01 3.421400264200792352e-01 4.510443864229765065e-01 4.172392254840724402e-01 2.607167955024595751e-01 2.516129032258064280e-01 4.096080910240202377e-01 4.137931034482758563e-01 4.265944645006016778e-01 3.046875000000000000e-01 4.354838709677419373e-01 3.182751540041067750e-01 4.555910543130990420e-01 3.551020408163265141e-01 3.821081830790568623e-01 3.125904486251808723e-01 4.548022598870056221e-01 3.455284552845528379e-01 3.435828877005347448e-01 3.450226244343891358e-01
2.922077922077921941e-01 1.684587813620071761e-01 2.333333333333333370e-01 3.039014373716632522e-01 3.046875000000000000e-01 3.052208835341365667e-01 3.014553014553014720e-01 3.078431372549019773e-01 2.000000000000000111e-01 2.789256198347107585e-01 3.105468750000000000e-01 3.073593073593073322e-01 2.828784119106699801e-01 3.095238095238095344e-01 2.680851063829787218e-01 3.035714285714285476e-01 2.436974789915966333e-01 2.997903563941299865e-01 3.084479371316306562e-01 3.033932135728543145e-01 3.015873015873015706e-01 3.021868787276341672e-01 3.105468750000000000e-01 2.972972972972973138e-01 3.104125736738703178e-01 3.102040816326530615e-01 2.929936305732483981e-01 3.058350100603621780e-01 3.111545988258316853e-01 2.765957446808510745e-01 3.122270742358078666e-01 3.078431372549019773e-01 3.102766798418972183e-01 2.924528301886792359e-01 2.939914163090128763e-01 3.019999999999999907e-01 2.959999999999999853e-01 3.084479371316306562e-01 3.111545988258316853e-01 2.829373650107991356e-01 2.818371607515657851e-01 2.802690582959641019e-01 3.105468750000000000e-01 3.046875000000000000e-01 2.894736842105263275e-01 3.104125736738703178e-01 2.972972972972973138e-01 3.046875000000000000e-01 2.636103151862463911e-01 2.803347280334728131e-01 3.096646942800789226e-01 3.105468750000000000e-01 3.042553191489361653e-01 3.081510934393638101e-01 3.136094674556212936e-01 2.678983833718244778e-01 3.046875000000000000e-01 3.102040816326530615e-01 2.438271604938271608e-01 2.768878718535469075e-01 3.111545988258316853e-01 2.789115646258503167e-01 3.111545988258316853e-01 3.107344632768361814e-01 2.774869109947644130e-01 2.969187675070028010e-01 2.485875706214689396e-01 1.833333333333333204e-01 3.104125736738703178e-01 2.978723404255319007e-01 2.999999999999999889e-01 3.105468750000000000e-01 2.752293577981651529e-01 3.066406250000000000e-01 3.046092184368737743e-01 3.084677419354838745e-01 2.862823061630218602e-01 3.128712871287128716e-01 3.146292585170340494e-01 3.111545988258316853e-01 3.761467889908257090e-01 2.912621359223300788e-01 2.995689655172413812e-01 2.738386308068459507e-01 2.760290556900726333e-01 2.144927536231883980e-01 3.034623217922606808e-01 0.000000000000000000e+00 3.111111111111111160e-01 3.044354838709677491e-01 2.933884297520661377e-01 2.517730496453900457e-01 2.609970674486803421e-01 2.833333333333333259e-01 3.105468750000000000e-01 2.924731182795698992e-01 2.278481012658227778e-01 1.000000000000000056e-01 2.397476340694006391e-01 3.148148148148148251e-01 2.774327122153208980e-01 3.035714285714285476e-01 2.942386831275720094e-01 3.098591549295774406e-01 3.059999999999999942e-01 2.847533632286995409e-01 3.510895883777239712e-01 3.072289156626505924e-01 2.057877813504823128e-01 3.116370808678500803e-01 2.916666666666666852e-01 3.091976516634050709e-01 2.167300380228136814e-01 3.047808764940239112e-01 2.302158273381295084e-01 2.972972972972973138e-01 2.895322939866369905e-01 3.078431372549019773e-01 1.929824561403508665e-01 3.091286307053942028e-01 2.896174863387978027e-01
3.135026737967914201e-01 3.140000000000000013e-01 3.637374860956618661e-01 3.556538218572330989e-01 4.816901408450704469e-01 4.025000000000000244e-01 3.467635402906208975e-01 4.788087056128293439e-01 1.875000000000000000e-01 3.645621181262729271e-01 5.088948787061994272e-01 3.223367697594501924e-01 4.069506726457399193e-01 4.411764705882352811e-01 3.940520446096654195e-01 4.094586185438705561e-01 3.053348467650397469e-01 3.974615898463593755e-01 4.798387096774193727e-01 4.261890055589870330e-01 4.194528875379939237e-01 4.049118387909320105e-01 5.466334164588528832e-01 3.282994090610636961e-01 4.515203671830178012e-01 4.056915949702183943e-01 3.196776359973136361e-01 3.973105134474327893e-01 4.788503253796095316e-01 2.823129251700680076e-01 2.870431893687707681e-01 4.788087056128293439e-01 4.478716841455891440e-01 4.582881906825568841e-01 4.641537324464153902e-01 3.982790411800860575e-01 4.030514939605848723e-01 4.484536082474226970e-01 5.083919870059555590e-01 2.900343642611684092e-01 3.717421124828532153e-01 2.977528089887640506e-01 5.185572399372713193e-01 4.790723981900452677e-01 4.476806903991369935e-01 4.725987035945786729e-01 3.238598810310641118e-01 4.790723981900452677e-01 3.099547511312217285e-01 3.447098976109215229e-01 4.347069065583284986e-01 5.493519441674975523e-01 3.245382585751979132e-01 4.265776699029126262e-01 4.625576036866359542e-01 4.640522875816993631e-01 4.816901408450704469e-01 4.687294272547729013e-01 4.680000000000000271e-01 2.573839662447257592e-01 4.722371967654986347e-01 2.857142857142856984e-01 4.874933475252793968e-01 3.393870601589103475e-01 3.647450110864745021e-01 3.415453527435610148e-01 3.203125000000000000e-01 1.718750000000000000e-01 4.589614740368509471e-01 4.439608269858542067e-01 3.291803278688524848e-01 5.000000000000000000e-01 2.422096317280453270e-01 4.857621440536013524e-01 4.394785847299813586e-01 4.065040650406503975e-01 4.458598726114649802e-01 4.619500594530320803e-01 3.992651561543171801e-01 4.704926908500270955e-01 4.062500000000000000e-01 4.334061135371178874e-01 3.425034387895460886e-01 4.424581005586591953e-01 4.373626373626373631e-01 3.087557603686635899e-01 4.001260239445494915e-01 3.111111111111111160e-01 0.000000000000000000e+00 3.948362720403022497e-01 3.735177865612648307e-01 3.734939759036144391e-01 3.266978922716627376e-01 2.656250000000000000e-01 5.451822266600100386e-01 3.290102389078498057e-01 4.495967741935483764e-01 9.375000000000000000e-02 4.567404426559356079e-01 3.941882501579279663e-01 4.304253785147800770e-01 4.579145728643216340e-01 4.151967435549525076e-01 3.935128518971848233e-01 3.926858513189448452e-01 2.932120363890832748e-01 3.005780346820809412e-01 3.943833943833943700e-01 4.091816367265468934e-01 4.222873900293255267e-01 3.046875000000000000e-01 4.745383324006715031e-01 3.098591549295774406e-01 4.167679222357229540e-01 3.651115618661257556e-01 3.396596858638743499e-01 2.990264255910987656e-01 4.613674263479711213e-01 3.555555555555555691e-01 3.778371161548731427e-01 3.512304250559283858e-01
3.185595567867036126e-01 3.259109311740890913e-01 3.667425968109339629e-01 3.574218750000000000e-01 4.638176638176638167e-01 3.904458598726114893e-01 3.547945205479451913e-01 4.455275229357797961e-01 1.875000000000000000e-01 3.638908327501749751e-01 4.760107816711590112e-01 3.412526997840172882e-01 3.902714932126696845e-01 4.186460807600950185e-01 2.947894361170592670e-01 4.083067092651757046e-01 3.009259259259259300e-01 3.987603305785124008e-01 4.413793103448275801e-01 3.997509339975093279e-01 4.177057356608478988e-01 3.892445582586427921e-01 5.192403798100949652e-01 3.283683141503046521e-01 4.421728971962616828e-01 4.497540407589599165e-01 3.484419263456090543e-01 3.984915147705845317e-01 4.672537149146945290e-01 2.819025522041763154e-01 2.982698961937716442e-01 4.455275229357797961e-01 3.973105134474327893e-01 4.457831325301204739e-01 3.186813186813186594e-01 3.820224719101123489e-01 3.845161290322580694e-01 4.340499709471237755e-01 4.866339334424440999e-01 2.833922261484099203e-01 3.208446866485013538e-01 2.755174875089221875e-01 5.023771790808241322e-01 4.610983981693363987e-01 4.509371554575523633e-01 4.324324324324324564e-01 3.292265571526351575e-01 4.610983981693363987e-01 3.162790697674418561e-01 3.655221745350500928e-01 4.308605341246291021e-01 5.197007481296758158e-01 3.217922606924643603e-01 4.135802469135802517e-01 4.559341950646298436e-01 4.693422519509475865e-01 4.638176638176638167e-01 3.883557261676263694e-01 4.640000000000000235e-01 2.670579603815113612e-01 4.784053156146179653e-01 3.197852760736196176e-01 4.907306434023991359e-01 3.387470997679814522e-01 3.646659116647791854e-01 3.564814814814814548e-01 3.215686274509804154e-01 1.718750000000000000e-01 4.607899255867201060e-01 4.439511653718091200e-01 3.274814314652261804e-01 5.002675227394328683e-01 2.503692762186115472e-01 4.664410603496897956e-01 4.174513496547395119e-01 4.007682458386683799e-01 3.998732572877059521e-01 4.411057692307692180e-01 3.787972721636702067e-01 4.782850779510022243e-01 4.062500000000000000e-01 4.252491694352159568e-01 3.555555555555555691e-01 4.457142857142857295e-01 4.436936936936937137e-01 3.028169014084506894e-01 4.005184705119896327e-01 3.044354838709677491e-01 3.948362720403022497e-01 0.000000000000000000e+00 4.773722627737226332e-01 3.805668016194331815e-01 3.069657615112160731e-01 2.656250000000000000e-01 5.185185185185184897e-01 3.617328519855595448e-01 4.368737474949899724e-01 9.375000000000000000e-02 4.556451612903225645e-01 3.916990920881971427e-01 3.135245901639344135e-01 4.089775561097256928e-01 3.955892487939351998e-01 4.269156471345782466e-01 4.137500000000000067e-01 2.828427853553481808e-01 2.862426035502958488e-01 3.972344437460716415e-01 4.222222222222222210e-01 4.088200238379022800e-01 3.058823529411764941e-01 4.591836734693877653e-01 3.217922606924643603e-01 4.501915708812260775e-01 3.638211382113821224e-01 3.734439834024896321e-01 2.879543834640057032e-01 4.590909090909091050e-01 3.597560975609755962e-01 3.852005532503458007e-01 3.617511520737327069e-01
3.092250922509224842e-01 3.319327731092436840e-01 3.270365997638725042e-01 3.399588759424262974e-01 4.221574344023323877e-01 3.695797198132088068e-01 3.014084507042253391e-01 4.394942805538831765e-01 1.875000000000000000e-01 3.584764749813293405e-01 4.212534059945504117e-01 3.300076745970836334e-01 3.858173076923077094e-01 3.749239196591600543e-01 2.776934749620637577e-01 3.493819128171763433e-01 2.874692874692874600e-01 3.368495077355836975e-01 4.282282282282282027e-01 4.035785288270377635e-01 3.578214059531348856e-01 3.307240704500978290e-01 4.586466165413533580e-01 3.179856115107913550e-01 4.064942874323511646e-01 5.148902821316614364e-01 2.827187274041937926e-01 3.719711853307138272e-01 3.987865416436844890e-01 2.656826568265682753e-01 2.838235294117646967e-01 4.394942805538831765e-01 3.820512820512820262e-01 4.331797235023041592e-01 2.952243125904486232e-01 3.620915032679738466e-01 3.846153846153846367e-01 3.924955330553900890e-01 4.329099944781888420e-01 2.695783132530120696e-01 2.930664760543245095e-01 2.600760456273764065e-01 4.497863247863247982e-01 4.200351493848857864e-01 4.302191464821222833e-01 4.211822660098522020e-01 3.613824192336588803e-01 4.200351493848857864e-01 3.150684931506849140e-01 3.446712018140589695e-01 4.088943792464484472e-01 4.592296148074037077e-01 3.128612716763005674e-01 3.670886075949367222e-01 4.721003134796238343e-01 4.391657010428737240e-01 4.221574344023323877e-01 3.774476704929101700e-01 4.629629629629629650e-01 2.525490196078431504e-01 4.277684092186621601e-01 3.380992430613961042e-01 4.402654867256637350e-01 3.391304347826086807e-01 3.569711538461538547e-01 3.414932680538555476e-01 3.215686274509804154e-01 1.718750000000000000e-01 4.196951934349354985e-01 4.244186046511627675e-01 3.076923076923077094e-01 4.430652995143011252e-01 2.464114832535885258e-01 4.269208549971115207e-01 3.890339425587467370e-01 3.539473684210526216e-01 3.813953488372093248e-01 3.974121996303142113e-01 3.579766536964980594e-01 4.305949008498583530e-01 4.062500000000000000e-01 4.016203703703703498e-01 3.546153846153846101e-01 4.429611650485437147e-01 4.121779859484777653e-01 2.908863920099875044e-01 3.486055776892430513e-01 2.933884297520661377e-01 3.735177865612648307e-01 4.773722627737226332e-01 0.000000000000000000e+00 3.600823045267489975e-01 2.903629536921151222e-01 2.656250000000000000e-01 4.570998494731560724e-01 3.580819798917246888e-01 4.262295081967212851e-01 9.375000000000000000e-02 4.543568464730290413e-01 3.493975903614457978e-01 3.030523255813953321e-01 3.804277381723914497e-01 3.692196531791907543e-01 3.878908848968729006e-01 4.213333333333333375e-01 2.854926299456943539e-01 2.996768982229402467e-01 3.635179153094462712e-01 4.082474226804123640e-01 3.910336239103362477e-01 3.058823529411764941e-01 4.070236039147956397e-01 3.193277310924369505e-01 3.966079582517938462e-01 3.541666666666666852e-01 3.125884016973126123e-01 2.609022556390977465e-01 4.125144843568945285e-01 3.584905660377358250e-01 3.562635771180304167e-01 3.293269230769230727e-01
3.333333333333333148e-01 2.154882154882154788e-01 3.096446700507614058e-01 3.786008230452674872e-01 3.757338551859099596e-01 3.810483870967741882e-01 3.828451882845188559e-01 3.818897637795275468e-01 1.904761904761904656e-01 3.710691823899370800e-01 3.789062500000000000e-01 3.653846153846153633e-01 3.049645390070921946e-01 3.789682539682539542e-01 3.511777301927194728e-01 3.757455268389662262e-01 3.417366946778711556e-01 3.847780126849894566e-01 3.826429980276134235e-01 3.705179282868525936e-01 3.737574552683896600e-01 3.827655310621242424e-01 3.789062500000000000e-01 3.757828810020876764e-01 3.818897637795275468e-01 3.816326530612245138e-01 3.731343283582089776e-01 3.930753564154786384e-01 3.769531250000000000e-01 4.630225080385851899e-01 4.260089686098654793e-01 3.818897637795275468e-01 3.767258382642997838e-01 4.987146529562981878e-01 3.516949152542372947e-01 3.747494989979959779e-01 3.687374749498997795e-01 3.772102161100196471e-01 3.796477495107631883e-01 3.440170940170940161e-01 3.549060542797494722e-01 4.360189573459715695e-01 3.789062500000000000e-01 3.757338551859099596e-01 4.909090909090909061e-01 3.791748526522593088e-01 3.700623700623700829e-01 3.757338551859099596e-01 2.899728997289973131e-01 3.563941299790356343e-01 3.786982248520709970e-01 3.789062500000000000e-01 3.846153846153846367e-01 3.777335984095427368e-01 3.799212598425196763e-01 3.487297921478060281e-01 3.757338551859099596e-01 3.816326530612245138e-01 3.035714285714285476e-01 3.507972665148063607e-01 3.796477495107631883e-01 3.311111111111111338e-01 3.796477495107631883e-01 2.894056847545219413e-01 4.289617486338797581e-01 2.704081632653061451e-01 3.352272727272727071e-01 1.746031746031745935e-01 3.818897637795275468e-01 3.676814988290398323e-01 3.643892339544513304e-01 3.789062500000000000e-01 3.310810810810810856e-01 3.776908023483365739e-01 3.719999999999999973e-01 3.707414829659318456e-01 3.750000000000000000e-01 3.740157480314960647e-01 3.820000000000000062e-01 3.796477495107631883e-01 3.416666666666666741e-01 5.201072386058981367e-01 3.779697624190064831e-01 3.365384615384615641e-01 4.867724867724867455e-01 2.971428571428571530e-01 3.691683569979716251e-01 2.517730496453900457e-01 3.734939759036144391e-01 3.805668016194331815e-01 3.600823045267489975e-01 0.000000000000000000e+00 3.285714285714285698e-01 2.500000000000000000e-01 3.789062500000000000e-01 3.560767590618336698e-01 2.740963855421686968e-01 9.523809523809523281e-02 2.776119402985074425e-01 3.727087576374745193e-01 3.583333333333333370e-01 3.812375249500998264e-01 3.747412008281573725e-01 3.719999999999999973e-01 3.705179282868525936e-01 3.693693693693693714e-01 3.477272727272727182e-01 3.830645161290322509e-01 2.615384615384615530e-01 3.752455795677799855e-01 4.085365853658536328e-01 3.803921568627450789e-01 2.544169611307420253e-01 3.717693836978130939e-01 2.866894197952218337e-01 3.643892339544513304e-01 3.464912280701754610e-01 3.764705882352941124e-01 2.417218543046357748e-01 3.760330578512396937e-01 5.225225225225225145e-01
2.672750977835723352e-01 2.658959537572254117e-01 2.233502538071066024e-01 2.781774580335731328e-01 3.130792996910401471e-01 3.097447795823665695e-01 2.932996207332490557e-01 3.119747899159663884e-01 1.875000000000000000e-01 3.124183006535947715e-01 3.066132264529057849e-01 3.347398030942334568e-01 3.146853146853146876e-01 2.967741935483870774e-01 3.200000000000000067e-01 3.132947976878612817e-01 2.048417132216014958e-01 3.024999999999999911e-01 3.177966101694915113e-01 2.973893303064699123e-01 3.115124153498871062e-01 3.196721311475410054e-01 3.085210577864838655e-01 3.028350515463917314e-01 3.148345784418356552e-01 3.261964735516372782e-01 2.960526315789473450e-01 2.782122905027932802e-01 2.996972754793138516e-01 1.893939393939393923e-01 2.679738562091503185e-01 3.119747899159663884e-01 3.329506314580941706e-01 2.582089552238805985e-01 3.360995850622406911e-01 3.118527042577675656e-01 3.075117370892018753e-01 2.944915254237288060e-01 3.101010101010100994e-01 2.910863509749303524e-01 3.236074270557029453e-01 2.956521739130434923e-01 3.118172790466732791e-01 3.140495867768595128e-01 2.448071216617210555e-01 3.081827842720510358e-01 2.629582806573956821e-01 3.140495867768595128e-01 2.265917602996254665e-01 2.911227154046997501e-01 3.006465517241379559e-01 3.085210577864838655e-01 2.601010101010101105e-01 3.216308040770101684e-01 3.059071729957805741e-01 3.120124804992199796e-01 3.130792996910401471e-01 3.230769230769230949e-01 3.552631578947368363e-01 2.528901734104046506e-01 3.090909090909090828e-01 2.785185185185184986e-01 3.093093093093093326e-01 2.583643122676579917e-01 2.255892255892255893e-01 2.192982456140350755e-01 3.239436619718309984e-01 1.718750000000000000e-01 3.158447009443861586e-01 3.268921095008051614e-01 2.893081761006289221e-01 3.089108910891089077e-01 2.664670658682634641e-01 3.128834355828221114e-01 2.965440356744704631e-01 3.036342321219226426e-01 3.098265895953757343e-01 3.141304347826087140e-01 2.905405405405405150e-01 3.090172239108409102e-01 3.739837398373983546e-01 2.558139534883721034e-01 2.826379542395693334e-01 3.609671848013816797e-01 2.983870967741935609e-01 2.387475538160469535e-01 3.136792452830188815e-01 2.609970674486803421e-01 3.266978922716627376e-01 3.069657615112160731e-01 2.903629536921151222e-01 3.285714285714285698e-01 0.000000000000000000e+00 2.656250000000000000e-01 3.085210577864838655e-01 2.768211920529801140e-01 3.404825737265415597e-01 9.375000000000000000e-02 3.359788359788359879e-01 3.028503562945368266e-01 3.164218958611482169e-01 3.363740022805016827e-01 2.950617283950617287e-01 2.790960451977401169e-01 2.998872604284103516e-01 2.978102189781021703e-01 2.931547619047619180e-01 3.185530921820303174e-01 3.162162162162162060e-01 2.915326902465166237e-01 2.990654205607476412e-01 3.072164948453608435e-01 3.627760252365930804e-01 3.103057757644394066e-01 3.841463414634146423e-01 2.918238993710691731e-01 2.741258741258741360e-01 3.125000000000000000e-01 3.177842565597667757e-01 3.023839397741530655e-01 2.218370883882148925e-01
2.656250000000000000e-01 2.698412698412698263e-01 2.656250000000000000e-01 2.656250000000000000e-01 2.656250000000000000e-01 2.656250000000000000e-01 2.656250000000000000e-01 2.656250000000000000e-01 1.153846153846153910e-01 2.656250000000000000e-01 2.656250000000000000e-01 2.656250000000000000e-01 2.656250000000000000e-01 2.656250000000000000e-01 2.656250000000000000e-01 2.656250000000000000e-01 2.656250000000000000e-01 2.656250000000000000e-01 2.656250000000000000e-01 2.656250000000000000e-01 2.656250000000000000e-01 2.656250000000000000e-01 2.656250000000000000e-01 2.656250000000000000e-01 2.656250000000000000e-01 2.656250000000000000e-01 2.656250000000000000e-01 2.656250000000000000e-01 2.656250000000000000e-01 2.656250000000000000e-01 2.656250000000000000e-01 2.656250000000000000e-01 2.656250000000000000e-01 2.656250000000000000e-01 2.656250000000000000e-01 2.656250000000000000e-01 2.656250000000000000e-01 2.656250000000000000e-01 2.656250000000000000e-01 2.656250000000000000e-01 2.656250000000000000e-01 2.656250000000000000e-01 2.656250000000000000e-01 2.656250000000000000e-01 2.656250000000000000e-01 2.656250000000000000e-01 2.656250000000000000e-01 2.656250000000000000e-01 2.656250000000000000e-01 2.656250000000000000e-01 2.656250000000000000e-01 2.656250000000000000e-01 2.656250000000000000e-01 2.656250000000000000e-01 2.656250000000000000e-01 2.656250000000000000e-01 2.656250000000000000e-01 2.656250000000000000e-01 2.698412698412698263e-01 2.656250000000000000e-01 2.656250000000000000e-01 2.656250000000000000e-01 2.656250000000000000e-01 2.656250000000000000e-01 2.656250000000000000e-01 2.656250000000000000e-01 2.203389830508474534e-01 1.666666666666666574e-01 2.656250000000000000e-01 2.656250000000000000e-01 2.656250000000000000e-01 2.656250000000000000e-01 2.656250000000000000e-01 2.656250000000000000e-01 2.656250000000000000e-01 2.656250000000000000e-01 2.656250000000000000e-01 2.656250000000000000e-01 2.656250000000000000e-01 2.656250000000000000e-01 2.666666666666666630e-01 2.656250000000000000e-01 2.656250000000000000e-01 2.656250000000000000e-01 2.500000000000000000e-01 2.656250000000000000e-01 2.656250000000000000e-01 2.833333333333333259e-01 2.656250000000000000e-01 2.656250000000000000e-01 2.656250000000000000e-01 2.500000000000000000e-01 2.656250000000000000e-01 0.000000000000000000e+00 2.656250000000000000e-01 2.656250000000000000e-01 2.656250000000000000e-01 0.000000000000000000e+00 2.539682539682539542e-01 2.656250000000000000e-01 2.656250000000000000e-01 2.656250000000000000e-01 2.656250000000000000e-01 2.656250000000000000e-01 2.656250000000000000e-01 2.656250000000000000e-01 2.656250000000000000e-01 2.656250000000000000e-01 2.343750000000000000e-01 2.656250000000000000e-01 2.777777777777777901e-01 2.656250000000000000e-01 2.580645161290322509e-01 2.656250000000000000e-01 2.698412698412698263e-01 2.656250000000000000e-01 2.656250000000000000e-01 2.656250000000000000e-01 2.786885245901639108e-01 2.656250000000000000e-01 2.656250000000000000e-01
4.032258064516128782e-01 3.261718750000000000e-01 3.968719452590420138e-01 4.817591204397800864e-01 7.176294820717131762e-01 5.261584454409566902e-01 4.361809045226130443e-01 6.911984087518647790e-01 1.875000000000000000e-01 4.159159159159159236e-01 7.831444061113849164e-01 3.797786720321931764e-01 4.266144814090019333e-01 6.287992027902341574e-01 3.571788413098236914e-01 5.427713856928464420e-01 3.225806451612903136e-01 4.598796389167502663e-01 6.847339632023868861e-01 5.593220338983050377e-01 5.699352911896465868e-01 5.272909364046068914e-01 9.969434538970962656e-01 4.231347020530796255e-01 6.653406265539532072e-01 4.788944723618090427e-01 4.011071967790639237e-01 5.579528349222278027e-01 7.537091988130564246e-01 3.027343750000000000e-01 3.891129032258064391e-01 6.911984087518647790e-01 5.782652043868394820e-01 5.126953125000000000e-01 4.091595369904378332e-01 5.393034825870647309e-01 5.152729093640460167e-01 6.566056407718950938e-01 7.749876907927129022e-01 3.561368209255533213e-01 4.237373737373737459e-01 3.503797468354430400e-01 8.371978293043906838e-01 7.101593625498008322e-01 5.087890625000000000e-01 6.433878157503715167e-01 4.067796610169491789e-01 7.101593625498008322e-01 3.304007820136852236e-01 3.986960882647943571e-01 6.356858846918489458e-01 9.883544303797467956e-01 4.234642497482376533e-01 5.849999999999999645e-01 6.681569796323895138e-01 5.151811949069540209e-01 7.176294820717131762e-01 5.196811160936721796e-01 4.765625000000000000e-01 3.133501259445843901e-01 7.548195748887790435e-01 3.209751142712036764e-01 7.838104639684106978e-01 3.545543584720862174e-01 4.003906250000000000e-01 3.708414872798434514e-01 3.203125000000000000e-01 1.718750000000000000e-01 7.040714995034756951e-01 4.970645792563600507e-01 4.294324460070316207e-01 8.183613030602171490e-01 2.962216624685138355e-01 7.313432835820895539e-01 5.635276532137518668e-01 5.309381237524950503e-01 5.360517155643957921e-01 6.308457711442786442e-01 5.396825396825396526e-01 7.474048442906574552e-01 4.062500000000000000e-01 4.804687500000000000e-01 3.917629331993973119e-01 4.632713026444661986e-01 4.799216454456415315e-01 3.114593535749265452e-01 5.144422310756971983e-01 3.105468750000000000e-01 5.451822266600100386e-01 5.185185185185184897e-01 4.570998494731560724e-01 3.789062500000000000e-01 3.085210577864838655e-01 2.656250000000000000e-01 0.000000000000000000e+00 3.969696969696969724e-01 4.472656250000000000e-01 9.375000000000000000e-02 4.570312500000000000e-01 5.130000000000000115e-01 4.064224786753637964e-01 5.699999999999999512e-01 4.583333333333333148e-01 5.480000000000000426e-01 5.702148925537231516e-01 3.429003021148036012e-01 3.233956543708944031e-01 5.522761380690345279e-01 4.218750000000000000e-01 6.171485543369890081e-01 3.046875000000000000e-01 7.252747252747252515e-01 3.144531250000000000e-01 5.668821481849826149e-01 3.574218750000000000e-01 4.423754403623553211e-01 3.550176500252143486e-01 7.094695091720376601e-01 3.535156250000000000e-01 4.465629703963873709e-01 3.792766373411534664e-01
2.871754523996852826e-01 3.125000000000000000e-01 3.345959595959596133e-01 2.987848463187991466e-01 3.696428571428571619e-01 3.261772853185595511e-01 3.174114021571648458e-01 3.613293051359516839e-01 1.875000000000000000e-01 3.102104442712392829e-01 3.837535014005602485e-01 3.073770491803278770e-01 3.524283935242839561e-01 3.348017621145374378e-01 2.548701298701298579e-01 3.595505617977527990e-01 2.740259740259740062e-01 3.499234303215926767e-01 3.526570048309178862e-01 3.645761543762922052e-01 3.749143248800548278e-01 3.300699300699300731e-01 3.971774193548386900e-01 2.775263951734540102e-01 3.494788473329246137e-01 3.465866466616654429e-01 3.046251993620414655e-01 3.187331536388139930e-01 3.663817663817663939e-01 2.608125819134993195e-01 2.523364485981308136e-01 3.613293051359516839e-01 3.489304812834224667e-01 3.962040332147093724e-01 2.717474980754426284e-01 3.139770425388251351e-01 3.559566787003610178e-01 3.325257419745608622e-01 3.665183537263626001e-01 2.403846153846153910e-01 2.834101382488479204e-01 2.481511914543960695e-01 3.992395437262357683e-01 3.688622754491017730e-01 3.964285714285714080e-01 3.682219419924337989e-01 2.788388082505729448e-01 3.688622754491017730e-01 2.728442728442728171e-01 3.309002433090024176e-01 3.623649078194532969e-01 4.007056451612903136e-01 2.662141779788838591e-01 3.552278820375335266e-01 3.795255930087390595e-01 4.346764346764346865e-01 3.696428571428571619e-01 3.319327731092436840e-01 4.351464435146443765e-01 2.168473728106755649e-01 3.860357761107905405e-01 3.785578747628083329e-01 4.035287421741605152e-01 2.944942381562100087e-01 3.291614518147684687e-01 3.125000000000000000e-01 3.125000000000000000e-01 1.718750000000000000e-01 3.571004159239453135e-01 4.121951219512194897e-01 2.662192393736018126e-01 3.926414058209775071e-01 2.189905902480752675e-01 3.725721012360211915e-01 3.667582417582417320e-01 3.370473537604457004e-01 3.413959917069799843e-01 3.813229571984435573e-01 3.031312458361092865e-01 3.845707656612529224e-01 4.062500000000000000e-01 3.667861409796893679e-01 3.719357565511411390e-01 4.724409448818897572e-01 3.822815533980582492e-01 2.824933687002652571e-01 3.397027600849256701e-01 2.924731182795698992e-01 3.290102389078498057e-01 3.617328519855595448e-01 3.580819798917246888e-01 3.560767590618336698e-01 2.768211920529801140e-01 2.656250000000000000e-01 3.969696969696969724e-01 0.000000000000000000e+00 4.337606837606837740e-01 9.375000000000000000e-02 4.444444444444444198e-01 3.328601845280340643e-01 2.701458173445894229e-01 3.262316910785619251e-01 3.371385083713850928e-01 3.757062146892655163e-01 4.335010783608914675e-01 2.450819672131147597e-01 2.434488588334742243e-01 3.436426116838487976e-01 3.911205073995771553e-01 3.291058972733037491e-01 2.968750000000000000e-01 3.556731334509112274e-01 3.108695652173912860e-01 3.524645509790682030e-01 3.528138528138528018e-01 3.215384615384615508e-01 2.401289282836422123e-01 3.755980861244019309e-01 3.455723542116630465e-01 3.274674827850038161e-01 2.843016069221260822e-01
4.071729957805907407e-01 2.413793103448275967e-01 3.571428571428571508e-01 4.476386036960985360e-01 4.499017681728880169e-01 4.486921529175050272e-01 4.652631578947368229e-01 4.507874015748031260e-01 1.875000000000000000e-01 4.324324324324324564e-01 4.472656250000000000e-01 4.309978768577494845e-01 4.352078239608802024e-01 4.512922465208747402e-01 4.261241970021413250e-01 4.540000000000000147e-01 3.854447439353099747e-01 4.465408805031446660e-01 4.488188976377952555e-01 4.431137724550898160e-01 4.520000000000000129e-01 4.529058116232465014e-01 4.472656250000000000e-01 4.309278350515464151e-01 4.479371316306483553e-01 4.354838709677419373e-01 4.477611940298507620e-01 4.525252525252525526e-01 4.481409001956946914e-01 3.101604278074866494e-01 4.156118143459915371e-01 4.507874015748031260e-01 4.429133858267716439e-01 3.918918918918918859e-01 4.473118279569892608e-01 4.507042253521126862e-01 4.388777555110220385e-01 4.431372549019607643e-01 4.481409001956946914e-01 4.248927038626609254e-01 4.400000000000000022e-01 4.276169265033407663e-01 4.472656250000000000e-01 4.499017681728880169e-01 3.778280542986425239e-01 4.479371316306483553e-01 4.309278350515464151e-01 4.499017681728880169e-01 3.482849604221636142e-01 4.267782426778242710e-01 4.448818897637795144e-01 4.472656250000000000e-01 4.501061571125265504e-01 4.530938123752494828e-01 4.459724950884086381e-01 4.844124700239808012e-01 4.499017681728880169e-01 4.297188755020080464e-01 3.249299719887955296e-01 3.955555555555555491e-01 4.453125000000000000e-01 4.120267260579064672e-01 4.453125000000000000e-01 3.553299492385786906e-01 3.543689320388349606e-01 3.258706467661691697e-01 2.843137254901960675e-01 1.718750000000000000e-01 4.479371316306483553e-01 4.361948955916473136e-01 4.338842975206611552e-01 4.472656250000000000e-01 4.099099099099098864e-01 4.490196078431372695e-01 4.477911646586345551e-01 4.408817635270541047e-01 4.368737474949899724e-01 4.543650793650793607e-01 4.347826086956521618e-01 4.453125000000000000e-01 3.781512605042016695e-01 3.935185185185185452e-01 4.349680170575693228e-01 4.071428571428571397e-01 4.146919431279620927e-01 3.931623931623931534e-01 4.343434343434343647e-01 2.278481012658227778e-01 4.495967741935483764e-01 4.368737474949899724e-01 4.262295081967212851e-01 2.740963855421686968e-01 3.404825737265415597e-01 2.656250000000000000e-01 4.472656250000000000e-01 4.337606837606837740e-01 0.000000000000000000e+00 9.375000000000000000e-02 3.190883190883190834e-01 4.294354838709677491e-01 4.342379958246346816e-01 4.424603174603174427e-01 4.382716049382716084e-01 4.305555555555555802e-01 4.547283702213279488e-01 4.320712694877505422e-01 3.802197802197802012e-01 4.507042253521126862e-01 3.204747774480712352e-01 4.468503937007873850e-01 2.772277227722772519e-01 4.490196078431372695e-01 2.540192926045016231e-01 4.442231075697211096e-01 2.955974842767295496e-01 4.610526315789473806e-01 4.454342984409799810e-01 4.479371316306483553e-01 2.772585669781931217e-01 4.543568464730290413e-01 3.686868686868686740e-01
9.375000000000000000e-02 9.523809523809523281e-02 9.375000000000000000e-02 9.375000000000000000e-02 9.375000000000000000e-02 9.375000000000000000e-02 9.375000000000000000e-02 9.375000000000000000e-02 1.250000000000000000e-01 9.375000000000000000e-02 9.375000000000000000e-02 9.375000000000000000e-02 9.375000000000000000e-02 9.375000000000000000e-02 9.375000000000000000e-02 9.375000000000000000e-02 9.375000000000000000e-02 9.375000000000000000e-02 9.375000000000000000e-02 9.375000000000000000e-02 9.375000000000000000e-02 9.375000000000000000e-02 9.375000000000000000e-02 9.375000000000000000e-02 9.375000000000000000e-02 9.375000000000000000e-02 9.375000000000000000e-02 9.375000000000000000e-02 9.375000000000000000e-02 9.375000000000000000e-02 9.375000000000000000e-02 9.375000000000000000e-02 9.375000000000000000e-02 9.375000000000000000e-02 9.375000000000000000e-02 9.375000000000000000e-02 9.375000000000000000e-02 9.375000000000000000e-02 9.375000000000000000e-02 9.375000000000000000e-02 9.375000000000000000e-02 9.375000000000000000e-02 9.375000000000000000e-02 9.375000000000000000e-02 9.375000000000000000e-02 9.375000000000000000e-02 9.375000000000000000e-02 9.375000000000000000e-02 9.375000000000000000e-02 9.375000000000000000e-02 9.375000000000000000e-02 9.375000000000000000e-02 9.375000000000000000e-02 9.375000000000000000e-02 9.375000000000000000e-02 9.375000000000000000e-02 9.375000000000000000e-02 9.375000000000000000e-02 9.523809523809523281e-02 9.375000000000000000e-02 9.375000000000000000e-02 9.375000000000000000e-02 9.375000000000000000e-02 9.375000000000000000e-02 9.375000000000000000e-02 9.375000000000000000e-02 1.090909090909090856e-01 2.142857142857142738e-01 9.375000000000000000e-02 9.375000000000000000e-02 9.375000000000000000e-02 9.375000000000000000e-02 9.375000000000000000e-02 9.375000000000000000e-02 9.375000000000000000e-02 9.375000000000000000e-02 9.375000000000000000e-02 9.375000000000000000e-02 9.375000000000000000e-02 9.375000000000000000e-02 1.219512195121951192e-01 9.375000000000000000e-02 9.375000000000000000e-02 9.375000000000000000e-02 9.523809523809523281e-02 9.375000000000000000e-02 9.375000000000000000e-02 1.000000000000000056e-01 9.375000000000000000e-02 9.375000000000000000e-02 9.375000000000000000e-02 9.523809523809523281e-02 9.375000000000000000e-02 0.000000000000000000e+00 9.375000000000000000e-02 9.375000000000000000e-02 9.375000000000000000e-02 0.000000000000000000e+00 9.677419354838709409e-02 9.375000000000000000e-02 9.375000000000000000e-02 9.375000000000000000e-02 9.375000000000000000e-02 9.375000000000000000e-02 9.375000000000000000e-02 9.375000000000000000e-02 9.375000000000000000e-02 9.375000000000000000e-02 9.677419354838709409e-02 9.375000000000000000e-02 1.153846153846153910e-01 9.375000000000000000e-02 9.836065573770491621e-02 9.375000000000000000e-02 9.523809523809523281e-02 9.375000000000000000e-02 9.375000000000000000e-02 9.375000000000000000e-02 8.064516129032257841e-02 9.375000000000000000e-02 9.375000000000000000e-02
4.088050314465409008e-01 2.078313253012048223e-01 3.594132029339853207e-01 4.430894308943089666e-01 4.568627450980392024e-01 4.616935483870967527e-01 4.306122448979591844e-01 4.520547945205479201e-01 1.935483870967741882e-01 4.488517745302714190e-01 4.570312500000000000e-01 4.665226781857451654e-01 3.929411764705882382e-01 4.583333333333333148e-01 4.307036247334754542e-01 4.640000000000000235e-01 3.445595854922279822e-01 4.509394572025052228e-01 4.529411764705882359e-01 4.530938123752494828e-01 4.503968253968254065e-01 4.455445544554455517e-01 4.570312500000000000e-01 4.472049689440993903e-01 4.549019607843137192e-01 4.602851323828920371e-01 4.190871369294605908e-01 4.655870445344129638e-01 4.550781250000000000e-01 3.598901098901098883e-01 4.444444444444444198e-01 4.520547945205479201e-01 4.527559055118109965e-01 4.031531531531531432e-01 4.456289978678038555e-01 4.520000000000000129e-01 4.488977955911823692e-01 4.586614173228346636e-01 4.579256360078277632e-01 4.387096774193548487e-01 4.384133611691022891e-01 4.197802197802197877e-01 4.570312500000000000e-01 4.568627450980392024e-01 4.147465437788018239e-01 4.549019607843137192e-01 4.562499999999999889e-01 4.568627450980392024e-01 3.578947368421052655e-01 4.282744282744282982e-01 4.575936883629191376e-01 4.570312500000000000e-01 4.484210526315789425e-01 4.543650793650793607e-01 4.557956777996070574e-01 4.149659863945578397e-01 4.568627450980392024e-01 4.397590361445782858e-01 3.168044077134986036e-01 4.035476718403547824e-01 4.550781250000000000e-01 4.168514412416851611e-01 4.550781250000000000e-01 3.441396508728179482e-01 3.799019607843137081e-01 3.416458852867830243e-01 2.885572139303482775e-01 1.774193548387096864e-01 4.549019607843137192e-01 3.991031390134529011e-01 4.412371134020618424e-01 4.570312500000000000e-01 4.116331096196867989e-01 4.559686888454011489e-01 4.520000000000000129e-01 4.596774193548386900e-01 4.556451612903225645e-01 4.527559055118109965e-01 4.532803180914513064e-01 4.550781250000000000e-01 3.666666666666666408e-01 4.149184149184149129e-01 4.334038054968287756e-01 3.957845433255269274e-01 3.870967741935483764e-01 3.497267759562841527e-01 4.444444444444444198e-01 2.397476340694006391e-01 4.567404426559356079e-01 4.556451612903225645e-01 4.543568464730290413e-01 2.776119402985074425e-01 3.359788359788359879e-01 2.539682539682539542e-01 4.570312500000000000e-01 4.444444444444444198e-01 3.190883190883190834e-01 9.677419354838709409e-02 0.000000000000000000e+00 4.512195121951219634e-01 4.446764091858037560e-01 4.581673306772908183e-01 4.515463917525773252e-01 4.433399602385685867e-01 4.473161033797216635e-01 4.086956521739130710e-01 4.224719101123595721e-01 4.319526627218934767e-01 3.119533527696792818e-01 4.566929133858267931e-01 2.561576354679803158e-01 4.588235294117646856e-01 2.267080745341615022e-01 4.398422090729783296e-01 2.830769230769230593e-01 4.353182751540041195e-01 4.125269978401727711e-01 4.577603143418467746e-01 2.652439024390244038e-01 4.320486815415821580e-01 4.061696658097686541e-01
3.084886128364389135e-01 3.123732251521298409e-01 3.568985176738882492e-01 3.700527704485488401e-01 4.460756634669678089e-01 3.713745271122320113e-01 4.152298850574712707e-01 4.319088319088318917e-01 1.875000000000000000e-01 3.795309168443496972e-01 4.853101196953210072e-01 2.908837856645790088e-01 3.852272727272727515e-01 4.155766944114149819e-01 2.964824120603015145e-01 4.504623513870541496e-01 2.893518518518518601e-01 3.577181208053691330e-01 4.310246136233543135e-01 4.035087719298245390e-01 4.369055168040583137e-01 4.588394062078272606e-01 5.129740518962075946e-01 3.466574776016540516e-01 4.316463059918557166e-01 3.582286847323198908e-01 4.138702460850111620e-01 3.736059479553903162e-01 4.588364434687157156e-01 2.777129521586931271e-01 2.927335640138408190e-01 4.319088319088318917e-01 4.070413835701049976e-01 4.411441144114411350e-01 3.436401967673928248e-01 4.059910771191841961e-01 3.847150259067357303e-01 4.513274336283185639e-01 5.002760905577029460e-01 2.932761087267525268e-01 3.447075208913649158e-01 2.670940170940170888e-01 4.942044257112750416e-01 4.449489216799091817e-01 4.478935698447893410e-01 4.310954063604240383e-01 3.246575342465753411e-01 4.449489216799091817e-01 2.956120092378752839e-01 4.071058475203552796e-01 4.278074866310160318e-01 5.126928820308611634e-01 2.900864936793080551e-01 4.507310870947234815e-01 4.615384615384615641e-01 4.598214285714285476e-01 4.460756634669678089e-01 3.867864015394483768e-01 4.745417515274948927e-01 2.565789473684210731e-01 4.578313253012047945e-01 2.918552036199095201e-01 4.695417789757412308e-01 3.271461716937354991e-01 3.672768878718535301e-01 3.325688073394495459e-01 3.215686274509804154e-01 1.718750000000000000e-01 4.397283531409167945e-01 4.233737596471885412e-01 2.992700729927007530e-01 4.856535600425079813e-01 2.546537602382725196e-01 4.488541084404695236e-01 4.312977099236641187e-01 4.165042235217673583e-01 4.320104098893949307e-01 4.285714285714285476e-01 3.876017532874139193e-01 4.543956043956043911e-01 4.062500000000000000e-01 4.126106194690265516e-01 3.260563380281690238e-01 4.627039627039626901e-01 4.212290502793296088e-01 3.033175355450237198e-01 4.071895424836601274e-01 3.148148148148148251e-01 3.941882501579279663e-01 3.916990920881971427e-01 3.493975903614457978e-01 3.727087576374745193e-01 3.028503562945368266e-01 2.656250000000000000e-01 5.130000000000000115e-01 3.328601845280340643e-01 4.294354838709677491e-01 9.375000000000000000e-02 4.512195121951219634e-01 0.000000000000000000e+00 3.216011042097998707e-01 3.961562306261624533e-01 3.910344827586206828e-01 4.019047619047619313e-01 4.034869240348692432e-01 2.743553008595988607e-01 2.579941860465116421e-01 3.843750000000000222e-01 4.233128834355828207e-01 3.982195845697329428e-01 3.007812500000000000e-01 4.513574660633484226e-01 3.162217659137577241e-01 4.214824120603015145e-01 3.530612244897959329e-01 3.492496589358799475e-01 2.849999999999999756e-01 4.537194775695627680e-01 3.545081967213114527e-01 3.434343434343434254e-01 3.394285714285714128e-01
2.810107197549770452e-01 3.297872340425531679e-01 3.255528255528255532e-01 2.866065232477446045e-01 3.648569760653823657e-01 3.527373527373527384e-01 3.194864048338368345e-01 3.704368641532016504e-01 1.875000000000000000e-01 3.307513555383423953e-01 3.805066079295154058e-01 3.097913322632424027e-01 3.746898263027295117e-01 3.479075577763897642e-01 8.711583924349881602e-01 3.532235939643347256e-01 2.664141414141414366e-01 4.184397163120567309e-01 3.610280932456664815e-01 3.900758097863542551e-01 3.431952662721893255e-01 3.521617852161785245e-01 4.073146292585170247e-01 2.598253275109170257e-01 3.481927710843373269e-01 3.362509117432531114e-01 3.029595015576324046e-01 2.973324658425504086e-01 3.595756560580681271e-01 2.664092664092664320e-01 2.359128474830954059e-01 3.704368641532016504e-01 3.764233087742799855e-01 4.122497055359246043e-01 3.665048543689320426e-01 3.106411103767349746e-01 3.698140200286123003e-01 3.665241295051924197e-01 3.909648633575014132e-01 2.315462315462315512e-01 3.312548713951675716e-01 2.671009771986970760e-01 3.803486529318542142e-01 3.616647127784290983e-01 4.091981132075471761e-01 3.733665214685749634e-01 2.674074074074074270e-01 3.616647127784290983e-01 2.928388746803068932e-01 3.068535825545171125e-01 3.624999999999999889e-01 4.065934065934065922e-01 2.562225475841873878e-01 3.466317854807063337e-01 3.527995183624322850e-01 4.404332129963898779e-01 3.648569760653823657e-01 3.919597989949748507e-01 4.474226804123711543e-01 2.123176661264181420e-01 3.779661016949152352e-01 2.584459459459459429e-01 3.813465783664459208e-01 3.159235668789808771e-01 3.300613496932515156e-01 3.055900621118012306e-01 3.188976377952755792e-01 1.718750000000000000e-01 3.549328663164039721e-01 4.251207729468599039e-01 2.636562272396212880e-01 3.885590933621154708e-01 2.052761747732893549e-01 3.701561596298438284e-01 3.640646029609690415e-01 3.637630662020905903e-01 3.959068454481298738e-01 3.535290443472829391e-01 3.094612352168199521e-01 3.741496598639456050e-01 4.062500000000000000e-01 3.964071856287424978e-01 2.928348909657320642e-01 3.917274939172749604e-01 4.089805825242718296e-01 3.064729194187582606e-01 3.201094391244870274e-01 2.774327122153208980e-01 4.304253785147800770e-01 3.135245901639344135e-01 3.030523255813953321e-01 3.583333333333333370e-01 3.164218958611482169e-01 2.656250000000000000e-01 4.064224786753637964e-01 2.701458173445894229e-01 4.342379958246346816e-01 9.375000000000000000e-02 4.446764091858037560e-01 3.216011042097998707e-01 0.000000000000000000e+00 3.644922663080026881e-01 3.133235724743777539e-01 3.367003367003367220e-01 3.274509803921568651e-01 2.743652743652743586e-01 2.514522821576763434e-01 3.342263898191560889e-01 4.041666666666666741e-01 3.423536815607300388e-01 2.980392156862745057e-01 3.774250440917107374e-01 3.170212765957446943e-01 3.289902280130292955e-01 3.580508474576271083e-01 3.552123552123552241e-01 2.638331996792301348e-01 3.836589698046181107e-01 3.683083511777301977e-01 3.164933135215453053e-01 3.050430504305042811e-01
3.223684210526315819e-01 3.273453093812375148e-01 3.810043668122270466e-01 3.574969021065675379e-01 4.861111111111111049e-01 4.112207151664611371e-01 3.436492585428755908e-01 4.833427442123094386e-01 1.875000000000000000e-01 3.875759621877110095e-01 5.184196476241323959e-01 3.144192256341789005e-01 4.235423542354235238e-01 4.413633737723858808e-01 3.342599027102154396e-01 3.966142684401450791e-01 3.065934065934066144e-01 4.013114754098360826e-01 4.860716316088686817e-01 4.062126642771803908e-01 4.512195121951219634e-01 4.154228855721392999e-01 5.706440339490763680e-01 3.256410256410256499e-01 4.655663062037563860e-01 3.877159309021113165e-01 3.293650793650793607e-01 4.248166259168704162e-01 4.951456310679611672e-01 2.942477876106194823e-01 3.056653491436099879e-01 4.833427442123094386e-01 5.502268308489954851e-01 4.844587352625938093e-01 3.735593220338983000e-01 3.892215568862275599e-01 3.909820877084619895e-01 4.292059966685174976e-01 5.090618336886993944e-01 2.830440587449933321e-01 4.045329670329670391e-01 3.100346020761245436e-01 5.396659707724426047e-01 4.843750000000000000e-01 4.691489361702127492e-01 4.603903559127439649e-01 3.221433182698515418e-01 4.843750000000000000e-01 3.110624315443592525e-01 3.309114927344782298e-01 4.633720930232558266e-01 5.710014947683108577e-01 3.245161290322580716e-01 4.442435201928872646e-01 4.698521046643913679e-01 4.870967741935484097e-01 4.861111111111111049e-01 4.314465408805031599e-01 4.780876494023904577e-01 2.580645161290322509e-01 5.086956521739129933e-01 3.181818181818181768e-01 5.268817204301075030e-01 3.454746136865342043e-01 3.819368879216539781e-01 3.445652173913043570e-01 3.203125000000000000e-01 1.718750000000000000e-01 4.742096505823627517e-01 4.688172043010752632e-01 3.282051282051282048e-01 5.331928345626976151e-01 2.398345968297725672e-01 4.909090909090909061e-01 4.476423759951010384e-01 4.337500000000000244e-01 4.523212045169385243e-01 4.549680418361417567e-01 3.943746259724715819e-01 5.079191698525395982e-01 4.062500000000000000e-01 4.522019334049409145e-01 3.242705570291777306e-01 4.663726571113561148e-01 4.625407166123778335e-01 3.012181616832779740e-01 4.186483103879850010e-01 3.035714285714285476e-01 4.579145728643216340e-01 4.089775561097256928e-01 3.804277381723914497e-01 3.812375249500998264e-01 3.363740022805016827e-01 2.656250000000000000e-01 5.699999999999999512e-01 3.262316910785619251e-01 4.424603174603174427e-01 9.375000000000000000e-02 4.581673306772908183e-01 3.961562306261624533e-01 3.644922663080026881e-01 0.000000000000000000e+00 3.757262750161394216e-01 4.081261370527592414e-01 4.325468844525106049e-01 3.037190082644627975e-01 3.011283497884343907e-01 4.038577456298975132e-01 4.251497005988024158e-01 4.318840579710144789e-01 3.046875000000000000e-01 4.930362116991643395e-01 3.232931726907630754e-01 4.225014961101137279e-01 3.619999999999999885e-01 3.488072211476466733e-01 2.882154882154882025e-01 4.798007747648035393e-01 3.634538152610441997e-01 3.847669074195666505e-01 3.583877995642701375e-01
2.927895120174799914e-01 3.188405797101449002e-01 3.279069767441860628e-01 3.074866310160427885e-01 4.169570267131242902e-01 3.775989268947015365e-01 3.283045977011494476e-01 4.087161366313309951e-01 1.875000000000000000e-01 3.541666666666666852e-01 4.288061336254107569e-01 3.256880733944954032e-01 3.841607565011820324e-01 3.865030674846625658e-01 2.872421695951107856e-01 3.687335092348285048e-01 2.999999999999999889e-01 3.595425303788420401e-01 4.085257548845470654e-01 3.959156785243742038e-01 3.785347043701799419e-01 3.525513585155732321e-01 4.598796389167502663e-01 2.935779816513761631e-01 4.054054054054054279e-01 3.477351916376306695e-01 2.975146198830409539e-01 3.708306082406802040e-01 4.228827818283791284e-01 2.737226277372262762e-01 2.714701601164483113e-01 4.087161366313309951e-01 4.070450097847357895e-01 4.243792325056433556e-01 3.140132061628760352e-01 3.365384615384615641e-01 3.767918088737201576e-01 3.783146729522687268e-01 4.216867469879518326e-01 2.542750929368029489e-01 3.240673006583760229e-01 2.617960426179604116e-01 4.526484751203852519e-01 4.164719626168224553e-01 4.246885617214042896e-01 4.386292834890965775e-01 2.987106017191977214e-01 4.164719626168224553e-01 2.862275449101796543e-01 3.852140077821011865e-01 4.103831891223733153e-01 4.597298649324662589e-01 2.857142857142856984e-01 3.755569700827498525e-01 4.040645546921697306e-01 4.600231749710312901e-01 4.169570267131242902e-01 4.124567474048442817e-01 4.453441295546558543e-01 2.378001549186677110e-01 4.171779141104294264e-01 3.049180327868852292e-01 4.344713656387665379e-01 3.268765133171913084e-01 3.525943396226415283e-01 3.341317365269461104e-01 3.176470588235293935e-01 1.718750000000000000e-01 4.136522753792298834e-01 4.238258877434135097e-01 2.846153846153846034e-01 4.327798607391536989e-01 2.247454972592012601e-01 4.192992533026995705e-01 3.833658219623131691e-01 3.708388814913448628e-01 3.577023498694517079e-01 3.997532387415175803e-01 3.542340012928248405e-01 4.151260504201680912e-01 4.062500000000000000e-01 4.045714285714285818e-01 3.178758414360508544e-01 4.386174016686531507e-01 4.232558139534883801e-01 2.813641900121802708e-01 3.421400264200792352e-01 2.942386831275720094e-01 4.151967435549525076e-01 3.955892487939351998e-01 3.692196531791907543e-01 3.747412008281573725e-01 2.950617283950617287e-01 2.656250000000000000e-01 4.583333333333333148e-01 3.371385083713850928e-01 4.382716049382716084e-01 9.375000000000000000e-02 4.515463917525773252e-01 3.910344827586206828e-01 3.133235724743777539e-01 3.757262750161394216e-01 0.000000000000000000e+00 4.025537634408601906e-01 3.805825242718446355e-01 2.666157372039725248e-01 3.121434392828035809e-01 3.615084525357607492e-01 3.971486761710794067e-01 3.907902924704418357e-01 3.070866141732283561e-01 4.059804485336400148e-01 3.256302521008403450e-01 3.574144486692015232e-01 3.604166666666666630e-01 3.525127458120903001e-01 2.799389778794812988e-01 3.961076130509444959e-01 3.647798742138364525e-01 3.648943918426802435e-01 3.365041617122473405e-01
3.456536618754277868e-01 3.340080971659918907e-01 3.476347634763476413e-01 3.597213426219125765e-01 4.764309764309764272e-01 4.146187775677378506e-01 3.700470114170584246e-01 4.511235955056179803e-01 1.875000000000000000e-01 3.597025016903312999e-01 5.021459227467811592e-01 3.166894664842681006e-01 4.074074074074073848e-01 4.528749259039715480e-01 3.155680224403927259e-01 4.387301587301587480e-01 2.983050847457627275e-01 4.238095238095238027e-01 4.495205865764241304e-01 4.922480620155038622e-01 4.784810126582278444e-01 4.064272211720226791e-01 5.486769845232152276e-01 3.333333333333333148e-01 4.571099597006332838e-01 3.925294888597640752e-01 3.438140806561859053e-01 3.979217603911980317e-01 4.753921038399134824e-01 2.899543378995433907e-01 2.989276139410187438e-01 4.511235955056179803e-01 4.144578313253012292e-01 4.651416122004357057e-01 3.310946944257890934e-01 3.903481979230299381e-01 4.393741851368970219e-01 4.726426076833527556e-01 5.097508125677139290e-01 2.907216494845361043e-01 3.348899266177451373e-01 2.778161713890808793e-01 5.167014613778705412e-01 4.738028169014084634e-01 4.703947368421052544e-01 4.740566037735848837e-01 3.540540540540540460e-01 4.738028169014084634e-01 3.014623172103487181e-01 3.444747612551159466e-01 4.581367924528301772e-01 5.490782262082710696e-01 3.003236245954692407e-01 4.050179211469533969e-01 4.949970570924073221e-01 4.629629629629629650e-01 4.764309764309764272e-01 4.090909090909091161e-01 4.603174603174602919e-01 2.572030920590301917e-01 5.135734072022161145e-01 3.139277818717760016e-01 5.278688524590163800e-01 3.474285714285714199e-01 3.835770528683914438e-01 3.695652173913043237e-01 3.203125000000000000e-01 1.718750000000000000e-01 4.693648116919617586e-01 4.413043478260869623e-01 3.333333333333333148e-01 5.293489861259338403e-01 2.634989200863930847e-01 4.830083565459610262e-01 4.409937888198757761e-01 3.975155279503105321e-01 4.211514392991239086e-01 4.530419373892498602e-01 4.041769041769041615e-01 5.128062360801781683e-01 4.062500000000000000e-01 4.354485776805251396e-01 3.534303534303534500e-01 4.510686164229471551e-01 4.252998909487459289e-01 3.121387283236994326e-01 4.510443864229765065e-01 3.098591549295774406e-01 3.935128518971848233e-01 4.269156471345782466e-01 3.878908848968729006e-01 3.719999999999999973e-01 2.790960451977401169e-01 2.656250000000000000e-01 5.480000000000000426e-01 3.757062146892655163e-01 4.305555555555555802e-01 9.375000000000000000e-02 4.433399602385685867e-01 4.019047619047619313e-01 3.367003367003367220e-01 4.081261370527592414e-01 4.025537634408601906e-01 0.000000000000000000e+00 4.534083802376485117e-01 2.921034241788958985e-01 3.069666182873729832e-01 4.600638977635782556e-01 4.188376753507013772e-01 4.355029585798816383e-01 3.046875000000000000e-01 4.628190899001110026e-01 3.112449799196786993e-01 4.793912492073557630e-01 3.554216867469879304e-01 3.726541554959785785e-01 3.079076277116865046e-01 4.960182025028441188e-01 3.514056224899598235e-01 3.585526315789473450e-01 3.516237402015677249e-01
3.254281949934124119e-01 3.246492985971943801e-01 3.662280701754385692e-01 3.680598877105427102e-01 4.757442116868798032e-01 4.318750000000000089e-01 3.869680851063829752e-01 4.728291316526610499e-01 1.875000000000000000e-01 3.515111695137976278e-01 5.260053619302949013e-01 3.668515950069348164e-01 3.934426229508196649e-01 4.450231481481481399e-01 3.012863913337847088e-01 4.413965087281795374e-01 3.058035714285714524e-01 4.053876478318002574e-01 4.663677130044843189e-01 4.436274509803921351e-01 4.410163339382940362e-01 4.001229256299938530e-01 5.692921236291126341e-01 3.311897106109324973e-01 4.692132269099201780e-01 3.723135271807838098e-01 3.761969904240766160e-01 3.945008965929467926e-01 4.930032292787944193e-01 2.903587443946188396e-01 3.009836065573770481e-01 4.728291316526610499e-01 4.395670475045099224e-01 4.767567567567567721e-01 3.350888742593811642e-01 4.013277006638503175e-01 4.211853720050441341e-01 4.455667789001122592e-01 5.239376008606777546e-01 2.733289212442091554e-01 3.189432989690721421e-01 3.123268698060941984e-01 5.528669121514991902e-01 4.739756367663344183e-01 4.740259740259740173e-01 4.682814302191464773e-01 3.389941214892227550e-01 4.739756367663344183e-01 3.030973451327433899e-01 3.674576271186440479e-01 4.800235017626321987e-01 5.704330512692882271e-01 3.181526619627966790e-01 4.639804639804639974e-01 5.087514585764294495e-01 4.939759036144578119e-01 4.757442116868798032e-01 4.053053670573719680e-01 4.701195219123506241e-01 2.568493150684931781e-01 5.382059800664451554e-01 4.047619047619047672e-01 5.555555555555555802e-01 3.528748590755355075e-01 3.732162458836443264e-01 3.488372093023255904e-01 3.203125000000000000e-01 1.718750000000000000e-01 4.876957494407158644e-01 4.834801762114537271e-01 3.159898477157360164e-01 5.555555555555555802e-01 2.412129565816678034e-01 4.830230010952902275e-01 4.568965517241379559e-01 3.974437005477784446e-01 4.223449969306322660e-01 4.620770128354725892e-01 3.980815347721822772e-01 5.350000000000000311e-01 4.062500000000000000e-01 4.473398479913137660e-01 3.729395604395604469e-01 4.931662870159453371e-01 4.609460946094609546e-01 3.018018018018018278e-01 4.172392254840724402e-01 3.059999999999999942e-01 3.926858513189448452e-01 4.137500000000000067e-01 4.213333333333333375e-01 3.705179282868525936e-01 2.998872604284103516e-01 2.656250000000000000e-01 5.702148925537231516e-01 4.335010783608914675e-01 4.547283702213279488e-01 9.375000000000000000e-02 4.473161033797216635e-01 4.034869240348692432e-01 3.274509803921568651e-01 4.325468844525106049e-01 3.805825242718446355e-01 4.534083802376485117e-01 0.000000000000000000e+00 2.917518745739604569e-01 2.925122463261021766e-01 4.451332920024798634e-01 4.199999999999999845e-01 4.490035169988276786e-01 3.046875000000000000e-01 5.025210084033613356e-01 3.205645161290322509e-01 4.488428745432399558e-01 3.567134268537074382e-01 3.749179251477347541e-01 3.134430727023319596e-01 5.000000000000000000e-01 3.554216867469879304e-01 3.558124598587026344e-01 3.584070796460177011e-01
2.415185783521809348e-01 3.115124153498871062e-01 3.415300546448087338e-01 2.754268745360059500e-01 3.567467652495379116e-01 3.111913357400721836e-01 2.605633802816901268e-01 3.564231738035264496e-01 1.875000000000000000e-01 2.717041800643086868e-01 3.471590909090909172e-01 2.312757201646090666e-01 3.699186991869918839e-01 3.112840466926070082e-01 2.659667541557305115e-01 3.056147832267235298e-01 2.778561354019746243e-01 2.711993888464476754e-01 3.619592875318066172e-01 2.883561643835616528e-01 2.946367956551255718e-01 2.851033499643620961e-01 3.425414364640884113e-01 2.608695652173912971e-01 3.693811074918566528e-01 2.887537993920972768e-01 2.536704730831974008e-01 3.066104078762306728e-01 3.312101910828025297e-01 3.005865102639296293e-01 2.941680960548885282e-01 3.564231738035264496e-01 2.896505376344086224e-01 4.348958333333333148e-01 2.534301856335754444e-01 2.916083916083915817e-01 2.752688172043010750e-01 2.977146386658431343e-01 3.099999999999999978e-01 2.416452442159383041e-01 2.718446601941747476e-01 2.979890310786105778e-01 3.324367939752554957e-01 3.550185873605947728e-01 4.222797927461139911e-01 3.250159948816378486e-01 2.430939226519336915e-01 3.550185873605947728e-01 2.765363128491620248e-01 2.536585365853658569e-01 3.060702875399360923e-01 3.413413413413413644e-01 2.480252764612954075e-01 3.126279863481228882e-01 3.046971569839307947e-01 4.248704663212435340e-01 3.567467652495379116e-01 2.796309439318665491e-01 4.622222222222222010e-01 2.078152753108348239e-01 3.452102803738317793e-01 2.154398563734290784e-01 3.479498861047836122e-01 3.276595744680850797e-01 3.557692307692307820e-01 3.015006821282401051e-01 3.104838709677419373e-01 1.718750000000000000e-01 3.596764156813939128e-01 4.497991967871485808e-01 2.511737089201878104e-01 3.508869179600886956e-01 2.187500000000000000e-01 3.566221142162818714e-01 2.996563573883161413e-01 2.619542619542619688e-01 2.908199018920812895e-01 3.044315992292870865e-01 2.719178082191781032e-01 3.403632103104862194e-01 4.062500000000000000e-01 4.158940397350993634e-01 2.553542009884678943e-01 3.509677419354838568e-01 4.378378378378378621e-01 3.117647058823529438e-01 2.607167955024595751e-01 2.847533632286995409e-01 2.932120363890832748e-01 2.828427853553481808e-01 2.854926299456943539e-01 3.693693693693693714e-01 2.978102189781021703e-01 2.656250000000000000e-01 3.429003021148036012e-01 2.450819672131147597e-01 4.320712694877505422e-01 9.375000000000000000e-02 4.086956521739130710e-01 2.743553008595988607e-01 2.743652743652743586e-01 3.037190082644627975e-01 2.666157372039725248e-01 2.921034241788958985e-01 2.917518745739604569e-01 0.000000000000000000e+00 2.217275155832591216e-01 3.116607773851590157e-01 4.031180400890868598e-01 3.120893561103810776e-01 3.102040816326530615e-01 3.375757575757575846e-01 3.157894736842105088e-01 3.032169746748802353e-01 3.630136986301369939e-01 2.778216258879242506e-01 2.371134020618556604e-01 3.187537447573397520e-01 3.741339491916859106e-01 2.851531814611154569e-01 3.693181818181818232e-01
2.275350370981038817e-01 2.981651376146788879e-01 2.860962566844919563e-01 2.546957175056348555e-01 3.110164333536214465e-01 2.710280373831775447e-01 2.258823529411764786e-01 3.056416615003099690e-01 1.875000000000000000e-01 2.772689425478767622e-01 3.124293785310734428e-01 2.905525846702317061e-01 3.631361760660247739e-01 2.613418530351437896e-01 2.369584438549955929e-01 2.545582047685834293e-01 2.203856749311294827e-01 2.664576802507837017e-01 3.056768558951964976e-01 2.773519163763066286e-01 2.829537612146307834e-01 2.562634216177523405e-01 3.244197780020181554e-01 2.366107114308553250e-01 3.141394753678822815e-01 2.864949258391881193e-01 2.224958949096880190e-01 2.630844382414515015e-01 2.966589861751152135e-01 2.456896551724137845e-01 2.144638403990024866e-01 3.056416615003099690e-01 3.047419804741980376e-01 3.627204030226700016e-01 2.397034596375617888e-01 2.624561403508772206e-01 2.718589272593681105e-01 2.944514501891550839e-01 3.014084507042253391e-01 2.289473684210526216e-01 2.605459057071960460e-01 2.405063291139240556e-01 3.143939393939393923e-01 3.090575275397796640e-01 3.611111111111111049e-01 3.076923076923077094e-01 2.354368932038835016e-01 3.090575275397796640e-01 2.680851063829787218e-01 2.628909551986475246e-01 3.550577053632043567e-01 3.239436619718309984e-01 2.255999999999999950e-01 2.842465753424657793e-01 2.926065162907268147e-01 3.935483870967741993e-01 3.110164333536214465e-01 2.961595273264401862e-01 4.352678571428571508e-01 1.894832275611967320e-01 3.080046403712297098e-01 2.642787996127783368e-01 3.123938879456706341e-01 2.992907801418439595e-01 2.945113788487282447e-01 3.210749646393210588e-01 3.225806451612903136e-01 1.718750000000000000e-01 3.166974738139248235e-01 4.042272126816380262e-01 2.378292098962490053e-01 3.133589884551951643e-01 2.067988668555240661e-01 3.123123123123123235e-01 2.825330549756436826e-01 2.565556343019135266e-01 2.796005706134094271e-01 2.711538461538461342e-01 2.712579058327477255e-01 3.061224489795918435e-01 3.984375000000000000e-01 3.535483870967742193e-01 2.497883149872988928e-01 3.566710700132100231e-01 3.882978723404255095e-01 2.711370262390670471e-01 2.516129032258064280e-01 3.510895883777239712e-01 3.005780346820809412e-01 2.862426035502958488e-01 2.996768982229402467e-01 3.477272727272727182e-01 2.931547619047619180e-01 2.656250000000000000e-01 3.233956543708944031e-01 2.434488588334742243e-01 3.802197802197802012e-01 9.375000000000000000e-02 4.224719101123595721e-01 2.579941860465116421e-01 2.514522821576763434e-01 3.011283497884343907e-01 3.121434392828035809e-01 3.069666182873729832e-01 2.925122463261021766e-01 2.217275155832591216e-01 0.000000000000000000e+00 2.750352609308885921e-01 3.727678571428571508e-01 2.780327868852459083e-01 3.064516129032258118e-01 3.124620060790273546e-01 3.301662707838479704e-01 2.764786795048143064e-01 3.348623853211009083e-01 2.340926944226237316e-01 1.897435897435897356e-01 3.009063444108761587e-01 3.647058823529411575e-01 2.623211446740858488e-01 3.092926490984743149e-01
2.980263157894736947e-01 3.206412825651302478e-01 3.498896247240618207e-01 3.702290076335877922e-01 4.811903425042111104e-01 4.454428754813863911e-01 3.982240437158470203e-01 4.558740865654862251e-01 1.875000000000000000e-01 3.774744027303754135e-01 4.970666666666666567e-01 3.062880324543610366e-01 4.099099099099098864e-01 4.657125819916517750e-01 3.094575799721835940e-01 4.505424377791958923e-01 3.093607305936073026e-01 4.046822742474916468e-01 4.642045454545454808e-01 4.481249999999999956e-01 4.652908067542214088e-01 4.037617554858934366e-01 5.544999999999999929e-01 3.265839320705421489e-01 4.842105263157894801e-01 3.476611883691529958e-01 3.797202797202797186e-01 4.039167686658506895e-01 4.896514161220043571e-01 2.891428571428571459e-01 2.940785096473719218e-01 4.558740865654862251e-01 4.042933810375670678e-01 4.566160520607375206e-01 3.393939393939394145e-01 3.937728937728937617e-01 4.010120177103099204e-01 4.547018348623853012e-01 5.110870740941049206e-01 2.840599455040871968e-01 3.512786002691790088e-01 3.116607773851590157e-01 5.251308900523560252e-01 4.769144144144144004e-01 4.538545059717697949e-01 4.922619047619047894e-01 3.633898305084745650e-01 4.769144144144144004e-01 3.050847457627118842e-01 3.284083277367360609e-01 4.511410181392627172e-01 5.525660189337319173e-01 3.176470588235293935e-01 4.463519313304721292e-01 4.782356355194428144e-01 5.016797312430011369e-01 4.811903425042111104e-01 3.872366790582403850e-01 4.749498997995991734e-01 2.719546742209631995e-01 5.293132328308207679e-01 2.877697841726618577e-01 5.392641405820977063e-01 3.451428571428571401e-01 3.736017897091722384e-01 3.457207207207207422e-01 3.215686274509804154e-01 1.718750000000000000e-01 4.942987457240592963e-01 5.114155251141552228e-01 3.154492566257272035e-01 5.437936593229446558e-01 2.514204545454545303e-01 4.869080779944289783e-01 4.103030303030302806e-01 3.804281345565749262e-01 4.201995012468827673e-01 4.368083867210250659e-01 3.788334335538183772e-01 5.209380234505862628e-01 4.062500000000000000e-01 4.285714285714285476e-01 3.369713506139154213e-01 4.185022026431717834e-01 4.500000000000000111e-01 3.329411764705882404e-01 4.096080910240202377e-01 3.072289156626505924e-01 3.943833943833943700e-01 3.972344437460716415e-01 3.635179153094462712e-01 3.830645161290322509e-01 3.185530921820303174e-01 2.656250000000000000e-01 5.522761380690345279e-01 3.436426116838487976e-01 4.507042253521126862e-01 9.375000000000000000e-02 4.319526627218934767e-01 3.843750000000000222e-01 3.342263898191560889e-01 4.038577456298975132e-01 3.615084525357607492e-01 4.600638977635782556e-01 4.451332920024798634e-01 3.116607773851590157e-01 2.750352609308885921e-01 0.000000000000000000e+00 4.188376753507013772e-01 4.586330935251798357e-01 3.058823529411764941e-01 5.051252847380409694e-01 3.191919191919191934e-01 4.652473387601753219e-01 3.581488933601609803e-01 4.191988950276243076e-01 3.276716206652512398e-01 5.207612456747404694e-01 3.514056224899598235e-01 3.542483660130719136e-01 3.463687150837989059e-01
3.855932203389830781e-01 2.275641025641025605e-01 3.724489795918367596e-01 4.180327868852459217e-01 4.243614931237720822e-01 4.139999999999999791e-01 4.229166666666666630e-01 4.251968503937008093e-01 1.746031746031745935e-01 4.171907756813417190e-01 4.218750000000000000e-01 4.004237288135593098e-01 3.411214953271027861e-01 4.198019801980197863e-01 4.073275862068965747e-01 4.138613861386138404e-01 3.395721925133690089e-01 4.133611691022964774e-01 4.232283464566929387e-01 4.171656686626746269e-01 4.118811881188118584e-01 4.099009900990098765e-01 4.218750000000000000e-01 4.099378881987577605e-01 4.168297455968688614e-01 4.121212121212121104e-01 4.080338266384778145e-01 4.233870967741935609e-01 4.227005870841487045e-01 2.997275204359672873e-01 4.029850746268656692e-01 4.251968503937008093e-01 4.173228346456692717e-01 3.750000000000000000e-01 4.132762312633833091e-01 4.188376753507013772e-01 4.156626506024096446e-01 4.204322200392927034e-01 4.199218750000000000e-01 4.183006535947712545e-01 4.037656903765690641e-01 3.802197802197802012e-01 4.218750000000000000e-01 4.243614931237720822e-01 3.764434180138568342e-01 4.223968565815324205e-01 3.983572895277207593e-01 4.243614931237720822e-01 3.280000000000000138e-01 3.879668049792531215e-01 4.220907297830374660e-01 4.218750000000000000e-01 4.225053078556263442e-01 4.158415841584158223e-01 4.204322200392927034e-01 3.995381062355657931e-01 4.243614931237720822e-01 4.064386317907444646e-01 2.994350282485875869e-01 3.666666666666666408e-01 4.227005870841487045e-01 3.648351648351648158e-01 4.227005870841487045e-01 3.603133159268929742e-01 3.557213930348258613e-01 3.333333333333333148e-01 2.923076923076923239e-01 1.587301587301587213e-01 4.168297455968688614e-01 3.867276887871853308e-01 4.128630705394190636e-01 4.218750000000000000e-01 3.995433789954337955e-01 4.235294117647058765e-01 4.188376753507013772e-01 4.176706827309236703e-01 4.164989939637827043e-01 4.229249011857707519e-01 4.231536926147704825e-01 4.227005870841487045e-01 4.210526315789473450e-01 3.697674418604651181e-01 3.983050847457627053e-01 3.860911270983213295e-01 3.456221198156682051e-01 2.864864864864865024e-01 4.137931034482758563e-01 2.057877813504823128e-01 4.091816367265468934e-01 4.222222222222222210e-01 4.082474226804123640e-01 2.615384615384615530e-01 3.162162162162162060e-01 2.343750000000000000e-01 4.218750000000000000e-01 3.911205073995771553e-01 3.204747774480712352e-01 9.677419354838709409e-02 3.119533527696792818e-01 4.233128834355828207e-01 4.041666666666666741e-01 4.251497005988024158e-01 3.971486761710794067e-01 4.188376753507013772e-01 4.199999999999999845e-01 4.031180400890868598e-01 3.727678571428571508e-01 4.188376753507013772e-01 0.000000000000000000e+00 4.184675834970530417e-01 2.783505154639175361e-01 4.207436399217220901e-01 2.401315789473684181e-01 4.239999999999999880e-01 2.547169811320754707e-01 4.099378881987577605e-01 3.856209150326797563e-01 4.196078431372549100e-01 2.445141065830720994e-01 4.127310061601642821e-01 3.494897959183673741e-01
3.456397199236155293e-01 3.274161735700197307e-01 3.852721451440768163e-01 4.053888548683404758e-01 5.070498915401301376e-01 4.627139364303178293e-01 3.813131313131313260e-01 5.096738529574350585e-01 1.875000000000000000e-01 3.638660770688565971e-01 5.442640125720272781e-01 3.314065510597302699e-01 4.162219850586979519e-01 4.758659852356615372e-01 3.168510084580351549e-01 4.377605717689100895e-01 3.013844515441959637e-01 3.901985111662530925e-01 5.049833887043189140e-01 4.467333725721012172e-01 4.741839762611275710e-01 4.208955223880597174e-01 6.185258964143426352e-01 3.738140417457305742e-01 5.042111173498035059e-01 4.179663131628197359e-01 3.490746649649010824e-01 4.545997610513739517e-01 5.387907972177634619e-01 2.907725321888411929e-01 3.261284170375079450e-01 5.096738529574350585e-01 4.336588167719701570e-01 4.786235662148071168e-01 3.489550348321722728e-01 4.377224199288256012e-01 4.023809523809523947e-01 4.927536231884058204e-01 5.463645943097997781e-01 3.104786545924967389e-01 3.696622052262587554e-01 3.035248041775456818e-01 5.742268041237112985e-01 5.054466230936819349e-01 4.775339602925809945e-01 5.088319088319088745e-01 4.472091459314055384e-01 5.054466230936819349e-01 3.169164882226980784e-01 3.243750000000000244e-01 4.833050367855121765e-01 6.195922426653406312e-01 3.669201520912547254e-01 4.568764568764568934e-01 5.307517084282460385e-01 4.842767295597484312e-01 5.070498915401301376e-01 4.175104228707564036e-01 4.763779527559054983e-01 2.844827586206896686e-01 5.425816818425280852e-01 2.604438642297650097e-01 5.552033808769148981e-01 3.376068376068376287e-01 3.832271762208068200e-01 3.612004287245444978e-01 3.203125000000000000e-01 1.718750000000000000e-01 5.217630853994490447e-01 4.710830704521556389e-01 3.685534591194968290e-01 5.730688935281836871e-01 2.729096989966555142e-01 5.164597949271452215e-01 4.432748538011695993e-01 4.114184814596821838e-01 4.154476301930953852e-01 4.792966534316506211e-01 4.557416267942583921e-01 5.361930294906166461e-01 4.062500000000000000e-01 4.517819706498951704e-01 3.272267845862286695e-01 4.347368421052631438e-01 4.556962025316455556e-01 2.989247311827957221e-01 4.265944645006016778e-01 3.116370808678500803e-01 4.222873900293255267e-01 4.088200238379022800e-01 3.910336239103362477e-01 3.752455795677799855e-01 2.915326902465166237e-01 2.656250000000000000e-01 6.171485543369890081e-01 3.291058972733037491e-01 4.468503937007873850e-01 9.375000000000000000e-02 4.566929133858267931e-01 3.982195845697329428e-01 3.423536815607300388e-01 4.318840579710144789e-01 3.907902924704418357e-01 4.355029585798816383e-01 4.490035169988276786e-01 3.120893561103810776e-01 2.780327868852459083e-01 4.586330935251798357e-01 4.184675834970530417e-01 0.000000000000000000e+00 3.046875000000000000e-01 5.130434782608696009e-01 3.078431372549019773e-01 4.483362521891418595e-01 3.562992125984251746e-01 3.724999999999999978e-01 3.114434330299089559e-01 5.288937809576224058e-01 3.497053045186640508e-01 3.635243376463339615e-01 3.617021276595744905e-01
3.003952569169960340e-01 2.078651685393258508e-01 2.978723404255319007e-01 3.031496062992126150e-01 3.046875000000000000e-01 3.046875000000000000e-01 3.007812500000000000e-01 3.046875000000000000e-01 2.075471698113207641e-01 3.019607843137254721e-01 3.046875000000000000e-01 3.027888446215139528e-01 2.839506172839506015e-01 3.046875000000000000e-01 2.980392156862745057e-01 3.046875000000000000e-01 3.441860465116279300e-01 3.019607843137254721e-01 3.046875000000000000e-01 3.046875000000000000e-01 3.046875000000000000e-01 3.046875000000000000e-01 3.046875000000000000e-01 3.019607843137254721e-01 3.046875000000000000e-01 3.046875000000000000e-01 2.992125984251968740e-01 3.046875000000000000e-01 3.046875000000000000e-01 3.467336683417085452e-01 3.107569721115537864e-01 3.046875000000000000e-01 3.046875000000000000e-01 3.262711864406779849e-01 3.070866141732283561e-01 3.046875000000000000e-01 3.046875000000000000e-01 3.007812500000000000e-01 3.046875000000000000e-01 3.003952569169960340e-01 3.083003952569169925e-01 3.086419753086419582e-01 3.046875000000000000e-01 3.046875000000000000e-01 3.235294117647058987e-01 3.046875000000000000e-01 3.070866141732283561e-01 3.046875000000000000e-01 2.949308755760368661e-01 3.031496062992126150e-01 3.046875000000000000e-01 3.046875000000000000e-01 3.055555555555555802e-01 3.046875000000000000e-01 3.046875000000000000e-01 2.983870967741935609e-01 3.046875000000000000e-01 3.046875000000000000e-01 3.168316831683168355e-01 3.117408906882591091e-01 3.046875000000000000e-01 2.879999999999999782e-01 3.046875000000000000e-01 2.801724137931034253e-01 3.243243243243243423e-01 3.125000000000000000e-01 2.307692307692307820e-01 1.666666666666666574e-01 3.046875000000000000e-01 3.140495867768595128e-01 3.070866141732283561e-01 3.046875000000000000e-01 3.024193548387096864e-01 3.046875000000000000e-01 3.046875000000000000e-01 3.046875000000000000e-01 3.046875000000000000e-01 3.046875000000000000e-01 3.046875000000000000e-01 3.046875000000000000e-01 2.934782608695652439e-01 3.304721030042918617e-01 3.095238095238095344e-01 2.775510204081632626e-01 3.175965665236051283e-01 2.952380952380952439e-01 3.046875000000000000e-01 2.916666666666666852e-01 3.046875000000000000e-01 3.058823529411764941e-01 3.058823529411764941e-01 4.085365853658536328e-01 2.990654205607476412e-01 2.777777777777777901e-01 3.046875000000000000e-01 2.968750000000000000e-01 2.772277227722772519e-01 1.153846153846153910e-01 2.561576354679803158e-01 3.007812500000000000e-01 2.980392156862745057e-01 3.046875000000000000e-01 3.070866141732283561e-01 3.046875000000000000e-01 3.046875000000000000e-01 3.102040816326530615e-01 3.064516129032258118e-01 3.058823529411764941e-01 2.783505154639175361e-01 3.046875000000000000e-01 0.000000000000000000e+00 3.046875000000000000e-01 2.738095238095238360e-01 3.046875000000000000e-01 2.988505747126437018e-01 3.058823529411764941e-01 3.107569721115537864e-01 3.046875000000000000e-01 2.540540540540540682e-01 3.007812500000000000e-01 3.714285714285714413e-01
3.456861609727851503e-01 3.248532289628179859e-01 3.887755102040816313e-01 4.347079037800687384e-01 6.262241566920565550e-01 4.706214689265536544e-01 4.048037492677211691e-01 5.931744312026002719e-01 1.875000000000000000e-01 3.781268179173938315e-01 6.914836636314943830e-01 3.508875739644970460e-01 4.271047227926078049e-01 5.291235710397387271e-01 3.401319736052789700e-01 4.593993325917686277e-01 3.220164609053497995e-01 4.094307073030477029e-01 5.852734163508391818e-01 4.772978959025470647e-01 4.883977900552486373e-01 4.591549295774647876e-01 7.256857855361595888e-01 3.864959254947613609e-01 5.908590308370044175e-01 4.124004550625711141e-01 3.670588235294117707e-01 5.097031963470319837e-01 6.259220231822971714e-01 2.997946611909650949e-01 3.740275284260921596e-01 5.931744312026002719e-01 4.876305662451896894e-01 4.974721941354903754e-01 3.557358053302433487e-01 4.781144781144781031e-01 4.472645234066554010e-01 5.361702127659574435e-01 6.202988150437918069e-01 3.301606186793575315e-01 3.917404129793510270e-01 4.075255102040816202e-01 6.712749615975422968e-01 6.207084468664849641e-01 4.994923857868020511e-01 5.415318230852211867e-01 3.748544819557625418e-01 6.207084468664849641e-01 3.220858895705521197e-01 3.548574752763234419e-01 5.469945355191256908e-01 7.248756218905472171e-01 3.793706293706293753e-01 5.362811791383219617e-01 5.589026358257127569e-01 5.263157894736841813e-01 6.262241566920565550e-01 4.509803921568627527e-01 4.784313725490196290e-01 2.879424115176964505e-01 6.186485070717653301e-01 2.960048426150120870e-01 6.358921161825725754e-01 3.542739443872296445e-01 3.910386965376781987e-01 3.671794871794871740e-01 3.203125000000000000e-01 1.718750000000000000e-01 6.169749727965179176e-01 5.165975103734440355e-01 3.831884057971014501e-01 6.627127385250128899e-01 2.782819116757410671e-01 6.315505132360885732e-01 5.002801120448179262e-01 4.480843975569128168e-01 4.646239554317548870e-01 5.183189655172413257e-01 4.688888888888889106e-01 6.116352201257861942e-01 4.062500000000000000e-01 4.670719351570415401e-01 3.764145324597975018e-01 4.595701125895598760e-01 5.062630480167014113e-01 3.170984455958549275e-01 4.354838709677419373e-01 3.091976516634050709e-01 4.745383324006715031e-01 4.591836734693877653e-01 4.070236039147956397e-01 3.803921568627450789e-01 3.072164948453608435e-01 2.656250000000000000e-01 7.252747252747252515e-01 3.556731334509112274e-01 4.490196078431372695e-01 9.375000000000000000e-02 4.588235294117646856e-01 4.513574660633484226e-01 3.774250440917107374e-01 4.930362116991643395e-01 4.059804485336400148e-01 4.628190899001110026e-01 5.025210084033613356e-01 3.375757575757575846e-01 3.124620060790273546e-01 5.051252847380409694e-01 4.207436399217220901e-01 5.130434782608696009e-01 3.046875000000000000e-01 0.000000000000000000e+00 3.156862745098039102e-01 4.933407325194228421e-01 3.588235294117647078e-01 4.119718309859154992e-01 3.224465558194774539e-01 5.953016550987719757e-01 3.549019607843137414e-01 4.103608847497089429e-01 3.788501026694044982e-01
3.135964912280701511e-01 1.590106007067137728e-01 2.949061662198391165e-01 2.999999999999999889e-01 3.137254901960784270e-01 3.198380566801619640e-01 3.193277310924369505e-01 3.169291338582677087e-01 1.774193548387096864e-01 3.156779661016949068e-01 3.144531250000000000e-01 3.202614379084967045e-01 3.007518796992481036e-01 3.108910891089108897e-01 3.200883002207505768e-01 3.153692614770459146e-01 2.927536231884058093e-01 3.150105708245243274e-01 3.175542406311637200e-01 3.073852295409181812e-01 3.160000000000000031e-01 3.140000000000000013e-01 3.144531250000000000e-01 2.987551867219916946e-01 3.143418467583496967e-01 3.116089613034623285e-01 3.111587982832618171e-01 3.019999999999999907e-01 3.150684931506849140e-01 2.411764705882352977e-01 3.108695652173912860e-01 3.169291338582677087e-01 3.168316831683168355e-01 3.002364066193853320e-01 2.982832618025750837e-01 2.982107355864810905e-01 3.026052104208417082e-01 3.175542406311637200e-01 3.150684931506849140e-01 3.185840707964601726e-01 3.247311827956989028e-01 3.202764976958525356e-01 3.144531250000000000e-01 3.137254901960784270e-01 2.973621103117505826e-01 3.117647058823529438e-01 3.068893528183715969e-01 3.137254901960784270e-01 2.803468208092485536e-01 3.147751605995717239e-01 3.162055335968379510e-01 3.144531250000000000e-01 2.947368421052631304e-01 3.121272365805168869e-01 3.098039215686274606e-01 3.119047619047619069e-01 3.137254901960784270e-01 3.196721311475410054e-01 2.423312883435582710e-01 2.785388127853881124e-01 3.150684931506849140e-01 3.349056603773584717e-01 3.150684931506849140e-01 3.429394812680115479e-01 2.793733681462141072e-01 3.061797752808989026e-01 2.674418604651162545e-01 1.612903225806451568e-01 3.143418467583496967e-01 3.538083538083537927e-01 3.096234309623430714e-01 3.144531250000000000e-01 3.098591549295774406e-01 3.156862745098039102e-01 3.191919191919191934e-01 3.125000000000000000e-01 3.137651821862348367e-01 3.142292490118577253e-01 3.081510934393638101e-01 3.150684931506849140e-01 4.950495049504950451e-01 2.992700729927007530e-01 3.066954643628509447e-01 3.307888040712468336e-01 3.291457286432160623e-01 3.115264797507787953e-01 3.182751540041067750e-01 2.167300380228136814e-01 3.098591549295774406e-01 3.217922606924643603e-01 3.193277310924369505e-01 2.544169611307420253e-01 3.627760252365930804e-01 2.580645161290322509e-01 3.144531250000000000e-01 3.108695652173912860e-01 2.540192926045016231e-01 9.836065573770491621e-02 2.267080745341615022e-01 3.162217659137577241e-01 3.170212765957446943e-01 3.232931726907630754e-01 3.256302521008403450e-01 3.112449799196786993e-01 3.205645161290322509e-01 3.157894736842105088e-01 3.301662707838479704e-01 3.191919191919191934e-01 2.401315789473684181e-01 3.078431372549019773e-01 2.738095238095238360e-01 3.156862745098039102e-01 0.000000000000000000e+00 3.166332665330661156e-01 2.329749103942652388e-01 3.068893528183715969e-01 3.085585585585585711e-01 3.143418467583496967e-01 3.153846153846153744e-01 3.132780082987551840e-01 2.776280323450134868e-01
3.174706649282920679e-01 3.233532934131736480e-01 3.721185510428101084e-01 3.901515151515151381e-01 5.081414935429533486e-01 4.162561576354679715e-01 3.648208469055374548e-01 4.845244794597636240e-01 1.875000000000000000e-01 3.782521681120747381e-01 5.210442194992008780e-01 3.208805870580386799e-01 3.978142076502731994e-01 4.612244897959183465e-01 2.968435191403626661e-01 4.389336639801612039e-01 3.044444444444444620e-01 4.020887728459530130e-01 4.923251847640705003e-01 4.643962848297213397e-01 4.552647595861229468e-01 4.152227722772277030e-01 5.675273088381330711e-01 3.606020942408377228e-01 4.751853964632059557e-01 3.983322642719692164e-01 3.473333333333333273e-01 4.151057401812688896e-01 4.970414201183431802e-01 2.847608453837597309e-01 2.975260416666666852e-01 4.845244794597636240e-01 4.278074866310160318e-01 4.605543710021322013e-01 3.383705650459921110e-01 4.291845493562231884e-01 4.196988707653701578e-01 4.830751577739529345e-01 5.832869080779944371e-01 3.025606469002695142e-01 3.394136807817589307e-01 3.112947658402203666e-01 5.349922239502332699e-01 5.030951041080472530e-01 4.640943193997856264e-01 4.734717416378316224e-01 3.717521652231845497e-01 5.030951041080472530e-01 3.236282194848824068e-01 3.597315436241610986e-01 4.478808705612829510e-01 5.647873392680514693e-01 3.121424030514939330e-01 4.500000000000000111e-01 4.879587155963302503e-01 4.805194805194805130e-01 5.081414935429533486e-01 3.970678069639584362e-01 4.653465346534653713e-01 2.501694915254237261e-01 5.105691056910569570e-01 3.044712562100780895e-01 5.270487412961970541e-01 3.543307086614173040e-01 3.715846994535519365e-01 3.487858719646799166e-01 3.203125000000000000e-01 1.718750000000000000e-01 4.893973214285714524e-01 4.684782608695652328e-01 3.344010249839846072e-01 5.373684210526316063e-01 2.666200139958012638e-01 5.128062360801781683e-01 4.597418561770129086e-01 4.072039072039072005e-01 4.749524413443246829e-01 4.596633778293673922e-01 4.145015105740181283e-01 5.081610446137105885e-01 4.062500000000000000e-01 4.360902255639097502e-01 3.576741041244083652e-01 4.434687156970362198e-01 4.494015233949945620e-01 3.004484304932735217e-01 4.555910543130990420e-01 3.047808764940239112e-01 4.167679222357229540e-01 4.501915708812260775e-01 3.966079582517938462e-01 3.717693836978130939e-01 3.103057757644394066e-01 2.656250000000000000e-01 5.668821481849826149e-01 3.524645509790682030e-01 4.442231075697211096e-01 9.375000000000000000e-02 4.398422090729783296e-01 4.214824120603015145e-01 3.289902280130292955e-01 4.225014961101137279e-01 3.574144486692015232e-01 4.793912492073557630e-01 4.488428745432399558e-01 3.032169746748802353e-01 2.764786795048143064e-01 4.652473387601753219e-01 4.239999999999999880e-01 4.483362521891418595e-01 3.046875000000000000e-01 4.933407325194228421e-01 3.166332665330661156e-01 0.000000000000000000e+00 3.552894211576846373e-01 3.718199608610567308e-01 3.178082191780822185e-01 5.160926030491247429e-01 3.539999999999999813e-01 3.572343149807938323e-01 3.449781659388646560e-01
3.101265822784810000e-01 2.237762237762237760e-01 2.849872773536895609e-01 3.421588594704684239e-01 3.568627450980392246e-01 3.507014028056112398e-01 3.626834381551362618e-01 3.575638506876228084e-01 1.904761904761904656e-01 3.565400843881856296e-01 3.574218750000000000e-01 3.534482758620689502e-01 3.325123152709359431e-01 3.598409542743538636e-01 3.596491228070175517e-01 3.511904761904761640e-01 3.146067415730336991e-01 3.644067796610169219e-01 3.555992141453830913e-01 3.594377510040160373e-01 3.572854291417165706e-01 3.579999999999999849e-01 3.574218750000000000e-01 3.528183716075156684e-01 3.575638506876228084e-01 3.591836734693877320e-01 3.468085106382978733e-01 3.568548387096774355e-01 3.581213307240704302e-01 3.293413173652694481e-01 3.706140350877192846e-01 3.575638506876228084e-01 3.550295857988165493e-01 3.427230046948356867e-01 3.902439024390244038e-01 3.527054108216433059e-01 3.575757575757576023e-01 3.555992141453830913e-01 3.581213307240704302e-01 3.233404710920770864e-01 3.661670235546038432e-01 3.553530751708428026e-01 3.574218750000000000e-01 3.568627450980392246e-01 3.599033816425120658e-01 3.575638506876228084e-01 3.388429752066115519e-01 3.568627450980392246e-01 2.916666666666666852e-01 3.446088794926004395e-01 3.570019723865877626e-01 3.574218750000000000e-01 3.467230443974629872e-01 3.639999999999999902e-01 3.555992141453830913e-01 3.294663573085847008e-01 3.568627450980392246e-01 3.619631901840490995e-01 2.861445783132530174e-01 3.348623853211009083e-01 3.554687500000000000e-01 3.486238532110091937e-01 3.554687500000000000e-01 2.910052910052909891e-01 3.403141361256544761e-01 2.616580310880828875e-01 2.994350282485875869e-01 1.746031746031745935e-01 3.575638506876228084e-01 3.514150943396226467e-01 3.443983402489626533e-01 3.574218750000000000e-01 3.063063063063062863e-01 3.561643835616438158e-01 3.527054108216433059e-01 3.706720977596741351e-01 3.555555555555555691e-01 3.603960396039603831e-01 3.599999999999999867e-01 3.554687500000000000e-01 3.760683760683760646e-01 3.397590361445783080e-01 3.719912472647702306e-01 3.523573200992555776e-01 3.638613861386138515e-01 3.029411764705882137e-01 3.551020408163265141e-01 2.302158273381295084e-01 3.651115618661257556e-01 3.638211382113821224e-01 3.541666666666666852e-01 2.866894197952218337e-01 3.841463414634146423e-01 2.698412698412698263e-01 3.574218750000000000e-01 3.528138528138528018e-01 2.955974842767295496e-01 9.523809523809523281e-02 2.830769230769230593e-01 3.530612244897959329e-01 3.580508474576271083e-01 3.619999999999999885e-01 3.604166666666666630e-01 3.554216867469879304e-01 3.567134268537074382e-01 3.630136986301369939e-01 3.348623853211009083e-01 3.581488933601609803e-01 2.547169811320754707e-01 3.562992125984251746e-01 2.988505747126437018e-01 3.588235294117647078e-01 2.329749103942652388e-01 3.552894211576846373e-01 0.000000000000000000e+00 3.528183716075156684e-01 3.281938325991189398e-01 3.602362204724409711e-01 2.595155709342560346e-01 3.645833333333333148e-01 3.441734417344173291e-01
2.727272727272727071e-01 3.221757322175732297e-01 3.191990577149587671e-01 3.257261410788381828e-01 3.854587420657819008e-01 3.541666666666666852e-01 4.514835605453087486e-01 3.712121212121212155e-01 1.875000000000000000e-01 2.943313953488372325e-01 3.959804454101031879e-01 2.831188493565480746e-01 4.098159509202454198e-01 4.092639593908629636e-01 3.220883534136546045e-01 3.784698713608666276e-01 2.762836185819070867e-01 4.738924050632911666e-01 3.644314868804664487e-01 3.738441215323645705e-01 3.873517786561264664e-01 4.138418079096045088e-01 4.432160804020100486e-01 2.934390771449170709e-01 3.861445783132529952e-01 3.096060815480304318e-01 4.217854217854217769e-01 3.245331616226658222e-01 3.986562150055991127e-01 2.576687116564417290e-01 2.540381791483112828e-01 3.712121212121212155e-01 3.396584440227704005e-01 4.043035107587769073e-01 3.055141579731743828e-01 3.496042216358838939e-01 3.650793650793650591e-01 3.797240551889621840e-01 4.134881149806522993e-01 2.400300978179082112e-01 2.917578409919766580e-01 2.579642579642579814e-01 4.241617881852048910e-01 3.831884057971014501e-01 4.029511918274688020e-01 3.682941531042797090e-01 2.799422799422799368e-01 3.831884057971014501e-01 2.971639950678174880e-01 3.119819140919367073e-01 3.828606658446362387e-01 4.402201100550275359e-01 2.872648335745296433e-01 3.708010335917312772e-01 3.807531380753138017e-01 4.933655006031363310e-01 3.854587420657819008e-01 3.328894806924101446e-01 4.498977505112474184e-01 2.422310756972111678e-01 4.232081911262798868e-01 3.183361629881154564e-01 4.255555555555555758e-01 3.145654834761321683e-01 3.297872340425531679e-01 3.300852618757612600e-01 3.215686274509804154e-01 1.718750000000000000e-01 3.925233644859812965e-01 4.483985765124555156e-01 2.788051209103840633e-01 4.388646288209607227e-01 2.200000000000000011e-01 3.889206167904054601e-01 3.651208360548661158e-01 3.289473684210526550e-01 3.445322793148880014e-01 3.647490820073439610e-01 3.145780051150894874e-01 4.154809334092202655e-01 4.062500000000000000e-01 3.841743119266055051e-01 3.092705167173252501e-01 4.346246973365617272e-01 3.976744186046511365e-01 3.222079589216944595e-01 3.821081830790568623e-01 2.972972972972973138e-01 3.396596858638743499e-01 3.734439834024896321e-01 3.125884016973126123e-01 3.643892339544513304e-01 2.918238993710691731e-01 2.656250000000000000e-01 4.423754403623553211e-01 3.215384615384615508e-01 4.610526315789473806e-01 9.375000000000000000e-02 4.353182751540041195e-01 3.492496589358799475e-01 3.552123552123552241e-01 3.488072211476466733e-01 3.525127458120903001e-01 3.726541554959785785e-01 3.749179251477347541e-01 2.778216258879242506e-01 2.340926944226237316e-01 4.191988950276243076e-01 4.099378881987577605e-01 3.724999999999999978e-01 3.058823529411764941e-01 4.119718309859154992e-01 3.068893528183715969e-01 3.718199608610567308e-01 3.528183716075156684e-01 0.000000000000000000e+00 3.028616852146263638e-01 3.986013986013985932e-01 3.514644351464434879e-01 3.316400580551523980e-01 3.197604790419161791e-01
2.386634844868734950e-01 3.161434977578475580e-01 3.038961038961038863e-01 2.760646108663729614e-01 3.249850924269528929e-01 2.902319044272663184e-01 2.852639873916469893e-01 3.112183353437876776e-01 1.875000000000000000e-01 2.754777070063694211e-01 3.320334261838440160e-01 2.467105263157894635e-01 3.485639686684073313e-01 5.250186706497386169e-01 2.570694087403598838e-01 3.446777697320781986e-01 2.625850340136054450e-01 2.884468247895944915e-01 3.073200241984270775e-01 3.047357584076870185e-01 3.243986254295532778e-01 2.965860597439544666e-01 3.553095118268747021e-01 2.548562548562548491e-01 3.254216114928170089e-01 2.580645161290322509e-01 2.804276315789473450e-01 2.766825288919102510e-01 3.350604490500863619e-01 2.401091405184174743e-01 2.222222222222222099e-01 3.112183353437876776e-01 2.926666666666666861e-01 3.690621193666260846e-01 2.513922036595067633e-01 2.866988283942109028e-01 2.740793201133144286e-01 3.206724782067247870e-01 3.247910863509749224e-01 2.272347535505430116e-01 2.614896988906497688e-01 2.172442941673710937e-01 3.453663793103448065e-01 3.255255255255255498e-01 3.658536585365853577e-01 3.175803402646502627e-01 2.598736176935229070e-01 3.255255255255255498e-01 2.463382157123834848e-01 2.516025641025640969e-01 3.154875717017208148e-01 3.540621865596790263e-01 2.412723041117145195e-01 3.110661268556005332e-01 3.244251087632069597e-01 4.184576485461441453e-01 3.249850924269528929e-01 2.828993666432090270e-01 4.434782608695652106e-01 2.000000000000000111e-01 3.396770472895040416e-01 2.367236723672367371e-01 3.425196850393700809e-01 3.051771117166212632e-01 3.002577319587628746e-01 3.030707610146862740e-01 3.110236220472440971e-01 1.718750000000000000e-01 3.283132530120481674e-01 3.899371069182390181e-01 2.330540746382330497e-01 3.463013698630136861e-01 2.137060414788097273e-01 3.276370064820270933e-01 2.782608695652173947e-01 3.056737588652482240e-01 2.993719469644103293e-01 3.105431309904153614e-01 2.812286689419795094e-01 3.371958285052143456e-01 4.062500000000000000e-01 3.502475247524752255e-01 2.342126298960831299e-01 3.429648241206030290e-01 3.677581863979849097e-01 2.982954545454545303e-01 3.125904486251808723e-01 2.895322939866369905e-01 2.990264255910987656e-01 2.879543834640057032e-01 2.609022556390977465e-01 3.464912280701754610e-01 2.741258741258741360e-01 2.656250000000000000e-01 3.550176500252143486e-01 2.401289282836422123e-01 4.454342984409799810e-01 9.375000000000000000e-02 4.125269978401727711e-01 2.849999999999999756e-01 2.638331996792301348e-01 2.882154882154882025e-01 2.799389778794812988e-01 3.079076277116865046e-01 3.134430727023319596e-01 2.371134020618556604e-01 1.897435897435897356e-01 3.276716206652512398e-01 3.856209150326797563e-01 3.114434330299089559e-01 3.107569721115537864e-01 3.224465558194774539e-01 3.085585585585585711e-01 3.178082191780822185e-01 3.281938325991189398e-01 3.028616852146263638e-01 0.000000000000000000e+00 3.188836104513064207e-01 3.267108167770419458e-01 3.059936908517350007e-01 2.905759162303664933e-01
3.603286384976525647e-01 3.261296660117878332e-01 3.848515864892528282e-01 4.403458213256484233e-01 5.791424033880360200e-01 4.722222222222222099e-01 3.810623556581986260e-01 5.788058095750403531e-01 1.875000000000000000e-01 4.183673469387755306e-01 6.365524402907580814e-01 3.634730538922155696e-01 4.262125902992776050e-01 5.258573761567773008e-01 3.413606261288380517e-01 4.691358024691357764e-01 3.205791106514994659e-01 4.198606271777003407e-01 5.769023205612520133e-01 5.211428571428571299e-01 5.126617895329206309e-01 4.533183352080989992e-01 7.115956392467790437e-01 3.943661971830985657e-01 5.500000000000000444e-01 4.493856056173200497e-01 3.508158508158508160e-01 4.784313725490196290e-01 6.176470588235294379e-01 2.995867768595041336e-01 3.639070875521143722e-01 5.788058095750403531e-01 5.245623941276115199e-01 5.045965270684371617e-01 3.761792452830188815e-01 4.822335025380710682e-01 4.687320711417096719e-01 5.629067245119305785e-01 6.298026998961578915e-01 3.353293413173652482e-01 3.752191700759789361e-01 3.203359328134373074e-01 6.496202531645569600e-01 5.745358090185676003e-01 5.005107252298263143e-01 5.687568756875687193e-01 3.858823529411764541e-01 5.745358090185676003e-01 3.261093911248710286e-01 3.490127758420441539e-01 5.319956616052060605e-01 7.159147248388696427e-01 3.694895591647331945e-01 5.047301057317752360e-01 5.657823497563616577e-01 4.994903160040774504e-01 5.791424033880360200e-01 4.723646723646723888e-01 4.774066797642436133e-01 2.874323511725796476e-01 6.205990541250656634e-01 3.066095471236230385e-01 6.378772112382934401e-01 3.474226804123711210e-01 3.843017329255861148e-01 3.561924257932446158e-01 3.203125000000000000e-01 1.718750000000000000e-01 5.776595744680851352e-01 4.851889683350357751e-01 3.773148148148148251e-01 6.502564102564102333e-01 2.886850152905198752e-01 5.863157894736842346e-01 4.894091415830546521e-01 4.817767653758542323e-01 5.100748416810593211e-01 5.382932166301969135e-01 4.811903425042111104e-01 6.178176067474960842e-01 4.062500000000000000e-01 4.754098360655737432e-01 3.703923900118906154e-01 4.513817809621289423e-01 4.702868852459016202e-01 3.007209062821833423e-01 4.548022598870056221e-01 3.078431372549019773e-01 4.613674263479711213e-01 4.590909090909091050e-01 4.125144843568945285e-01 3.764705882352941124e-01 3.125000000000000000e-01 2.656250000000000000e-01 7.094695091720376601e-01 3.755980861244019309e-01 4.479371316306483553e-01 9.375000000000000000e-02 4.577603143418467746e-01 4.537194775695627680e-01 3.836589698046181107e-01 4.798007747648035393e-01 3.961076130509444959e-01 4.960182025028441188e-01 5.000000000000000000e-01 3.187537447573397520e-01 3.009063444108761587e-01 5.207612456747404694e-01 4.196078431372549100e-01 5.288937809576224058e-01 3.046875000000000000e-01 5.953016550987719757e-01 3.143418467583496967e-01 5.160926030491247429e-01 3.602362204724409711e-01 3.986013986013985932e-01 3.188836104513064207e-01 0.000000000000000000e+00 3.536345776031434296e-01 4.076878276062900208e-01 3.762886597938144284e-01
3.485838779956427214e-01 2.083333333333333426e-01 2.930591259640102919e-01 3.299595141700404910e-01 3.555992141453830913e-01 3.466933867735471075e-01 3.528183716075156684e-01 3.562992125984251746e-01 1.587301587301587213e-01 3.466386554621848637e-01 3.535156250000000000e-01 3.433476394849785396e-01 3.820512820512820262e-01 3.558648111332007868e-01 3.672566371681416086e-01 3.579999999999999849e-01 3.053221288515406417e-01 3.659574468085106114e-01 3.543307086614173040e-01 3.392857142857143016e-01 3.479125248508946333e-01 3.432539682539682557e-01 3.535156250000000000e-01 3.319587628865979245e-01 3.509803921568627194e-01 3.606557377049180446e-01 3.569892473118279619e-01 3.393213572854291149e-01 3.515625000000000000e-01 2.737752161383285032e-01 3.426724137931034253e-01 3.562992125984251746e-01 3.564356435643564192e-01 3.286713286713286442e-01 3.586956521739130266e-01 3.433133732534930371e-01 3.373253493013971815e-01 3.543307086614173040e-01 3.515625000000000000e-01 3.391304347826086807e-01 3.589743589743589758e-01 3.887587822014051397e-01 3.535156250000000000e-01 3.555992141453830913e-01 3.076923076923077094e-01 3.536345776031434296e-01 3.319587628865979245e-01 3.555992141453830913e-01 2.615803814713896225e-01 3.518123667377398567e-01 3.530571992110453916e-01 3.535156250000000000e-01 3.312368972746331242e-01 3.545816733067729265e-01 3.570019723865877626e-01 3.759036144578313254e-01 3.555992141453830913e-01 3.634496919917864499e-01 2.878787878787879007e-01 3.063063063063062863e-01 3.542074363992172015e-01 3.471264367816092045e-01 3.542074363992172015e-01 4.127906976744186163e-01 3.110539845758354960e-01 2.967914438502674002e-01 2.756756756756756910e-01 1.612903225806451568e-01 3.509803921568627194e-01 3.960880195599021936e-01 3.319587628865979245e-01 3.535156250000000000e-01 3.317972350230414813e-01 3.549019607843137414e-01 3.459999999999999742e-01 3.446893787575150414e-01 3.515151515151515027e-01 3.510848126232741784e-01 3.452380952380952328e-01 3.542074363992172015e-01 4.196428571428571508e-01 3.285371702637889801e-01 3.766519823788546106e-01 3.374384236453201735e-01 4.113110539845758473e-01 3.363636363636363646e-01 3.455284552845528379e-01 1.929824561403508665e-01 3.555555555555555691e-01 3.597560975609755962e-01 3.584905660377358250e-01 2.417218543046357748e-01 3.177842565597667757e-01 2.786885245901639108e-01 3.535156250000000000e-01 3.455723542116630465e-01 2.772585669781931217e-01 8.064516129032257841e-02 2.652439024390244038e-01 3.545081967213114527e-01 3.683083511777301977e-01 3.634538152610441997e-01 3.647798742138364525e-01 3.514056224899598235e-01 3.554216867469879304e-01 3.741339491916859106e-01 3.647058823529411575e-01 3.514056224899598235e-01 2.445141065830720994e-01 3.497053045186640508e-01 2.540540540540540682e-01 3.549019607843137414e-01 3.153846153846153744e-01 3.539999999999999813e-01 2.595155709342560346e-01 3.514644351464434879e-01 3.267108167770419458e-01 3.536345776031434296e-01 0.000000000000000000e+00 3.436213991769547227e-01 3.034300791556728272e-01
2.908689248895434676e-01 3.175257731958762708e-01 3.166472642607683352e-01 3.374827109266943514e-01 4.198473282442747867e-01 3.582887700534759245e-01 3.374816983894582956e-01 4.023668639053254448e-01 1.875000000000000000e-01 3.240058910162003092e-01 4.175342465753424381e-01 3.058733790999237367e-01 4.111922141119221386e-01 4.110970996216897766e-01 2.911490683229813747e-01 3.909214092140921304e-01 2.619617224880382844e-01 3.762811127379209197e-01 3.996437054631828967e-01 3.696930111038536637e-01 3.643958868894601744e-01 3.559435862995298794e-01 4.466700050075112505e-01 2.982078853046595257e-01 4.057004244996967879e-01 3.474277660324172068e-01 3.190368698269375747e-01 3.493819128171763433e-01 4.089635854341736598e-01 2.481927710843373491e-01 2.683823529411764608e-01 4.023668639053254448e-01 3.936031331592689253e-01 4.087837837837837718e-01 2.791033984092552434e-01 3.370058327932599074e-01 3.516260162601625994e-01 3.742586002372479403e-01 4.080962800875273522e-01 2.642369020501139087e-01 3.166421207658320913e-01 2.841444270015698326e-01 4.408774745853397681e-01 4.168632075471698228e-01 4.074492099322798988e-01 4.126003705991352910e-01 2.811158798283261984e-01 4.168632075471698228e-01 2.931873479318734543e-01 3.440366972477064134e-01 4.063472308649657694e-01 4.494494494494494230e-01 2.828571428571428625e-01 3.746786632390745608e-01 3.942480527261833512e-01 4.472769409038238608e-01 4.198473282442747867e-01 3.790983606557377095e-01 4.523326572008113389e-01 2.380204241948153943e-01 4.215575620767494369e-01 2.943116240725474064e-01 4.381959910913140188e-01 3.411619283065512875e-01 3.302107728337236314e-01 3.273164861612515297e-01 3.215686274509804154e-01 1.718750000000000000e-01 4.165191740412979571e-01 4.443141852286049409e-01 2.908961593172119664e-01 4.410646387832699578e-01 2.465642683912691868e-01 4.254947613504074244e-01 3.780248528449967060e-01 3.507957559681697535e-01 3.611111111111111049e-01 3.930564166150031236e-01 3.322622107969151473e-01 4.203062960862166686e-01 4.062500000000000000e-01 3.856655290102389277e-01 3.112283345892991604e-01 3.842592592592592449e-01 4.203747072599531842e-01 3.210659898477157270e-01 3.435828877005347448e-01 3.091286307053942028e-01 3.778371161548731427e-01 3.852005532503458007e-01 3.562635771180304167e-01 3.760330578512396937e-01 3.023839397741530655e-01 2.656250000000000000e-01 4.465629703963873709e-01 3.274674827850038161e-01 4.543568464730290413e-01 9.375000000000000000e-02 4.320486815415821580e-01 3.434343434343434254e-01 3.164933135215453053e-01 3.847669074195666505e-01 3.648943918426802435e-01 3.585526315789473450e-01 3.558124598587026344e-01 2.851531814611154569e-01 2.623211446740858488e-01 3.542483660130719136e-01 4.127310061601642821e-01 3.635243376463339615e-01 3.007812500000000000e-01 4.103608847497089429e-01 3.132780082987551840e-01 3.572343149807938323e-01 3.645833333333333148e-01 3.316400580551523980e-01 3.059936908517350007e-01 4.076878276062900208e-01 3.436213991769547227e-01 0.000000000000000000e+00 3.218527315914489484e-01
3.169811320754716832e-01 2.698412698412698263e-01 2.547169811320754707e-01 3.502958579881657042e-01 3.803680981595092270e-01 3.452513966480447172e-01 3.133971291866028963e-01 4.100106496272630241e-01 1.875000000000000000e-01 3.271832718327183365e-01 3.845381526104417746e-01 3.077905491698595397e-01 2.742681047765793689e-01 3.569915254237288060e-01 2.923673997412677972e-01 3.485523385300668409e-01 2.869875222816399285e-01 3.345280764635603088e-01 4.137191854233654986e-01 3.518312985571587226e-01 3.653421633554083670e-01 3.566591422121896393e-01 3.792766373411534664e-01 3.325153374233129067e-01 3.816067653276955518e-01 3.349112426035503187e-01 3.070283600493218246e-01 4.043778801843317949e-01 3.753784056508577271e-01 5.553097345132743667e-01 5.166908563134978705e-01 4.100106496272630241e-01 3.449401523394994284e-01 5.827586206896552268e-01 3.278061224489796088e-01 3.590604026845637398e-01 3.450226244343891358e-01 3.552769070010449171e-01 3.761283851554663715e-01 2.996108949416342315e-01 3.133414932680538278e-01 3.922413793103448065e-01 3.821782178217821846e-01 3.801229508196721230e-01 5.951134380453751982e-01 3.533678756476684168e-01 3.425000000000000266e-01 3.801229508196721230e-01 2.268907563025210072e-01 3.087330873308732904e-01 3.681963713980789810e-01 3.792766373411534664e-01 3.329192546583850665e-01 3.573770491803278659e-01 3.821052631578947256e-01 3.011363636363636465e-01 3.803680981595092270e-01 3.434684684684684575e-01 4.973118279569892497e-01 3.101529902642559122e-01 3.778894472361808976e-01 2.814207650273223837e-01 3.761194029850746245e-01 2.188006482982171874e-01 5.009345794392523477e-01 2.222222222222222099e-01 3.212669683257918796e-01 1.718750000000000000e-01 3.814968814968814903e-01 2.879656160458452518e-01 3.173652694610778480e-01 3.777120315581853904e-01 2.809457579972183816e-01 3.810975609756097615e-01 3.326157158234661071e-01 3.292273236282194926e-01 3.407325194228634779e-01 3.558606124604012932e-01 3.417582417582417653e-01 3.766364551863041199e-01 3.937007874015748254e-01 6.268382352941176405e-01 2.963430012610340225e-01 2.471098265895953772e-01 3.946117274167987299e-01 2.206896551724137900e-01 3.450226244343891358e-01 2.896174863387978027e-01 3.512304250559283858e-01 3.617511520737327069e-01 3.293269230769230727e-01 5.225225225225225145e-01 2.218370883882148925e-01 2.656250000000000000e-01 3.792766373411534664e-01 2.843016069221260822e-01 3.686868686868686740e-01 9.375000000000000000e-02 4.061696658097686541e-01 3.394285714285714128e-01 3.050430504305042811e-01 3.583877995642701375e-01 3.365041617122473405e-01 3.516237402015677249e-01 3.584070796460177011e-01 3.693181818181818232e-01 3.092926490984743149e-01 3.463687150837989059e-01 3.494897959183673741e-01 3.617021276595744905e-01 3.714285714285714413e-01 3.788501026694044982e-01 2.776280323450134868e-01 3.449781659388646560e-01 3.441734417344173291e-01 3.197604790419161791e-01 2.905759162303664933e-01 3.762886597938144284e-01 3.034300791556728272e-01 3.218527315914489484e-01 0.000000000000000000e+00
