0.000000000000000000e+00 3.213399503722084161e-01 1.875000000000000000e-01 3.276059564719358552e-01 3.860182370820668951e-01 3.592880978865405917e-01 3.275862068965517127e-01 2.803030303030302761e-01 3.427172582619338881e-01 3.956043956043955867e-01 3.848614072494669358e-01 3.105670103092783574e-01 3.309352517985611475e-01 3.416075650118203244e-01 3.155940594059405968e-01 3.508196721311475641e-01 3.715846994535519365e-01 3.631284916201117374e-01 3.968719452590420138e-01 3.158522050059594521e-01 3.744813278008298774e-01 3.466509988249118490e-01 3.775055679287305233e-01 3.777777777777777679e-01 3.804824561403508665e-01 3.721185510428101084e-01 3.806584362139917577e-01 2.946058091286307135e-01 3.388116308470290883e-01 3.860182370820668951e-01 3.351769911504424715e-01 3.697916666666666852e-01 3.900000000000000133e-01 3.662280701754385692e-01 2.846347607052896467e-01 3.968719452590420138e-01 3.857868020304568435e-01 3.806047966631908031e-01 3.448275862068965747e-01 3.857868020304568435e-01 2.508361204013377921e-01 2.930591259640102919e-01 3.636363636363636465e-01 3.491271820448877961e-01 3.684210526315789269e-01 3.031123139377537301e-01 2.849872773536895609e-01 3.671679197994987542e-01 3.637374860956618661e-01 4.079601990049750992e-01 3.114754098360655865e-01 2.519440124416796323e-01 3.931795386158475347e-01 3.483412322274881401e-01 3.613916947250280787e-01 2.901484480431849033e-01 3.926441351888668163e-01 2.439418416801292511e-01 3.148936170212766061e-01 3.801229508196721230e-01 2.860962566844919563e-01 3.810043668122270466e-01 3.984375000000000000e-01 3.498896247240618207e-01 3.215130023640662138e-01 3.568985176738882492e-01 3.504901960784313486e-01 3.968410661401776673e-01 3.266033254156769372e-01 2.345483359746434182e-01 2.233502538071066024e-01 3.910256410256410242e-01 3.563714902807775253e-01 3.729003359462486067e-01 3.540983606557376873e-01 2.658227848101265556e-01 2.844950213371266190e-01 3.107769423558897071e-01 2.676258992805755632e-01 2.902298850574712707e-01 3.606557377049180446e-01 3.419689119170984393e-01 3.679039301310043641e-01 3.297101449275362528e-01 3.877068557919621794e-01 3.486033519553072835e-01 2.719780219780219555e-01 2.978723404255319007e-01 3.181818181818181768e-01 2.656250000000000000e-01 3.345959595959596133e-01 3.571428571428571508e-01 9.375000000000000000e-02 3.304773561811505389e-01 3.594132029339853207e-01 3.903688524590163689e-01 3.255528255528255532e-01 2.680067001675041638e-01 3.654066437571591996e-01 3.082901554404144928e-01 3.341493268053855603e-01 3.304773561811505389e-01 3.624595469255663671e-01 3.952772073921971274e-01 3.476347634763476413e-01 3.906250000000000000e-01 3.415300546448087338e-01 3.744019138755980691e-01 3.080168776371308148e-01 3.724489795918367596e-01 2.484276729559748431e-01 3.887755102040816313e-01 2.949061662198391165e-01 3.300970873786407966e-01 3.848515864892528282e-01 3.166472642607683352e-01
3.213399503722084161e-01 0.000000000000000000e+00 1.875000000000000000e-01 3.032670454545454697e-01 3.657243816254416857e-01 3.008075370121130465e-01 2.558845861807137467e-01 3.472906403940886899e-01 2.631970260223048252e-01 3.662822624931356130e-01 3.220024721878863017e-01 2.562248995983935629e-01 2.679487179487179405e-01 2.877801879971077503e-01 2.498078401229823220e-01 3.249336870026525159e-01 3.177083333333333148e-01 2.972972972972973138e-01 4.034205231388329760e-01 2.920754716981132093e-01 3.596813725490196068e-01 3.252923976608186885e-01 3.010540184453228130e-01 3.022339027595269401e-01 3.082414016872160878e-01 3.174706649282920679e-01 3.469750889679715233e-01 4.191616766467065602e-01 2.613293051359516506e-01 3.657243816254416857e-01 3.130193905817174604e-01 3.353401565322094990e-01 3.780623608017817383e-01 3.254281949934124119e-01 2.639225181598062742e-01 4.041164658634537887e-01 3.641207815275310788e-01 3.581626319056486762e-01 2.760180995475113308e-01 3.641207815275310788e-01 2.864516129032257941e-01 3.485838779956427214e-01 3.178294573643410947e-01 2.693190512624330513e-01 3.430702299564947211e-01 2.264922322158626211e-01 3.101265822784810000e-01 2.542498152254250021e-01 3.135026737967914201e-01 4.418604651162790775e-01 2.156378600823045388e-01 3.257861635220125618e-01 3.711048158640226635e-01 2.842785355348169674e-01 2.925675675675675769e-01 2.319932998324958084e-01 3.784683684794672431e-01 3.182406209573092060e-01 3.110236220472440971e-01 3.637440758293838949e-01 2.275350370981038817e-01 3.223684210526315819e-01 4.062500000000000000e-01 2.980263157894736947e-01 2.863568215892053903e-01 3.084886128364389135e-01 4.252136752136752018e-01 3.805405405405405395e-01 2.673992673992673930e-01 3.724966622162884100e-01 2.672750977835723352e-01 3.391521197007481558e-01 3.503698722259582787e-01 3.245436105476673383e-01 3.346855983772819565e-01 3.096129837702871201e-01 3.980582524271844558e-01 2.890809112333071473e-01 3.814180929095354333e-01 3.736526946107784353e-01 3.102998696219035346e-01 2.527301092043681696e-01 3.258722843976299965e-01 2.635889798957557484e-01 4.676409185803757640e-01 3.044368600682593740e-01 2.114093959731543626e-01 3.003952569169960340e-01 2.800000000000000266e-01 2.656250000000000000e-01 2.871754523996852826e-01 4.071729957805907407e-01 9.375000000000000000e-02 2.527798369162342351e-01 4.088050314465409008e-01 3.452655889145496704e-01 2.810107197549770452e-01 2.798982188295165430e-01 2.895989123045547009e-01 2.353870458135861043e-01 2.748671222475322917e-01 2.564102564102563875e-01 3.305304010349288668e-01 3.626309662398137235e-01 3.456536618754277868e-01 3.572721786360893437e-01 2.415185783521809348e-01 2.836879432624113684e-01 3.201581027667984025e-01 3.855932203389830781e-01 3.252858958068615136e-01 3.456861609727851503e-01 3.135964912280701511e-01 2.228571428571428648e-01 3.603286384976525647e-01 2.908689248895434676e-01
1.875000000000000000e-01 1.875000000000000000e-01 0.000000000000000000e+00 1.875000000000000000e-01 1.875000000000000000e-01 1.875000000000000000e-01 1.875000000000000000e-01 1.875000000000000000e-01 1.875000000000000000e-01 1.875000000000000000e-01 1.875000000000000000e-01 1.875000000000000000e-01 1.875000000000000000e-01 1.875000000000000000e-01 1.875000000000000000e-01 1.875000000000000000e-01 1.875000000000000000e-01 1.875000000000000000e-01 1.875000000000000000e-01 1.875000000000000000e-01 1.875000000000000000e-01 1.875000000000000000e-01 1.875000000000000000e-01 1.875000000000000000e-01 1.875000000000000000e-01 1.875000000000000000e-01 1.875000000000000000e-01 1.875000000000000000e-01 1.875000000000000000e-01 1.875000000000000000e-01 1.875000000000000000e-01 1.875000000000000000e-01 1.875000000000000000e-01 1.875000000000000000e-01 1.875000000000000000e-01 1.875000000000000000e-01 1.875000000000000000e-01 1.875000000000000000e-01 1.875000000000000000e-01 1.875000000000000000e-01 1.875000000000000000e-01 1.587301587301587213e-01 1.875000000000000000e-01 1.875000000000000000e-01 1.875000000000000000e-01 1.875000000000000000e-01 1.904761904761904656e-01 1.875000000000000000e-01 1.875000000000000000e-01 1.904761904761904656e-01 1.875000000000000000e-01 1.875000000000000000e-01 1.875000000000000000e-01 1.875000000000000000e-01 1.875000000000000000e-01 1.875000000000000000e-01 1.875000000000000000e-01 1.875000000000000000e-01 1.754385964912280604e-01 1.875000000000000000e-01 1.875000000000000000e-01 1.875000000000000000e-01 1.063829787234042562e-01 1.875000000000000000e-01 1.875000000000000000e-01 1.875000000000000000e-01 1.904761904761904656e-01 1.875000000000000000e-01 1.875000000000000000e-01 1.875000000000000000e-01 1.875000000000000000e-01 1.875000000000000000e-01 1.875000000000000000e-01 1.875000000000000000e-01 1.875000000000000000e-01 1.875000000000000000e-01 1.875000000000000000e-01 1.875000000000000000e-01 1.875000000000000000e-01 1.904761904761904656e-01 1.875000000000000000e-01 1.875000000000000000e-01 1.875000000000000000e-01 1.875000000000000000e-01 1.875000000000000000e-01 1.875000000000000000e-01 1.875000000000000000e-01 2.075471698113207641e-01 1.875000000000000000e-01 1.153846153846153910e-01 1.875000000000000000e-01 1.875000000000000000e-01 1.250000000000000000e-01 1.875000000000000000e-01 1.935483870967741882e-01 1.875000000000000000e-01 1.875000000000000000e-01 1.875000000000000000e-01 1.875000000000000000e-01 1.875000000000000000e-01 1.875000000000000000e-01 1.875000000000000000e-01 1.875000000000000000e-01 1.875000000000000000e-01 1.875000000000000000e-01 1.875000000000000000e-01 1.875000000000000000e-01 1.875000000000000000e-01 2.399999999999999911e-01 1.746031746031745935e-01 1.875000000000000000e-01 1.875000000000000000e-01 1.774193548387096864e-01 1.875000000000000000e-01 1.875000000000000000e-01 1.875000000000000000e-01
3.276059564719358552e-01 3.032670454545454697e-01 1.875000000000000000e-01 0.000000000000000000e+00 4.367816091954023205e-01 3.586118251928020473e-01 3.097787294789436374e-01 3.561643835616438158e-01 3.082811412665275030e-01 4.592673592126845228e-01 4.077669902912621214e-01 2.644927536231884146e-01 2.908224076281287207e-01 3.265720081135902730e-01 3.094202898550724723e-01 3.550995024875621686e-01 3.824451410658307182e-01 3.696219035202086278e-01 4.832750873689465876e-01 7.038703870387038597e-01 4.167650531286894999e-01 3.610921501706484404e-01 3.856041131105398256e-01 3.865384615384615530e-01 3.913869537682077016e-01 3.901515151515151381e-01 4.289044289044289249e-01 4.403153153153153143e-01 2.739160357880247587e-01 4.367816091954023205e-01 3.305573350416399769e-01 3.996499416569428420e-01 4.682144831398562523e-01 3.680598877105427102e-01 4.944396920444824595e-01 4.830677290836653537e-01 4.331026528258362096e-01 4.084423305588584796e-01 3.264872521246459103e-01 4.331026528258362096e-01 3.208232445520581289e-01 3.299595141700404910e-01 3.501519756838905595e-01 2.733564013840830698e-01 4.015559545182525447e-01 2.910906298003071990e-01 3.421588594704684239e-01 3.197470133520730617e-01 3.556538218572330989e-01 4.604462474645030223e-01 2.513207547169811207e-01 3.634204275534441697e-01 4.291208791208790951e-01 3.115845539280958643e-01 3.518398967075532791e-01 2.402402402402402382e-01 4.397622906537007048e-01 3.094117647058823306e-01 3.241106719367589095e-01 4.278320874065554835e-01 2.546957175056348555e-01 3.574969021065675379e-01 4.062500000000000000e-01 3.702290076335877922e-01 4.125093075204765425e-01 3.700527704485488401e-01 4.506172839506172867e-01 4.478560084700899946e-01 3.053278688524589946e-01 3.262411347517730764e-01 2.781774580335731328e-01 3.971205758848230238e-01 3.706950532247965113e-01 3.682864450127877332e-01 5.294535131298793162e-01 3.368421052631578871e-01 4.207525655644241969e-01 3.004996431120627864e-01 3.972602739726027177e-01 4.022598870056497411e-01 3.719474013775829757e-01 3.207686622320768399e-01 4.025559105431310014e-01 3.178947368421052855e-01 5.091649694501018120e-01 3.401665598975016080e-01 2.587141750580945199e-01 3.031496062992126150e-01 3.186141304347825942e-01 2.656250000000000000e-01 2.987848463187991466e-01 4.476386036960985360e-01 9.375000000000000000e-02 3.129824561403508620e-01 4.430894308943089666e-01 4.548088064889919124e-01 2.866065232477446045e-01 3.237063778580023810e-01 3.432449903038138350e-01 2.793255131964809124e-01 3.126323218066337506e-01 3.155270655270655533e-01 3.840445269016697361e-01 4.297052154195011298e-01 3.597213426219125765e-01 4.103308183401044862e-01 2.754268745360059500e-01 3.407407407407407329e-01 3.228346456692913202e-01 4.180327868852459217e-01 3.129330254041570170e-01 4.347079037800687384e-01 2.999999999999999889e-01 2.391143911439114478e-01 4.403458213256484233e-01 3.374827109266943514e-01
3.860182370820668951e-01 3.657243816254416857e-01 1.875000000000000000e-01 4.367816091954023205e-01 0.000000000000000000e+00 4.513966480446927609e-01 3.657243816254416857e-01 4.269662921348314488e-01 3.586206896551724088e-01 6.700211864406779849e-01 5.474613686534216539e-01 3.339317773788150756e-01 3.116751269035533123e-01 4.295733489187609777e-01 3.702153110047846640e-01 4.860491071428571508e-01 4.856353591160221250e-01 4.588036117381489865e-01 7.171968190854870473e-01 3.819767441860464907e-01 6.875365710942071829e-01 4.233199310740953236e-01 5.085714285714285632e-01 5.099828864803194195e-01 5.215664018161180193e-01 5.081414935429533486e-01 5.939196525515744174e-01 5.137334689725330250e-01 3.654970760233918203e-01 1.000000000000000000e+00 4.493491794001132078e-01 5.278219395866454722e-01 6.193914388860237707e-01 4.757442116868798032e-01 3.248218527315914761e-01 7.181141439205955823e-01 9.899463806970509872e-01 5.581649371927908110e-01 3.553766532489937013e-01 9.899463806970509872e-01 3.347022587268994043e-01 3.555992141453830913e-01 5.171060011217050167e-01 3.606557377049180446e-01 5.408942202835332891e-01 3.129169193450576092e-01 3.568627450980392246e-01 4.186186186186185987e-01 4.816901408450704469e-01 4.735812133072406782e-01 2.772808586762074978e-01 3.804679552390640707e-01 6.143380429094714712e-01 4.624553039332538473e-01 4.426412982652490058e-01 2.937613567534827497e-01 6.392503904216554345e-01 3.531218014329580157e-01 3.203125000000000000e-01 6.963979416809605860e-01 3.110164333536214465e-01 4.861111111111111049e-01 4.062500000000000000e-01 4.811903425042111104e-01 3.794901506373117295e-01 4.460756634669678089e-01 4.470588235294117863e-01 6.584234930448222833e-01 3.932518906340896070e-01 3.567787971457695995e-01 3.130792996910401471e-01 5.304678998911860344e-01 4.883073496659242618e-01 4.585881045025013703e-01 4.644839067702552504e-01 3.866666666666666585e-01 4.862104187946884593e-01 3.841536614645858494e-01 4.533468559837728340e-01 4.902363823227132711e-01 4.910813823857302363e-01 3.755299818291944480e-01 4.933110367892976633e-01 3.951565268753691740e-01 5.146771037181996356e-01 4.496342149690489842e-01 2.938650306748466501e-01 3.046875000000000000e-01 3.960852043753598228e-01 2.656250000000000000e-01 3.696428571428571619e-01 4.499017681728880169e-01 9.375000000000000000e-02 3.984560570071258856e-01 4.568627450980392024e-01 5.947816826411075342e-01 3.648569760653823657e-01 3.494845360824742064e-01 4.598290598290598052e-01 3.236342042755344650e-01 3.715623171445289752e-01 3.719835197174808927e-01 5.022075055187638082e-01 5.972369819341126762e-01 4.764309764309764272e-01 5.599571734475374818e-01 3.567467652495379116e-01 4.533176746917205180e-01 3.242187500000000000e-01 4.243614931237720822e-01 3.904958677685950175e-01 6.262241566920565550e-01 3.137254901960784270e-01 3.343615052436767487e-01 5.791424033880360200e-01 4.198473282442747867e-01
3.592880978865405917e-01 3.008075370121130465e-01 1.875000000000000000e-01 3.586118251928020473e-01 4.513966480446927609e-01 0.000000000000000000e+00 3.414295628036085883e-01 4.056179775280898681e-01 3.594501718213058417e-01 4.733759318423855222e-01 4.324644549763033141e-01 3.278097982708933489e-01 3.022727272727272485e-01 3.597359735973597594e-01 2.915254237288135708e-01 4.249061326658322701e-01 4.411764705882352811e-01 4.123314065510597093e-01 5.268656716417911001e-01 3.291054739652870542e-01 4.372842347525892071e-01 3.781291172595520611e-01 3.922174181593576225e-01 3.930991990141712855e-01 4.002440512507626780e-01 4.162561576354679715e-01 4.571428571428571286e-01 4.586956521739130599e-01 3.249490142760027012e-01 4.513966480446927609e-01 3.827082008900190568e-01 4.450231481481481399e-01 4.854368932038835016e-01 4.318750000000000089e-01 2.866108786610878645e-01 5.273088381330685026e-01 4.462486002239641758e-01 6.092628832354859414e-01 4.108804581245525944e-01 4.462486002239641758e-01 3.218785796105383956e-01 3.466933867735471075e-01 4.140243902439024182e-01 3.237704918032787149e-01 4.437869822485207005e-01 2.536997885835095001e-01 3.507014028056112398e-01 2.965879265091863615e-01 4.025000000000000244e-01 4.759036144578313032e-01 2.533904354032833761e-01 3.485523385300668409e-01 4.716466739367502492e-01 3.972972972972972916e-01 3.961783439490446090e-01 2.801755669348939271e-01 4.846856528747984783e-01 3.273137697516930178e-01 3.203125000000000000e-01 4.508150646430578723e-01 2.710280373831775447e-01 4.112207151664611371e-01 4.062500000000000000e-01 4.454428754813863911e-01 3.273453093812375148e-01 3.713745271122320113e-01 4.371257485029940160e-01 4.989417989417989641e-01 3.366600133067199074e-01 3.344594594594594850e-01 3.097447795823665695e-01 4.386484884410195573e-01 4.091189155884165096e-01 4.119873817034700458e-01 4.028642590286425906e-01 3.520179372197309586e-01 4.274809160305343414e-01 3.132694938440492294e-01 4.315906562847608430e-01 4.456762749445676297e-01 3.991442542787286274e-01 2.849352419904567224e-01 4.224565756823821516e-01 3.351351351351351537e-01 5.059760956175298752e-01 3.887127457197209757e-01 2.395683453237409943e-01 3.046875000000000000e-01 3.575233022636484792e-01 2.656250000000000000e-01 3.261772853185595511e-01 4.486921529175050272e-01 9.375000000000000000e-02 3.376358695652174058e-01 4.616935483870967527e-01 4.640852974186307489e-01 3.527373527373527384e-01 3.141242937853107597e-01 3.780873970867637546e-01 2.933333333333333348e-01 3.292600135777324910e-01 3.413793103448276023e-01 4.384236453201970640e-01 4.686098654708520383e-01 4.146187775677378506e-01 4.553828439838802367e-01 3.111913357400721836e-01 3.305732484076432942e-01 3.242187500000000000e-01 4.139999999999999791e-01 3.904982618771726810e-01 4.706214689265536544e-01 3.198380566801619640e-01 2.848879248011568777e-01 4.722222222222222099e-01 3.582887700534759245e-01
3.275862068965517127e-01 2.558845861807137467e-01 1.875000000000000000e-01 3.097787294789436374e-01 3.657243816254416857e-01 3.414295628036085883e-01 0.000000000000000000e+00 3.633004926108374111e-01 3.201243201243201275e-01 3.745856353591160426e-01 3.650287172941927283e-01 2.872427983539094787e-01 2.829705505761843654e-01 3.699999999999999956e-01 2.421695951107715739e-01 3.647540983606557541e-01 3.825136612021857729e-01 5.660685154975529931e-01 4.006024096385542022e-01 2.823970037453183424e-01 3.505782105903834656e-01 3.024425287356322101e-01 3.053536021150032864e-01 3.082508250825082285e-01 3.116460637605725226e-01 3.473333333333333273e-01 3.477744807121661563e-01 3.897911832946635569e-01 2.915699922660479615e-01 3.657243816254416857e-01 3.542857142857142594e-01 3.557457212713936445e-01 4.118653736451796665e-01 3.761969904240766160e-01 2.350157728706624705e-01 3.991995997998999401e-01 3.633136094674556116e-01 3.506172839506173089e-01 2.789115646258503167e-01 3.633136094674556116e-01 2.833545108005082747e-01 3.569892473118279619e-01 3.858695652173912971e-01 3.052714398111723293e-01 3.506250000000000200e-01 2.205044751830756711e-01 3.468085106382978733e-01 2.626488095238095344e-01 3.196776359973136361e-01 4.368530020703933481e-01 2.236951118475559164e-01 3.205445544554455517e-01 3.828571428571428403e-01 3.212703101920236226e-01 2.987101154107263956e-01 2.659208261617900249e-01 3.838440111420612921e-01 3.196930946291560161e-01 3.201581027667984025e-01 3.549146556798116747e-01 2.224958949096880190e-01 3.293650793650793607e-01 4.062500000000000000e-01 3.797202797202797186e-01 2.553035844915874097e-01 4.138702460850111620e-01 4.205020920502092197e-01 3.918256130790190861e-01 3.076341647770219345e-01 3.210659898477157270e-01 2.960526315789473450e-01 3.681528662420381903e-01 3.781743308167467288e-01 3.538355217691775967e-01 3.221701272605492217e-01 3.341708542713567875e-01 3.786982248520709970e-01 2.850430696945966957e-01 4.486692015209125528e-01 3.908872901678657197e-01 3.337757133377571295e-01 2.498054474708171213e-01 5.648795648795649216e-01 3.023791250959324550e-01 4.926931106471816313e-01 3.582089552238805763e-01 2.013311148086522340e-01 2.992125984251968740e-01 2.735166425470332840e-01 2.656250000000000000e-01 3.046251993620414655e-01 4.477611940298507620e-01 9.375000000000000000e-02 2.706766917293232932e-01 4.190871369294605908e-01 3.778829095209935152e-01 3.029595015576324046e-01 3.407894736842105310e-01 3.046767537826685079e-01 2.725793327908869190e-01 2.797256097560975596e-01 9.856972586412395820e-01 3.640583554376657927e-01 3.555298204979733812e-01 3.438140806561859053e-01 3.865598027127003511e-01 2.536704730831974008e-01 2.873399715504978413e-01 3.241106719367589095e-01 4.080338266384778145e-01 3.469387755102040782e-01 3.670588235294117707e-01 3.111587982832618171e-01 2.410936205468102722e-01 3.508158508158508160e-01 3.190368698269375747e-01
2.803030303030302761e-01 3.472906403940886899e-01 1.875000000000000000e-01 3.561643835616438158e-01 4.269662921348314488e-01 4.056179775280898681e-01 3.633004926108374111e-01 0.000000000000000000e+00 3.582629674306393452e-01 4.174950298210735600e-01 4.172892209178228340e-01 3.566796368352788682e-01 2.524429967426710109e-01 3.758865248226950229e-01 3.481481481481481510e-01 3.870614035087719396e-01 3.926247288503253996e-01 3.877777777777777768e-01 4.266144814090019333e-01 3.568862275449101729e-01 4.297782470960929135e-01 3.856132075471698228e-01 3.896816684961580957e-01 3.914473684210526550e-01 3.954496208017334591e-01 3.978142076502731994e-01 4.192546583850931818e-01 3.165075034106412111e-01 3.515527950310559091e-01 4.269662921348314488e-01 3.887640449438202195e-01 4.058577405857740628e-01 4.204204204204204376e-01 3.934426229508196649e-01 3.346055979643766110e-01 4.266144814090019333e-01 4.268167860798362523e-01 4.167539267015706872e-01 3.654080389768574744e-01 4.268167860798362523e-01 2.313787638668779734e-01 3.820512820512820262e-01 4.196035242290748757e-01 3.870162297128589279e-01 4.153354632587859530e-01 3.226666666666666572e-01 3.325123152709359431e-01 3.445378151260504174e-01 4.069506726457399193e-01 4.299287410926365682e-01 3.099337748344370702e-01 2.636363636363636131e-01 4.165834165834165770e-01 4.111245465538089228e-01 3.830734966592427848e-01 3.548830811554332665e-01 4.228855721393035005e-01 3.098360655737704694e-01 3.112033195020746934e-01 4.259067357512953400e-01 3.631361760660247739e-01 4.235423542354235238e-01 4.062500000000000000e-01 4.099099099099098864e-01 3.638525564803805068e-01 3.852272727272727515e-01 3.747072599531616199e-01 4.254689042448173697e-01 3.890909090909090984e-01 2.644757433489827725e-01 3.146853146853146876e-01 3.893528183716075119e-01 3.921993499458288346e-01 3.913525498891352594e-01 3.722943722943722888e-01 3.179650238473767931e-01 3.108298171589310988e-01 3.573232323232323204e-01 3.226744186046511809e-01 3.692762186115214340e-01 3.969298245614035214e-01 3.498098859315589282e-01 3.949945593035908420e-01 4.142678347934918848e-01 4.095022624434389025e-01 3.718091009988901408e-01 3.082191780821917915e-01 2.839506172839506015e-01 3.809523809523809312e-01 2.656250000000000000e-01 3.524283935242839561e-01 4.352078239608802024e-01 9.375000000000000000e-02 3.863354037267080487e-01 3.929411764705882382e-01 4.071065989847715838e-01 3.746898263027295117e-01 3.528399311531841831e-01 4.002293577981651529e-01 3.423772609819121238e-01 3.629719853836784194e-01 3.609756097560975485e-01 4.182217343578485402e-01 4.148827726809378169e-01 4.074074074074073848e-01 4.090909090909091161e-01 3.699186991869918839e-01 3.826291079812206841e-01 3.489361702127659615e-01 3.411214953271027861e-01 3.949152542372881269e-01 4.271047227926078049e-01 3.007518796992481036e-01 3.856942496493688810e-01 4.262125902992776050e-01 4.111922141119221386e-01
3.427172582619338881e-01 2.631970260223048252e-01 1.875000000000000000e-01 3.082811412665275030e-01 3.586206896551724088e-01 3.594501718213058417e-01 3.201243201243201275e-01 3.582629674306393452e-01 0.000000000000000000e+00 3.833970507919169934e-01 3.531598513011152685e-01 3.221035332785538441e-01 2.746566791510611782e-01 3.485967503692762315e-01 2.573363431151241554e-01 3.720617864338482406e-01 5.269372693726936951e-01 3.608033240997229885e-01 4.160839160839160944e-01 2.909625275532696786e-01 3.581283743251349461e-01 3.865671641791044721e-01 3.386348575215374357e-01 3.388375165125495636e-01 3.426710097719869452e-01 3.782521681120747381e-01 3.859964093357270976e-01 4.053117782909930744e-01 3.121652639632746529e-01 3.586206896551724088e-01 3.258196721311475419e-01 4.055900621118012639e-01 4.031180400890868598e-01 3.515111695137976278e-01 2.536964980544746950e-01 4.188716924613080650e-01 3.578034682080925011e-01 4.123972169512966635e-01 3.475562451512800854e-01 3.578034682080925011e-01 3.058375634517766506e-01 3.466386554621848637e-01 3.826259946949602253e-01 3.107692307692307421e-01 3.926767676767676796e-01 2.439613526570048319e-01 3.565400843881856296e-01 2.752562225475841950e-01 3.645621181262729271e-01 4.396728016359918167e-01 2.303961196443007342e-01 3.325153374233129067e-01 3.902989283699943579e-01 2.961130742049469800e-01 3.597222222222222210e-01 2.750210260723296996e-01 4.042198778456412844e-01 2.991347342398022469e-01 3.228346456692913202e-01 3.653286794648051283e-01 2.772689425478767622e-01 3.875759621877110095e-01 4.062500000000000000e-01 3.774744027303754135e-01 2.854014598540146053e-01 3.795309168443496972e-01 4.384133611691022891e-01 3.995691976305869586e-01 3.022743947175348667e-01 3.151364764267989838e-01 3.124183006535947715e-01 4.139264990328820337e-01 3.852901484480432126e-01 6.226720647773279493e-01 3.344348975545274327e-01 3.631778058007566479e-01 3.751451800232288303e-01 3.130841121495326895e-01 4.292742927429274435e-01 3.985765124555160077e-01 3.913337846987136048e-01 2.768754833720030728e-01 3.754175016700067036e-01 3.267326732673267453e-01 4.979338842975206680e-01 3.803810868031051728e-01 2.367109634551494979e-01 3.019607843137254721e-01 3.213762811127379160e-01 2.656250000000000000e-01 3.102104442712392829e-01 4.324324324324324564e-01 9.375000000000000000e-02 3.015753938484621033e-01 4.488517745302714190e-01 3.970588235294117418e-01 3.307513555383423953e-01 3.341902313624678933e-01 3.476752255378209311e-01 2.649371069182390181e-01 3.628458498023715562e-01 3.212355212355212375e-01 3.892927957699933716e-01 3.704767375071797986e-01 3.597025016903312999e-01 3.936816524908869908e-01 2.717041800643086868e-01 2.990196078431372473e-01 3.215686274509804154e-01 4.171907756813417190e-01 3.255240443896424418e-01 3.781268179173938315e-01 3.156779661016949068e-01 2.383627608346709503e-01 4.183673469387755306e-01 3.240058910162003092e-01
3.956043956043955867e-01 3.662822624931356130e-01 1.875000000000000000e-01 4.592673592126845228e-01 6.700211864406779849e-01 4.733759318423855222e-01 3.745856353591160426e-01 4.174950298210735600e-01 3.833970507919169934e-01 0.000000000000000000e+00 5.565445026178010846e-01 3.381696428571428492e-01 3.210000000000000075e-01 4.219684611201739988e-01 3.985218874360432206e-01 5.176848874598071193e-01 5.145733969263380780e-01 4.782608695652174058e-01 7.852216748768472421e-01 4.050772626931567477e-01 6.093832366895097774e-01 4.370249728555917756e-01 5.442550852116547766e-01 5.464030752333882690e-01 5.590809628008752696e-01 5.210442194992008780e-01 6.586538461538461453e-01 5.185185185185184897e-01 3.887964503605102484e-01 6.700211864406779849e-01 4.732865623313545766e-01 5.871034841393655279e-01 6.670025188916877124e-01 5.260053619302949013e-01 3.422818791946308781e-01 7.922013820335637169e-01 6.629570747217805593e-01 5.739583333333333481e-01 3.894389438943894333e-01 6.629570747217805593e-01 3.276723276723276790e-01 3.535156250000000000e-01 5.443310048361096332e-01 3.857698721511951256e-01 5.730042016806722316e-01 3.352402745995423095e-01 3.574218750000000000e-01 3.998893805309734484e-01 5.088948787061994272e-01 4.765625000000000000e-01 2.881828316610925422e-01 3.985872855701311779e-01 6.721479958890030915e-01 4.364731653888280216e-01 4.800646551724138122e-01 3.059490084985835856e-01 6.937212863705972676e-01 3.564257028112449710e-01 3.203125000000000000e-01 6.333333333333333037e-01 3.124293785310734428e-01 5.184196476241323959e-01 4.062500000000000000e-01 4.970666666666666567e-01 4.072847682119205559e-01 4.853101196953210072e-01 4.472656250000000000e-01 7.215447154471544833e-01 3.987997817785051691e-01 3.613613613613613773e-01 3.066132264529057849e-01 5.727848101265823333e-01 5.312500000000000000e-01 4.880127863612147010e-01 4.983991462113127047e-01 3.865461847389558003e-01 4.869739478957915702e-01 3.873318385650224016e-01 4.649298597194388982e-01 4.879275653923541012e-01 5.192307692307692735e-01 3.800904977375565430e-01 5.156998403406066744e-01 3.983425414364640815e-01 5.175781250000000000e-01 4.813815434430652740e-01 3.275058275058275181e-01 3.046875000000000000e-01 4.120849210669569884e-01 2.656250000000000000e-01 3.837535014005602485e-01 4.472656250000000000e-01 9.375000000000000000e-02 4.195725534308211713e-01 4.570312500000000000e-01 6.402280974598237862e-01 3.805066079295154058e-01 3.460764587525150815e-01 4.858541893362350317e-01 3.337041156840934164e-01 3.876311430149088633e-01 3.789299503585217832e-01 5.288207297726070788e-01 6.307139188495121118e-01 5.021459227467811592e-01 5.965820818228897426e-01 3.471590909090909172e-01 4.575523704520396695e-01 3.242187500000000000e-01 4.218750000000000000e-01 3.695219123505976144e-01 6.914836636314943830e-01 3.144531250000000000e-01 3.503184713375795956e-01 6.365524402907580814e-01 4.175342465753424381e-01
3.848614072494669358e-01 3.220024721878863017e-01 1.875000000000000000e-01 4.077669902912621214e-01 5.474613686534216539e-01 4.324644549763033141e-01 3.650287172941927283e-01 4.172892209178228340e-01 3.531598513011152685e-01 5.565445026178010846e-01 0.000000000000000000e+00 3.117797695262484181e-01 3.066239316239316448e-01 3.953201970443349644e-01 3.160847880299251789e-01 4.469696969696969613e-01 4.561810795124782159e-01 4.514182257091128303e-01 6.309760956175298752e-01 3.791588198367859541e-01 5.513482501434309180e-01 3.961117861482381652e-01 4.385964912280701511e-01 4.426900584795321891e-01 4.506960556844547550e-01 4.612244897959183465e-01 5.192943770672546755e-01 4.750519750519750506e-01 3.294262800740283548e-01 5.474613686534216539e-01 4.080425783560023834e-01 4.941956882255389982e-01 5.464994775339603317e-01 4.450231481481481399e-01 3.413996075866579383e-01 6.312127236580516998e-01 5.460088691796008975e-01 5.059154929577465154e-01 3.380454824830977367e-01 5.460088691796008975e-01 3.095744680851063579e-01 3.558648111332007868e-01 4.680232558139534871e-01 3.283767038413878403e-01 4.873524451939291735e-01 2.965382103200522312e-01 3.598409542743538636e-01 4.032154340836012762e-01 4.411764705882352811e-01 4.694280078895463615e-01 2.690815006468305071e-01 3.745997865528281623e-01 5.460351250665247402e-01 4.097954122752635042e-01 4.172576832151300152e-01 2.709551656920077822e-01 5.601681555438781102e-01 3.401069518716577367e-01 3.203125000000000000e-01 5.578535494689770280e-01 2.613418530351437896e-01 4.413633737723858808e-01 4.062500000000000000e-01 4.657125819916517750e-01 3.713395638629283235e-01 4.155766944114149819e-01 4.455445544554455517e-01 5.836373110995309865e-01 6.704374057315233282e-01 3.569892473118279619e-01 2.967741935483870774e-01 4.775533108866442111e-01 4.360599078341013679e-01 4.284044418468731519e-01 4.430751173708920021e-01 3.678038379530916835e-01 4.482758620689655249e-01 3.421717171717171824e-01 4.193548387096774355e-01 4.415448851774530503e-01 4.463768115942028936e-01 3.875248838752488600e-01 4.760779681039574718e-01 3.646028767979987428e-01 5.078740157480314821e-01 4.228028503562945573e-01 2.624345549738220096e-01 3.046875000000000000e-01 3.532248342374924577e-01 2.656250000000000000e-01 3.348017621145374378e-01 4.512922465208747402e-01 9.375000000000000000e-02 3.368162261831592064e-01 4.583333333333333148e-01 5.357337697763229212e-01 3.479075577763897642e-01 3.449023861171366390e-01 4.119739181979845677e-01 5.617378048780488076e-01 3.499688084840923419e-01 3.726866624122527338e-01 4.659746251441753140e-01 5.218093699515347073e-01 4.528749259039715480e-01 5.197331851028349492e-01 3.112840466926070082e-01 4.415829145728643046e-01 3.242187500000000000e-01 4.198019801980197863e-01 3.716433941997852042e-01 5.291235710397387271e-01 3.108910891089108897e-01 2.843264248704663322e-01 5.258573761567773008e-01 4.110970996216897766e-01
3.105670103092783574e-01 2.562248995983935629e-01 1.875000000000000000e-01 2.644927536231884146e-01 3.339317773788150756e-01 3.278097982708933489e-01 2.872427983539094787e-01 3.566796368352788682e-01 3.221035332785538441e-01 3.381696428571428492e-01 3.117797695262484181e-01 0.000000000000000000e+00 2.529960053262316766e-01 4.174350377200335416e-01 2.123125493291239119e-01 3.493635077793493804e-01 3.192360163710777354e-01 3.156002875629043691e-01 3.581488933601609803e-01 2.419601837672281652e-01 3.174504950495049549e-01 3.182861514919663182e-01 2.676529926025554840e-01 2.672471533824514189e-01 2.721268163804491658e-01 2.968435191403626661e-01 3.355786895284751936e-01 4.019728729963008562e-01 3.412563667232597631e-01 3.339317773788150756e-01 3.289183222958057540e-01 3.184634448574968912e-01 3.398876404494381998e-01 3.012863913337847088e-01 2.168178070898598431e-01 3.568922305764410940e-01 3.305288461538461453e-01 3.354551241247613058e-01 2.496099843993759837e-01 3.305288461538461453e-01 2.841677943166441289e-01 3.672566371681416086e-01 3.157894736842105088e-01 2.945544554455445385e-01 3.326898326898327096e-01 1.979609175870858107e-01 3.596491228070175517e-01 2.352036894696387381e-01 3.940520446096654195e-01 4.367088607594936667e-01 2.071366405570060909e-01 2.831632653061224580e-01 3.375430539609644010e-01 2.774436090225563811e-01 3.058739255014326641e-01 2.577413479052823586e-01 3.411764705882353033e-01 2.998661311914324057e-01 3.188976377952755792e-01 3.213859020310633197e-01 2.369584438549955929e-01 3.342599027102154396e-01 4.062500000000000000e-01 3.094575799721835940e-01 2.498078401229823220e-01 2.964824120603015145e-01 4.050632911392405000e-01 3.449781659388646560e-01 2.882953652788687871e-01 3.031914893617021489e-01 3.200000000000000067e-01 3.320388349514563076e-01 3.182130584192439660e-01 3.742647058823529438e-01 2.772881355932203529e-01 3.472409152086137207e-01 3.869346733668341809e-01 2.797029702970297294e-01 3.907455012853470189e-01 3.911392405063290889e-01 3.324080499653018772e-01 2.176706827309236869e-01 3.079537729435757876e-01 2.907630522088353597e-01 4.655532359081419602e-01 2.832980972515856122e-01 1.753472222222222099e-01 2.980392156862745057e-01 2.836279784780937896e-01 2.656250000000000000e-01 2.548701298701298579e-01 4.261241970021413250e-01 9.375000000000000000e-02 2.588512981904012578e-01 4.307036247334754542e-01 3.325401546698393829e-01 8.711583924349881602e-01 3.379888268156424624e-01 2.962697274031563799e-01 2.534013605442176909e-01 2.866396761133603310e-01 2.865306122448979531e-01 3.593642017968209923e-01 3.248969982342554408e-01 3.155680224403927259e-01 3.269821757836509080e-01 2.659667541557305115e-01 2.563915266617969313e-01 3.280632411067193610e-01 4.073275862068965747e-01 3.611491108071135381e-01 3.401319736052789700e-01 3.200883002207505768e-01 2.482269503546099265e-01 3.413606261288380517e-01 2.911490683229813747e-01
3.309352517985611475e-01 2.679487179487179405e-01 1.875000000000000000e-01 2.908224076281287207e-01 3.116751269035533123e-01 3.022727272727272485e-01 2.829705505761843654e-01 2.524429967426710109e-01 2.746566791510611782e-01 3.210000000000000075e-01 3.066239316239316448e-01 2.529960053262316766e-01 0.000000000000000000e+00 2.867557715674362018e-01 2.918848167539266902e-01 2.960893854748603560e-01 3.013245033112582627e-01 3.164556962025316666e-01 3.225806451612903136e-01 2.817955112219451275e-01 3.216931216931216975e-01 2.876052948255114483e-01 3.253424657534246811e-01 3.242320819112627928e-01 3.277216610549943954e-01 3.044444444444444620e-01 3.187499999999999778e-01 2.893553223388306006e-01 2.733160621761658304e-01 3.116751269035533123e-01 2.970183486238532344e-01 3.138918345705196122e-01 3.192771084337349130e-01 3.058035714285714524e-01 2.722371967654986791e-01 3.225806451612903136e-01 3.112919633774160477e-01 3.192389006342494784e-01 2.942675159235668692e-01 3.112919633774160477e-01 2.196007259528130751e-01 3.053221288515406417e-01 3.025302530253025091e-01 2.848020434227330755e-01 3.062966915688367098e-01 2.930029154518950518e-01 3.146067415730336991e-01 2.897077509529860095e-01 3.053348467650397469e-01 3.598971722365038595e-01 2.774566473988439030e-01 2.440273037542662060e-01 3.235887096774193727e-01 2.935444579780754903e-01 2.979452054794520799e-01 2.376933895921237716e-01 3.236763236763236518e-01 2.111692844677137970e-01 3.198198198198198283e-01 3.212058212058211959e-01 2.203856749311294827e-01 3.065934065934066144e-01 4.000000000000000222e-01 3.093607305936073026e-01 2.944099378881987472e-01 2.893518518518518601e-01 3.420365535248041655e-01 3.257425742574257543e-01 2.867737948084054245e-01 2.058319039451114996e-01 2.048417132216014958e-01 3.070362473347548193e-01 2.952799121844127406e-01 3.112884834663626199e-01 3.111612175873731956e-01 2.168067226890756372e-01 2.861586314152410604e-01 2.564766839378238572e-01 2.308868501529051931e-01 2.744186046511628008e-01 2.988888888888888706e-01 2.920592193808883019e-01 2.976846747519294456e-01 2.925598991172761454e-01 4.397905759162303863e-01 2.910958904109589018e-01 2.743628185907046602e-01 3.441860465116279300e-01 2.665066026410564115e-01 2.656250000000000000e-01 2.740259740259740062e-01 3.854447439353099747e-01 9.375000000000000000e-02 2.878980891719745139e-01 3.445595854922279822e-01 3.138461538461538303e-01 2.664141414141414366e-01 2.270270270270270396e-01 2.931633835457705950e-01 2.724795640326975743e-01 2.596273291925466076e-01 2.878980891719745139e-01 3.001095290251916681e-01 3.132036847492323250e-01 2.983050847457627275e-01 3.114583333333333370e-01 2.778561354019746243e-01 2.896634615384615641e-01 3.066666666666666430e-01 3.395721925133690089e-01 2.210884353741496555e-01 3.220164609053497995e-01 2.927536231884058093e-01 2.741702741702741752e-01 3.205791106514994659e-01 2.619617224880382844e-01
3.416075650118203244e-01 2.877801879971077503e-01 1.875000000000000000e-01 3.265720081135902730e-01 4.295733489187609777e-01 3.597359735973597594e-01 3.699999999999999956e-01 3.758865248226950229e-01 3.485967503692762315e-01 4.219684611201739988e-01 3.953201970443349644e-01 4.174350377200335416e-01 2.867557715674362018e-01 0.000000000000000000e+00 2.459132906894100912e-01 4.017150395778363858e-01 3.886378308586184716e-01 4.049416609471516715e-01 4.606910365548322339e-01 2.869139258222533351e-01 3.914590747330961018e-01 3.614035087719298378e-01 3.286978508217446304e-01 3.289224952741020558e-01 3.343711083437110876e-01 4.020887728459530130e-01 3.885350318471337827e-01 4.342857142857142749e-01 3.107221006564551691e-01 4.295733489187609777e-01 3.705962059620596105e-01 3.826650943396226467e-01 4.407530454042081769e-01 4.053876478318002574e-01 2.421129860601614059e-01 4.605394605394605434e-01 4.258064516129032029e-01 4.013317191283293228e-01 2.992857142857142660e-01 4.258064516129032029e-01 3.012195121951219412e-01 3.659574468085106114e-01 3.864363403710812661e-01 3.469079939668174850e-01 4.317897371714643495e-01 2.205551387846961808e-01 3.644067796610169219e-01 2.899575671852899772e-01 3.974615898463593755e-01 4.687500000000000000e-01 2.501948558067030315e-01 3.349168646080760148e-01 4.446965399886557146e-01 3.588652482269503730e-01 3.682092555331992201e-01 3.141447368421052544e-01 4.537861915367483179e-01 3.264311814859927052e-01 3.228346456692913202e-01 4.024249422632794615e-01 2.664576802507837017e-01 4.013114754098360826e-01 4.062500000000000000e-01 4.046822742474916468e-01 2.780859916782246755e-01 3.577181208053691330e-01 4.256198347107438273e-01 4.562737642585551479e-01 3.254817987152034409e-01 3.181272509003601479e-01 3.024999999999999911e-01 3.905867970660146793e-01 4.000000000000000222e-01 3.878908848968729006e-01 3.331218274111675259e-01 3.900621118012422284e-01 4.127167630057803627e-01 3.455098934550989154e-01 4.510278113663845345e-01 4.334511189634864814e-01 3.858625162127107822e-01 2.521676300578034602e-01 4.436952124072825465e-01 3.411764705882353033e-01 4.846625766871165419e-01 4.074585635359115887e-01 2.029096477794793130e-01 3.019607843137254721e-01 3.335689045936395813e-01 2.656250000000000000e-01 3.499234303215926767e-01 4.465408805031446660e-01 9.375000000000000000e-02 3.025089605734767040e-01 4.509394572025052228e-01 4.452941176470588402e-01 4.184397163120567309e-01 3.551637279596977503e-01 3.611297915265635483e-01 2.810606060606060663e-01 3.417533432392273474e-01 3.707951070336391597e-01 4.035989717223650297e-01 4.046670461013090470e-01 4.238095238095238027e-01 4.356495468277945537e-01 2.711993888464476754e-01 3.105548037889039326e-01 3.267716535433070613e-01 4.133611691022964774e-01 3.740740740740740589e-01 4.094307073030477029e-01 3.150105708245243274e-01 2.745098039215686514e-01 4.198606271777003407e-01 3.762811127379209197e-01
3.155940594059405968e-01 2.498078401229823220e-01 1.875000000000000000e-01 3.094202898550724723e-01 3.702153110047846640e-01 2.915254237288135708e-01 2.421695951107715739e-01 3.481481481481481510e-01 2.573363431151241554e-01 3.985218874360432206e-01 3.160847880299251789e-01 2.123125493291239119e-01 2.918848167539266902e-01 2.459132906894100912e-01 0.000000000000000000e+00 3.003300330033003562e-01 3.192333113020489055e-01 2.967786154900616813e-01 3.893360160965794736e-01 2.767247915087187038e-01 3.449969306322897555e-01 2.897398843930635848e-01 3.867521367521367659e-01 3.867991483321504553e-01 3.863319386331938721e-01 2.975260416666666852e-01 4.295729764181007160e-01 7.320644216691069017e-01 2.699149265274555232e-01 3.702153110047846640e-01 2.829670329670329609e-01 3.337393422655298147e-01 3.556786703601108046e-01 3.009836065573770481e-01 2.493907392363931830e-01 3.900602409638554424e-01 3.686109440769693157e-01 3.284132841328413210e-01 2.790161414296694620e-01 3.686109440769693157e-01 2.805662805662805792e-01 3.426724137931034253e-01 3.271767810026385281e-01 2.412480974124809607e-01 3.264925373134328623e-01 3.345421577515865774e-01 3.706140350877192846e-01 2.740458015267175362e-01 2.870431893687707681e-01 4.978165938864628770e-01 1.995033112582781376e-01 4.590846047156726950e-01 3.514124293785310660e-01 2.891654465592972123e-01 2.937542896362388412e-01 2.115869017632241722e-01 3.569060773480662863e-01 2.840909090909091161e-01 3.266932270916334535e-01 3.535714285714285920e-01 2.144638403990024866e-01 3.056653491436099879e-01 4.062500000000000000e-01 2.940785096473719218e-01 2.710843373493975750e-01 2.927335640138408190e-01 4.337606837606837740e-01 3.691056910569105454e-01 2.487160674981657993e-01 2.905660377358490476e-01 2.679738562091503185e-01 3.299874529485570807e-01 3.017751479289940697e-01 3.064952638700947363e-01 3.086751849361129563e-01 3.457583547557840364e-01 6.690856313497822727e-01 2.445987654320987692e-01 3.508982035928143728e-01 4.366373902132998919e-01 3.022339027595269401e-01 3.350253807106599035e-01 3.143613500992720189e-01 2.567771084337349130e-01 5.572687224669603534e-01 2.897260273972602773e-01 3.937007874015748254e-01 3.107569721115537864e-01 2.716593245227606479e-01 2.656250000000000000e-01 2.523364485981308136e-01 4.156118143459915371e-01 9.375000000000000000e-02 2.903726708074534368e-01 4.444444444444444198e-01 3.422740524781340832e-01 2.359128474830954059e-01 2.988357050452781216e-01 3.015320334261838431e-01 2.258579409417398320e-01 2.488653555219364488e-01 2.456273764258555259e-01 2.989756722151088453e-01 3.369942196531792167e-01 2.989276139410187438e-01 3.307369682444577519e-01 2.941680960548885282e-01 2.913043478260869401e-01 3.253968253968254065e-01 4.029850746268656692e-01 3.244274809160305195e-01 3.740275284260921596e-01 3.108695652173912860e-01 2.301255230125522910e-01 3.639070875521143722e-01 2.683823529411764608e-01
3.508196721311475641e-01 3.249336870026525159e-01 1.875000000000000000e-01 3.550995024875621686e-01 4.860491071428571508e-01 4.249061326658322701e-01 3.647540983606557541e-01 3.870614035087719396e-01 3.720617864338482406e-01 5.176848874598071193e-01 4.469696969696969613e-01 3.493635077793493804e-01 2.960893854748603560e-01 4.017150395778363858e-01 3.003300330033003562e-01 0.000000000000000000e+00 4.386391251518833578e-01 4.212178279974890249e-01 5.599800895968143344e-01 3.187940987812700189e-01 4.595671981776765502e-01 3.800383877159309032e-01 3.869617224880382844e-01 3.870005963029218843e-01 3.972764949674363333e-01 4.643962848297213397e-01 4.666292765002804099e-01 4.580645161290322620e-01 3.766233766233766378e-01 4.860491071428571508e-01 8.345618345618345257e-01 4.912689173457508995e-01 5.074866310160427441e-01 4.436274509803921351e-01 2.724850099933378011e-01 5.611332007952286594e-01 4.851374088614694435e-01 4.885361552028218424e-01 3.609625668449197855e-01 4.851374088614694435e-01 3.006681514476614581e-01 3.392857142857143016e-01 4.396135265700483186e-01 3.542934415145368443e-01 4.429723502304147575e-01 2.664835164835164805e-01 3.594377510040160373e-01 3.058221369161868153e-01 4.261890055589870330e-01 4.671968190854871028e-01 2.541322314049586639e-01 3.491189427312775262e-01 5.079105291871249817e-01 3.517110266159695908e-01 4.027346177750155132e-01 3.066954643628509447e-01 5.228863758750673663e-01 3.355780022446689381e-01 3.203125000000000000e-01 4.749163879598662374e-01 2.773519163763066286e-01 4.062126642771803908e-01 4.062500000000000000e-01 4.481249999999999956e-01 3.239074550128534513e-01 4.035087719298245390e-01 4.488977955911823692e-01 5.284810126582278889e-01 3.573298429319371472e-01 3.381696428571428492e-01 2.973893303064699123e-01 4.556074766355140415e-01 4.617775015537600725e-01 4.402751719824890553e-01 3.896882494004796360e-01 3.738738738738738854e-01 4.302702702702702608e-01 3.549488054607508603e-01 4.617977528089887707e-01 4.233261339092872499e-01 4.424019607843137081e-01 3.026052104208417082e-01 4.334346504559270508e-01 3.409986859395532366e-01 4.970414201183431802e-01 4.263124604680582075e-01 2.503496503496503434e-01 3.046875000000000000e-01 3.582956746287927485e-01 2.656250000000000000e-01 3.645761543762922052e-01 4.431137724550898160e-01 9.375000000000000000e-02 3.055198973042361765e-01 4.530938123752494828e-01 4.955257270693512184e-01 3.900758097863542551e-01 3.269447576099210884e-01 3.723208818126148012e-01 3.006134969325153228e-01 3.379629629629629650e-01 3.636363636363636465e-01 4.472573839662447037e-01 4.991624790619765273e-01 4.922480620155038622e-01 4.876649454962708186e-01 2.883561643835616528e-01 3.454091193004372173e-01 3.242187500000000000e-01 4.171656686626746269e-01 3.503893214682980983e-01 4.772978959025470647e-01 3.073852295409181812e-01 2.625085675119945283e-01 5.211428571428571299e-01 3.696930111038536637e-01
3.715846994535519365e-01 3.177083333333333148e-01 1.875000000000000000e-01 3.824451410658307182e-01 4.856353591160221250e-01 4.411764705882352811e-01 3.825136612021857729e-01 3.926247288503253996e-01 5.269372693726936951e-01 5.145733969263380780e-01 4.561810795124782159e-01 3.192360163710777354e-01 3.013245033112582627e-01 3.886378308586184716e-01 3.192333113020489055e-01 4.386391251518833578e-01 0.000000000000000000e+00 4.889466840052015817e-01 5.690168818272095530e-01 3.303514376996805058e-01 4.643665158371040880e-01 4.083870967741935476e-01 4.272671941570298504e-01 4.271844660194174526e-01 4.373493975903614550e-01 4.552647595861229468e-01 4.754189944134078472e-01 4.488935721812434276e-01 3.492063492063491870e-01 4.856353591160221250e-01 3.944615384615384746e-01 4.925028835063436916e-01 5.246516613076098734e-01 4.410163339382940362e-01 2.770448548812665113e-01 5.756218905472636482e-01 4.822616407982261433e-01 4.889406286379511246e-01 3.838926174496644084e-01 4.822616407982261433e-01 3.188888888888888884e-01 3.479125248508946333e-01 4.821648216482165017e-01 3.366271409749670429e-01 4.775248102743724354e-01 2.677966101694915224e-01 3.572854291417165706e-01 3.292604501607717116e-01 4.194528875379939237e-01 4.702380952380952328e-01 2.642026009582477686e-01 3.640350877192982670e-01 5.130151843817787327e-01 3.630050505050504972e-01 4.242046163443543572e-01 2.992237120677487816e-01 5.253874933190807450e-01 3.155603917301414429e-01 3.203125000000000000e-01 4.786939679026009919e-01 2.829537612146307834e-01 4.512195121951219634e-01 4.062500000000000000e-01 4.652908067542214088e-01 3.354673495518565862e-01 4.369055168040583137e-01 4.520000000000000129e-01 5.373291272344900005e-01 3.761467889908257090e-01 3.548387096774193727e-01 3.115124153498871062e-01 4.846698113207547065e-01 4.455927051671732531e-01 5.064683053040103244e-01 4.111980734497290846e-01 3.645374449339207068e-01 4.337606837606837740e-01 3.451505016722408170e-01 4.521452145214521212e-01 4.330117899249731894e-01 4.485696895922093863e-01 3.094764744864148542e-01 4.853582554517134051e-01 3.335483870967742015e-01 5.149105367793240795e-01 4.850260416666666852e-01 2.747716092761771089e-01 3.046875000000000000e-01 3.541004450095359135e-01 2.656250000000000000e-01 3.749143248800548278e-01 4.520000000000000129e-01 9.375000000000000000e-02 3.552631578947368363e-01 4.503968253968254065e-01 5.168539325842697041e-01 3.431952662721893255e-01 3.333333333333333148e-01 3.950769230769231033e-01 3.228454172366621022e-01 3.623670212765957577e-01 3.878663940013633016e-01 4.862216778934476680e-01 4.822307271733187739e-01 4.784810126582278444e-01 5.147484094852515790e-01 2.946367956551255718e-01 3.591022443890274363e-01 3.242187500000000000e-01 4.118811881188118584e-01 3.609271523178808061e-01 4.883977900552486373e-01 3.160000000000000031e-01 2.707482993197278809e-01 5.126617895329206309e-01 3.643958868894601744e-01
3.631284916201117374e-01 2.972972972972973138e-01 1.875000000000000000e-01 3.696219035202086278e-01 4.588036117381489865e-01 4.123314065510597093e-01 5.660685154975529931e-01 3.877777777777777768e-01 3.608033240997229885e-01 4.782608695652174058e-01 4.514182257091128303e-01 3.156002875629043691e-01 3.164556962025316666e-01 4.049416609471516715e-01 2.967786154900616813e-01 4.212178279974890249e-01 4.889466840052015817e-01 0.000000000000000000e+00 5.272363818090954890e-01 3.401084010840108585e-01 4.456079115764979837e-01 3.659658344283837073e-01 3.867574257425742679e-01 3.876543209876543439e-01 3.974280465401102136e-01 4.152227722772277030e-01 4.497142857142857331e-01 4.741474147414741491e-01 3.500697350069735259e-01 4.588036117381489865e-01 4.075520833333333148e-01 4.517825832846288914e-01 5.244716351501668150e-01 4.001229256299938530e-01 2.892329345531315932e-01 5.276807980049875724e-01 4.552661381653453909e-01 4.452296819787985860e-01 3.265582655826558267e-01 4.552661381653453909e-01 3.165714285714285592e-01 3.432539682539682557e-01 4.503144654088050425e-01 3.331024930747922275e-01 4.276470588235294357e-01 2.686781609195402210e-01 3.579999999999999849e-01 3.290453622207176743e-01 4.049118387909320105e-01 4.711729622266401796e-01 2.566690699351117377e-01 3.599550056242969420e-01 4.766355140186915862e-01 3.727454909819639117e-01 3.738965952080706145e-01 2.743947175348496192e-01 4.800861141011840694e-01 3.176206509539842848e-01 3.203125000000000000e-01 4.475760992108229752e-01 2.562634216177523405e-01 4.154228855721392999e-01 4.062500000000000000e-01 4.037617554858934366e-01 3.134526176275679310e-01 4.588394062078272606e-01 4.442231075697211096e-01 5.007982969664714901e-01 3.450134770889488056e-01 3.307086614173228578e-01 3.196721311475410054e-01 4.429169157202629825e-01 4.530351437699680628e-01 4.100126742712293937e-01 3.965087281795511287e-01 3.791523482245131582e-01 4.522222222222222476e-01 3.382456140350877383e-01 4.668949771689497874e-01 4.323432343234323572e-01 4.127870887647424047e-01 3.173821252638986401e-01 6.227758007117437655e-01 3.183344526527870921e-01 5.189620758483033391e-01 4.228758169934640487e-01 2.573529411764705621e-01 3.046875000000000000e-01 3.215916503587736286e-01 2.656250000000000000e-01 3.300699300699300731e-01 4.529058116232465014e-01 9.375000000000000000e-02 3.288043478260869734e-01 4.455445544554455517e-01 4.800456100342075372e-01 3.521617852161785245e-01 3.329506314580941706e-01 3.715916296766011429e-01 2.969525159461374741e-01 3.124156545209176850e-01 5.694557270511778624e-01 4.321824907521578107e-01 4.451219512195122019e-01 4.064272211720226791e-01 4.605110336817653804e-01 2.851033499643620961e-01 3.515625000000000000e-01 3.242187500000000000e-01 4.099009900990098765e-01 3.629124004550625671e-01 4.591549295774647876e-01 3.140000000000000013e-01 2.699784017278617498e-01 4.533183352080989992e-01 3.559435862995298794e-01
3.968719452590420138e-01 4.034205231388329760e-01 1.875000000000000000e-01 4.832750873689465876e-01 7.171968190854870473e-01 5.268656716417911001e-01 4.006024096385542022e-01 4.266144814090019333e-01 4.160839160839160944e-01 7.852216748768472421e-01 6.309760956175298752e-01 3.581488933601609803e-01 3.225806451612903136e-01 4.606910365548322339e-01 3.893360160965794736e-01 5.599800895968143344e-01 5.690168818272095530e-01 5.272363818090954890e-01 0.000000000000000000e+00 4.254254254254254408e-01 6.666666666666666297e-01 4.804216867469879304e-01 5.586172344689378511e-01 5.621242484969939390e-01 5.791583166332665567e-01 5.675273088381330711e-01 6.933399602385685867e-01 5.126953125000000000e-01 4.086345381526104159e-01 7.171968190854870473e-01 5.152423788105946478e-01 6.595744680851063357e-01 7.753195673549655442e-01 5.692921236291126341e-01 3.571069814163737033e-01 9.883720930232557933e-01 7.097415506958250075e-01 6.439169139465875658e-01 4.069651741293532354e-01 7.097415506958250075e-01 3.304007820136852236e-01 3.535156250000000000e-01 5.848303393213573065e-01 3.995993990986479449e-01 6.370407149950347847e-01 3.326592517694640927e-01 3.574218750000000000e-01 4.236180904522612867e-01 5.466334164588528832e-01 4.765625000000000000e-01 3.143863179074446457e-01 3.847656250000000000e-01 7.569169960474307901e-01 4.610389610389610260e-01 5.214570858283432697e-01 3.206686930091185439e-01 7.858904785397138326e-01 3.545543584720862174e-01 3.203125000000000000e-01 7.053571428571429047e-01 3.244197780020181554e-01 5.706440339490763680e-01 4.062500000000000000e-01 5.544999999999999929e-01 4.302908726178535370e-01 5.129740518962075946e-01 4.472656250000000000e-01 8.204242723236310209e-01 4.387550200803213007e-01 3.620352250489236590e-01 3.085210577864838655e-01 6.313959264778936653e-01 5.649576903932305161e-01 5.352182539682539542e-01 5.426587301587301182e-01 3.825831702544031376e-01 4.804687500000000000e-01 3.926780341023068943e-01 4.632713026444661986e-01 4.799216454456415315e-01 5.675137020428500101e-01 3.799698037242073556e-01 5.749999999999999556e-01 4.286434694906707255e-01 5.175781250000000000e-01 5.159203980099502651e-01 3.050075872534142585e-01 3.046875000000000000e-01 4.530858003010536650e-01 2.656250000000000000e-01 3.971774193548386900e-01 4.472656250000000000e-01 9.375000000000000000e-02 4.208144796380090535e-01 4.570312500000000000e-01 7.149925779317169994e-01 4.073146292585170247e-01 3.418217433888344758e-01 5.180180180180180560e-01 3.581488933601609803e-01 4.152840623428858957e-01 4.059207225288509746e-01 5.909317389138016852e-01 7.153428712382832177e-01 5.486769845232152276e-01 6.765725606736008313e-01 3.425414364640884113e-01 4.804020100502512380e-01 3.242187500000000000e-01 4.218750000000000000e-01 3.780607247796278214e-01 7.256857855361595888e-01 3.144531250000000000e-01 3.329959514170040547e-01 7.115956392467790437e-01 4.466700050075112505e-01
3.158522050059594521e-01 2.920754716981132093e-01 1.875000000000000000e-01 7.038703870387038597e-01 3.819767441860464907e-01 3.291054739652870542e-01 2.823970037453183424e-01 3.568862275449101729e-01 2.909625275532696786e-01 4.050772626931567477e-01 3.791588198367859541e-01 2.419601837672281652e-01 2.817955112219451275e-01 2.869139258222533351e-01 2.767247915087187038e-01 3.187940987812700189e-01 3.303514376996805058e-01 3.401084010840108585e-01 4.254254254254254408e-01 0.000000000000000000e+00 3.783292978208232515e-01 3.222614840989399543e-01 3.553333333333333344e-01 3.572854291417165706e-01 3.599999999999999867e-01 3.606020942408377228e-01 3.748524203069657501e-01 4.232558139534883801e-01 2.585579024034960205e-01 3.819767441860464907e-01 2.974767596281540638e-01 3.702588801926550155e-01 4.238336143901068054e-01 3.311897106109324973e-01 6.725025746652935066e-01 4.274999999999999911e-01 3.796728971962616828e-01 3.711843711843711979e-01 3.148009015777610831e-01 3.796728971962616828e-01 2.933832709113607939e-01 3.319587628865979245e-01 3.286890436985434039e-01 2.496360989810771369e-01 3.655384615384615343e-01 2.760032760032760102e-01 3.528183716075156684e-01 3.067758749069248170e-01 3.282994090610636961e-01 4.558521560574948506e-01 2.319422150882824996e-01 3.477188655980271159e-01 3.805013927576601507e-01 2.826388888888888840e-01 3.237071860308932125e-01 2.320709105560032348e-01 3.867975995635570263e-01 3.192019950124688199e-01 3.228346456692913202e-01 3.890523837551501107e-01 2.366107114308553250e-01 3.256410256410256499e-01 4.062500000000000000e-01 3.265839320705421489e-01 4.517184942716857554e-01 3.466574776016540516e-01 4.398340248962655519e-01 3.967914438502673780e-01 2.808022922636103091e-01 3.221809169764560110e-01 3.028350515463917314e-01 3.701863354037266962e-01 3.363518758085381477e-01 3.357615894039734927e-01 6.012608353033884745e-01 3.532338308457711462e-01 3.995299647473560256e-01 2.669649515287099151e-01 3.801652892561983577e-01 3.985849056603773533e-01 3.359173126614987126e-01 3.071484681853888232e-01 3.515981735159817156e-01 2.828947368421052544e-01 5.020576131687243260e-01 2.996699669966996771e-01 2.433774834437086032e-01 3.019607843137254721e-01 2.967189728958630757e-01 2.656250000000000000e-01 2.775263951734540102e-01 4.309278350515464151e-01 9.375000000000000000e-02 2.919438285291943713e-01 4.472049689440993903e-01 4.333733493397358694e-01 2.598253275109170257e-01 3.095238095238095344e-01 3.147276395427034412e-01 2.602952602952602890e-01 2.904903417533432619e-01 2.884902840059790918e-01 3.488520408163265363e-01 3.732112192329707923e-01 3.333333333333333148e-01 3.667061611374407559e-01 2.608695652173912971e-01 3.201413427561837222e-01 3.267716535433070613e-01 4.099378881987577605e-01 3.163017031630170339e-01 3.864959254947613609e-01 2.987551867219916946e-01 2.271293375394321801e-01 3.943661971830985657e-01 2.982078853046595257e-01
3.744813278008298774e-01 3.596813725490196068e-01 1.875000000000000000e-01 4.167650531286894999e-01 6.875365710942071829e-01 4.372842347525892071e-01 3.505782105903834656e-01 4.297782470960929135e-01 3.581283743251349461e-01 6.093832366895097774e-01 5.513482501434309180e-01 3.174504950495049549e-01 3.216931216931216975e-01 3.914590747330961018e-01 3.449969306322897555e-01 4.595671981776765502e-01 4.643665158371040880e-01 4.456079115764979837e-01 6.666666666666666297e-01 3.783292978208232515e-01 0.000000000000000000e+00 4.129530600118835326e-01 4.801864801864801913e-01 4.842657342657342712e-01 4.936342592592592449e-01 4.751853964632059557e-01 5.746807329261521824e-01 5.067778936392075551e-01 3.496376811594202882e-01 6.875365710942071829e-01 4.291521486643438132e-01 5.084010840108400542e-01 5.767634854771783726e-01 4.692132269099201780e-01 3.343769567939887111e-01 6.676587301587301182e-01 6.876470588235293890e-01 5.388485187255449560e-01 3.547418967587034899e-01 6.876470588235293890e-01 3.259493670886076111e-01 3.509803921568627194e-01 5.118978525827045933e-01 3.341331733653269409e-01 5.169727323316638534e-01 3.254172015404364626e-01 3.575638506876228084e-01 4.181818181818181546e-01 4.515203671830178012e-01 4.745098039215686070e-01 2.875157629255989944e-01 3.730407523510971823e-01 5.936999466097170330e-01 4.721701063164477907e-01 4.257767548906789545e-01 2.894236858771374044e-01 6.115221987315010432e-01 3.491561181434599259e-01 3.203125000000000000e-01 9.424119241192412399e-01 3.141394753678822815e-01 4.655663062037563860e-01 4.062500000000000000e-01 4.842105263157894801e-01 3.740963855421686746e-01 4.316463059918557166e-01 4.450980392156862475e-01 6.270213875847678864e-01 3.850331925165962343e-01 3.600844772967264906e-01 3.148345784418356552e-01 4.988950276243093729e-01 4.644280022766078542e-01 4.276018099547511109e-01 4.492009132420091144e-01 3.822597676874340267e-01 4.800838574423479943e-01 3.508879363135333773e-01 4.449064449064449311e-01 4.904661016949152796e-01 4.614074914869466526e-01 4.051779935275081068e-01 4.847438111686816486e-01 4.023558586484811128e-01 5.156862745098039769e-01 4.221711659965536878e-01 2.911311053984576014e-01 3.046875000000000000e-01 3.814616755793226455e-01 2.656250000000000000e-01 3.494788473329246137e-01 4.479371316306483553e-01 9.375000000000000000e-02 3.766788766788766729e-01 4.549019607843137192e-01 5.547798066595058808e-01 3.481927710843373269e-01 3.511205976520810901e-01 4.414519906323184917e-01 3.248288736776602237e-01 3.624772313296903414e-01 3.578819233110164255e-01 4.813559322033898469e-01 5.742145178764896940e-01 4.571099597006332838e-01 5.393873085339168094e-01 3.693811074918566528e-01 4.606396063960639387e-01 3.242187500000000000e-01 4.168297455968688614e-01 3.817603393425238467e-01 5.908590308370044175e-01 3.143418467583496967e-01 3.422251138581652308e-01 5.500000000000000444e-01 4.057004244996967879e-01
3.466509988249118490e-01 3.252923976608186885e-01 1.875000000000000000e-01 3.610921501706484404e-01 4.233199310740953236e-01 3.781291172595520611e-01 3.024425287356322101e-01 3.856132075471698228e-01 3.865671641791044721e-01 4.370249728555917756e-01 3.961117861482381652e-01 3.182861514919663182e-01 2.876052948255114483e-01 3.614035087719298378e-01 2.897398843930635848e-01 3.800383877159309032e-01 4.083870967741935476e-01 3.659658344283837073e-01 4.804216867469879304e-01 3.222614840989399543e-01 4.129530600118835326e-01 0.000000000000000000e+00 3.644501278772378505e-01 3.645634161886551761e-01 3.705103969754253157e-01 3.983322642719692164e-01 4.327830188679245293e-01 4.305084745762711718e-01 2.971631205673758713e-01 4.233199310740953236e-01 3.618290258449304297e-01 4.031877213695395645e-01 4.346405228758170036e-01 3.723135271807838098e-01 2.825278810408922148e-01 4.817042606516290792e-01 4.220554272517321182e-01 4.250151791135397539e-01 3.240343347639484950e-01 4.220554272517321182e-01 3.098420413122721651e-01 3.606557377049180446e-01 3.821495914519170145e-01 3.308931185944363196e-01 3.984327908378541561e-01 2.568181818181818343e-01 3.591836734693877320e-01 3.238231098430813248e-01 4.056915949702183943e-01 4.657258064516128782e-01 2.613723978411719440e-01 3.479809976247030812e-01 4.248618784530386883e-01 3.224711473183978216e-01 3.776595744680851241e-01 2.764291307752544946e-01 4.332971800433839671e-01 3.381995133819951094e-01 3.203125000000000000e-01 4.217215482380127223e-01 2.864949258391881193e-01 3.877159309021113165e-01 4.062500000000000000e-01 3.476611883691529958e-01 3.185654008438818519e-01 3.582286847323198908e-01 4.239999999999999880e-01 4.469333333333333491e-01 2.982817869415807510e-01 3.507917174177831998e-01 3.261964735516372782e-01 4.110091743119266283e-01 3.917790622992934901e-01 3.970976253298152958e-01 4.172757475083056500e-01 3.899138991389913822e-01 3.995459704880817142e-01 3.473053892215569038e-01 4.163742690058479523e-01 4.131185270425776768e-01 4.195026178010471396e-01 2.855061908230153156e-01 3.884984025559105603e-01 3.209964412811388002e-01 5.172413793103448620e-01 3.600525624178712025e-01 2.572549019607843213e-01 3.046875000000000000e-01 3.410202655485674583e-01 2.656250000000000000e-01 3.465866466616654429e-01 4.354838709677419373e-01 9.375000000000000000e-02 3.311735061195104635e-01 4.602851323828920371e-01 4.395604395604395531e-01 3.362509117432531114e-01 3.272283272283272315e-01 3.798657718120805327e-01 2.521802325581395388e-01 4.030534351145038108e-01 3.063707945597709537e-01 3.981072555205047436e-01 4.092446448703495054e-01 3.925294888597640752e-01 4.384707287933094499e-01 2.887537993920972768e-01 3.358208955223880854e-01 3.242187500000000000e-01 4.121212121212121104e-01 3.640776699029126262e-01 4.124004550625711141e-01 3.116089613034623285e-01 2.496229260935143301e-01 4.493856056173200497e-01 3.474277660324172068e-01
3.775055679287305233e-01 3.010540184453228130e-01 1.875000000000000000e-01 3.856041131105398256e-01 5.085714285714285632e-01 3.922174181593576225e-01 3.053536021150032864e-01 3.896816684961580957e-01 3.386348575215374357e-01 5.442550852116547766e-01 4.385964912280701511e-01 2.676529926025554840e-01 3.253424657534246811e-01 3.286978508217446304e-01 3.867521367521367659e-01 3.869617224880382844e-01 4.272671941570298504e-01 3.867574257425742679e-01 5.586172344689378511e-01 3.553333333333333344e-01 4.801864801864801913e-01 3.644501278772378505e-01 0.000000000000000000e+00 9.939393939393939004e-01 9.655172413793103869e-01 4.151057401812688896e-01 5.446960667461263617e-01 5.247191011235955438e-01 3.246839654025282518e-01 5.085714285714285632e-01 3.685185185185185230e-01 4.288126055149127924e-01 4.943880277926242517e-01 3.945008965929467926e-01 3.040774015203869807e-01 5.629072681704260228e-01 5.025758443045220680e-01 4.402985074626865614e-01 3.491957104557640856e-01 5.025758443045220680e-01 3.090705487122060724e-01 3.393213572854291149e-01 4.214328717639975741e-01 3.086582947785855846e-01 4.463869463869463705e-01 4.061776061776061764e-01 3.568548387096774355e-01 4.528437724982001256e-01 3.973105134474327893e-01 4.858299595141700178e-01 2.697740112994350126e-01 4.272409778812572556e-01 4.872490504612045359e-01 3.371356147021546401e-01 3.884400248601616035e-01 2.496513249651325095e-01 5.000000000000000000e-01 3.160220994475138045e-01 3.203125000000000000e-01 4.920364050056882932e-01 2.630844382414515015e-01 4.248166259168704162e-01 4.062500000000000000e-01 4.039167686658506895e-01 3.534883720930232509e-01 3.736059479553903162e-01 4.613821138211381956e-01 5.227754237288135819e-01 3.130601792573623476e-01 3.452914798206278002e-01 2.782122905027932802e-01 4.363001745200698056e-01 4.106602059357964962e-01 4.013521819299323834e-01 4.088397790055248726e-01 3.461962513781697837e-01 5.011337868480725266e-01 3.194351042367182258e-01 4.245076586433260135e-01 4.321389793702497539e-01 3.899821109123434715e-01 4.709923664122137588e-01 4.108761329305136156e-01 3.364238410596026574e-01 5.221774193548387455e-01 3.863354037267080487e-01 4.030206677265500970e-01 3.046875000000000000e-01 3.565840938722294462e-01 2.656250000000000000e-01 3.187331536388139930e-01 4.525252525252525526e-01 9.375000000000000000e-02 4.082633053221288444e-01 4.655870445344129638e-01 4.910011248593925681e-01 2.973324658425504086e-01 3.295711060948081084e-01 4.082539682539682580e-01 2.745098039215686514e-01 3.413816230717638955e-01 3.115511551155115688e-01 3.955399061032863761e-01 4.723451327433628166e-01 3.979217603911980317e-01 4.552661381653453909e-01 3.066104078762306728e-01 4.536152796725784198e-01 3.242187500000000000e-01 4.233870967741935609e-01 3.545150501672240662e-01 5.097031963470319837e-01 3.019999999999999907e-01 2.773876404494381998e-01 4.784313725490196290e-01 3.493819128171763433e-01
3.777777777777777679e-01 3.022339027595269401e-01 1.875000000000000000e-01 3.865384615384615530e-01 5.099828864803194195e-01 3.930991990141712855e-01 3.082508250825082285e-01 3.914473684210526550e-01 3.388375165125495636e-01 5.464030752333882690e-01 4.426900584795321891e-01 2.672471533824514189e-01 3.242320819112627928e-01 3.289224952741020558e-01 3.867991483321504553e-01 3.870005963029218843e-01 4.271844660194174526e-01 3.876543209876543439e-01 5.621242484969939390e-01 3.572854291417165706e-01 4.842657342657342712e-01 3.645634161886551761e-01 9.939393939393939004e-01 0.000000000000000000e+00 9.714045416316232640e-01 4.150602409638554091e-01 5.488676996424314281e-01 5.246636771300448032e-01 3.249336870026525159e-01 5.099828864803194195e-01 3.686153846153846225e-01 4.311410905002810434e-01 4.957310565635005273e-01 3.961813842482100334e-01 3.053066850447966885e-01 5.664160401002505951e-01 5.040000000000000036e-01 4.410080183276059440e-01 3.511705685618728978e-01 5.040000000000000036e-01 3.080357142857143016e-01 3.393213572854291149e-01 4.247894103489771589e-01 3.098220171390902999e-01 4.487776484284051182e-01 4.104938271604938183e-01 3.568548387096774355e-01 4.578833693304535379e-01 3.981707317073170938e-01 4.858299595141700178e-01 2.684469430780042076e-01 4.274099883855981274e-01 4.894308943089430985e-01 3.373341756159191629e-01 3.910614525139664566e-01 2.493055555555555580e-01 5.021367521367521292e-01 3.164277839029768224e-01 3.203125000000000000e-01 4.960182025028441188e-01 2.644398051496172353e-01 4.256097560975609650e-01 4.062500000000000000e-01 4.056200366524129741e-01 3.536423841059602724e-01 3.728395061728395077e-01 4.613821138211381956e-01 5.248677248677248164e-01 3.150159744408945750e-01 3.456375838926174504e-01 2.787068004459308801e-01 4.386984311446833207e-01 4.114803625377643770e-01 4.022072348252605511e-01 4.105392156862744946e-01 3.450549450549450503e-01 5.011312217194570096e-01 3.188211654387139715e-01 4.262295081967212851e-01 4.353963083604777684e-01 3.924955330553900890e-01 4.763358778625954026e-01 4.133977066988533400e-01 3.366336633663366551e-01 5.221774193548387455e-01 3.880967141971481960e-01 4.018987341772151667e-01 3.046875000000000000e-01 3.576072821846553729e-01 2.656250000000000000e-01 3.216689098250336554e-01 4.525252525252525526e-01 9.375000000000000000e-02 4.082344731332868126e-01 4.655870445344129638e-01 4.940978077571669402e-01 2.968243681140634860e-01 3.314543404735061927e-01 4.109067850348763207e-01 2.766531713900134970e-01 3.415775401069518491e-01 3.153034300791556777e-01 3.971880492091388604e-01 4.745856353591160204e-01 3.979280926264472940e-01 4.592298980747451798e-01 3.069376313945340051e-01 4.583901773533424207e-01 3.242187500000000000e-01 4.233870967741935609e-01 3.548387096774193727e-01 5.128351397604107298e-01 3.019999999999999907e-01 2.778166550034989468e-01 4.815229563269876611e-01 3.512987012987012769e-01
3.804824561403508665e-01 3.082414016872160878e-01 1.875000000000000000e-01 3.913869537682077016e-01 5.215664018161180193e-01 4.002440512507626780e-01 3.116460637605725226e-01 3.954496208017334591e-01 3.426710097719869452e-01 5.590809628008752696e-01 4.506960556844547550e-01 2.721268163804491658e-01 3.277216610549943954e-01 3.343711083437110876e-01 3.863319386331938721e-01 3.972764949674363333e-01 4.373493975903614550e-01 3.974280465401102136e-01 5.791583166332665567e-01 3.599999999999999867e-01 4.936342592592592449e-01 3.705103969754253157e-01 9.655172413793103869e-01 9.714045416316232640e-01 0.000000000000000000e+00 4.252392344497607501e-01 5.626112759643916439e-01 5.271317829457364823e-01 3.272370999346831955e-01 5.215664018161180193e-01 3.785103785103784979e-01 4.429530201342282147e-01 5.066383430695697854e-01 4.072317723770005893e-01 3.044654939106901104e-01 5.826653306613226446e-01 5.156338828880046021e-01 4.513375071143995720e-01 3.566710700132100231e-01 5.156338828880046021e-01 3.116740088105726669e-01 3.459244532803180672e-01 4.306134603930911187e-01 3.166123778501628849e-01 4.566974595842956397e-01 4.192073170731707155e-01 3.607214428857715705e-01 4.633972992181947248e-01 4.034981905910735578e-01 4.799999999999999822e-01 2.735457063711911330e-01 4.197952218430033855e-01 5.021598272138229069e-01 3.469004383218534660e-01 3.922888616891064828e-01 2.529049897470950214e-01 5.154419595314163605e-01 3.199129488574537494e-01 3.203125000000000000e-01 5.076400679117147874e-01 2.652084757347915045e-01 4.297769740807715344e-01 4.062500000000000000e-01 4.125831820931639693e-01 3.608382449246889112e-01 3.759902498476538901e-01 4.558232931726907688e-01 5.379746835443037778e-01 3.198738170347003029e-01 3.517699115044247704e-01 2.785087719298245390e-01 4.475201845444060078e-01 4.157706093189963981e-01 4.058146577831617252e-01 4.149000605693519139e-01 3.496199782844733872e-01 5.005574136008918984e-01 3.229854689564068959e-01 4.251883745963401240e-01 4.372990353697749355e-01 3.994100294985250543e-01 4.774774774774774855e-01 4.202032277346084976e-01 3.396226415094339424e-01 5.250501002004007711e-01 3.902140672782874464e-01 4.000000000000000222e-01 3.046875000000000000e-01 3.628773281952472618e-01 2.656250000000000000e-01 3.258128732581287434e-01 4.558232931726907688e-01 9.375000000000000000e-02 4.103092783505154495e-01 4.658634538152610638e-01 5.089686098654708779e-01 3.011508951406649537e-01 3.303769401330376998e-01 4.180790960451977178e-01 2.797342192691029683e-01 3.436471362738643953e-01 3.185955786736020534e-01 4.063953488372092915e-01 4.876169510181618261e-01 4.057971014492753881e-01 4.668539325842696597e-01 3.069511355815554010e-01 4.626262626262626076e-01 3.242187500000000000e-01 4.239999999999999880e-01 3.578485181119648861e-01 5.226757369614511983e-01 3.035714285714285476e-01 2.792297111416781052e-01 4.913745130773511383e-01 3.566388710711994592e-01
3.721185510428101084e-01 3.174706649282920679e-01 1.875000000000000000e-01 3.901515151515151381e-01 5.081414935429533486e-01 4.162561576354679715e-01 3.473333333333333273e-01 3.978142076502731994e-01 3.782521681120747381e-01 5.210442194992008780e-01 4.612244897959183465e-01 2.968435191403626661e-01 3.044444444444444620e-01 4.020887728459530130e-01 2.975260416666666852e-01 4.643962848297213397e-01 4.552647595861229468e-01 4.152227722772277030e-01 5.675273088381330711e-01 3.606020942408377228e-01 4.751853964632059557e-01 3.983322642719692164e-01 4.151057401812688896e-01 4.150602409638554091e-01 4.252392344497607501e-01 0.000000000000000000e+00 4.845244794597636240e-01 4.605543710021322013e-01 3.383705650459921110e-01 5.081414935429533486e-01 4.196988707653701578e-01 4.830751577739529345e-01 5.832869080779944371e-01 4.488428745432399558e-01 3.025606469002695142e-01 5.647873392680514693e-01 5.030951041080472530e-01 4.734717416378316224e-01 3.717521652231845497e-01 5.030951041080472530e-01 3.236282194848824068e-01 3.539999999999999813e-01 4.500000000000000111e-01 3.597315436241610986e-01 4.478808705612829510e-01 2.884748102139406689e-01 3.552894211576846373e-01 3.121424030514939330e-01 4.167679222357229540e-01 4.653465346534653713e-01 2.501694915254237261e-01 3.645374449339207068e-01 5.105691056910569570e-01 3.619709412507896573e-01 4.126394052044609628e-01 3.044712562100780895e-01 5.270487412961970541e-01 3.543307086614173040e-01 3.203125000000000000e-01 4.893973214285714524e-01 2.764786795048143064e-01 4.225014961101137279e-01 4.062500000000000000e-01 4.652473387601753219e-01 3.344010249839846072e-01 4.214824120603015145e-01 4.384920634920634885e-01 5.373684210526316063e-01 3.652343750000000000e-01 3.227917121046892102e-01 3.103057757644394066e-01 4.596633778293673922e-01 4.597418561770129086e-01 4.749524413443246829e-01 4.145015105740181283e-01 3.680709534368070690e-01 4.360902255639097502e-01 3.576741041244083652e-01 4.434687156970362198e-01 4.494015233949945620e-01 4.310656231186032472e-01 3.118351063829787329e-01 4.291716686674669767e-01 3.341952165481577031e-01 5.009861932938856066e-01 4.555910543130990420e-01 2.646648044692737622e-01 3.046875000000000000e-01 3.625880845611787473e-01 2.656250000000000000e-01 3.524645509790682030e-01 4.442231075697211096e-01 9.375000000000000000e-02 3.348475016223231848e-01 4.398422090729783296e-01 5.211505922165821092e-01 3.289902280130292955e-01 3.248053392658509231e-01 3.940886699507389346e-01 3.198906356801093920e-01 3.390052356020942237e-01 3.535286284953395586e-01 4.602409638554216809e-01 5.077951002227171218e-01 4.793912492073557630e-01 4.914481185860889445e-01 3.032169746748802353e-01 3.555417185554171633e-01 3.242187500000000000e-01 4.239999999999999880e-01 3.659621802002224755e-01 4.933407325194228421e-01 3.166332665330661156e-01 2.942401110340041592e-01 5.160926030491247429e-01 3.572343149807938323e-01
3.806584362139917577e-01 3.469750889679715233e-01 1.875000000000000000e-01 4.289044289044289249e-01 5.939196525515744174e-01 4.571428571428571286e-01 3.477744807121661563e-01 4.192546583850931818e-01 3.859964093357270976e-01 6.586538461538461453e-01 5.192943770672546755e-01 3.355786895284751936e-01 3.187499999999999778e-01 3.885350318471337827e-01 4.295729764181007160e-01 4.666292765002804099e-01 4.754189944134078472e-01 4.497142857142857331e-01 6.933399602385685867e-01 3.748524203069657501e-01 5.746807329261521824e-01 4.327830188679245293e-01 5.446960667461263617e-01 5.488676996424314281e-01 5.626112759643916439e-01 4.845244794597636240e-01 0.000000000000000000e+00 5.421940928270042592e-01 3.548578199052132565e-01 5.939196525515744174e-01 4.254112308564946265e-01 5.332612222823147619e-01 6.004140786749482261e-01 4.728291316526610499e-01 3.310975609756097726e-01 6.968190854870774942e-01 5.918256130790190417e-01 5.378289473684210176e-01 3.670811130846654557e-01 5.918256130790190417e-01 3.229491173416407235e-01 3.562992125984251746e-01 4.935356942102304689e-01 3.571854502087060124e-01 5.416204217536071397e-01 4.255892255892255727e-01 3.575638506876228084e-01 4.170238824249846710e-01 4.788087056128293439e-01 4.774066797642436133e-01 2.783882783882783984e-01 4.054910242872228343e-01 5.892203035060178395e-01 4.312908982748364095e-01 4.465408805031446660e-01 2.968944099378881818e-01 6.067357512953367449e-01 3.471933471933472126e-01 3.203125000000000000e-01 5.898692810457516478e-01 3.056416615003099690e-01 4.833427442123094386e-01 4.062500000000000000e-01 4.558740865654862251e-01 3.715461493239270996e-01 4.319088319088318917e-01 4.450980392156862475e-01 6.286594761171032664e-01 3.709112149532710068e-01 3.495346432264736514e-01 3.119747899159663884e-01 5.158991228070175517e-01 4.872521246458923483e-01 4.711593375214163104e-01 4.531688166012338703e-01 3.826903023983315721e-01 5.153764581124071764e-01 3.618817852834740889e-01 4.520123839009287936e-01 4.817898022892819765e-01 4.841807909604519677e-01 4.444444444444444198e-01 4.747757847533632392e-01 3.749257278669043125e-01 5.216535433070865757e-01 4.396355353075170891e-01 3.739999999999999991e-01 3.046875000000000000e-01 4.157236450268016470e-01 2.656250000000000000e-01 3.613293051359516839e-01 4.507874015748031260e-01 9.375000000000000000e-02 3.847539015606242230e-01 4.520547945205479201e-01 5.793140407288317473e-01 3.704368641532016504e-01 3.392484342379958329e-01 4.658892128279883416e-01 3.067705212702216966e-01 3.798076923076922906e-01 3.540925266903914848e-01 4.765323025952512559e-01 5.717321997874601491e-01 4.511235955056179803e-01 5.433494884221863330e-01 3.564231738035264496e-01 4.567827130852341044e-01 3.242187500000000000e-01 4.251968503937008093e-01 3.793103448275861878e-01 5.931744312026002719e-01 3.169291338582677087e-01 3.031423290203327237e-01 5.788058095750403531e-01 4.023668639053254448e-01
2.946058091286307135e-01 4.191616766467065602e-01 1.875000000000000000e-01 4.403153153153153143e-01 5.137334689725330250e-01 4.586956521739130599e-01 3.897911832946635569e-01 3.165075034106412111e-01 4.053117782909930744e-01 5.185185185185184897e-01 4.750519750519750506e-01 4.019728729963008562e-01 2.893553223388306006e-01 4.342857142857142749e-01 7.320644216691069017e-01 4.580645161290322620e-01 4.488935721812434276e-01 4.741474147414741491e-01 5.126953125000000000e-01 4.232558139534883801e-01 5.067778936392075551e-01 4.305084745762711718e-01 5.247191011235955438e-01 5.246636771300448032e-01 5.271317829457364823e-01 4.605543710021322013e-01 5.421940928270042592e-01 0.000000000000000000e+00 4.052443384982121755e-01 5.137334689725330250e-01 4.471101417666303313e-01 4.748201438848920763e-01 5.100000000000000089e-01 4.767567567567567721e-01 3.919413919413919367e-01 5.126953125000000000e-01 5.106815869786368589e-01 4.764826175869120717e-01 4.326241134751773187e-01 5.106815869786368589e-01 2.525252525252525415e-01 3.286713286713286442e-01 4.696485623003194831e-01 3.993015133876600675e-01 4.884696016771488680e-01 4.595687331536388309e-01 3.427230046948356867e-01 4.180327868852459217e-01 4.582881906825568841e-01 5.143540669856458969e-01 3.670886075949367222e-01 4.991896272285251124e-01 5.074925074925075164e-01 4.230769230769230727e-01 4.664466446644664477e-01 3.603034134007585543e-01 5.074331020812685722e-01 2.787356321839080664e-01 3.208333333333333592e-01 5.123711340206185127e-01 3.627204030226700016e-01 4.844587352625938093e-01 4.062500000000000000e-01 4.566160520607375206e-01 4.378629500580720202e-01 4.411441144114411350e-01 3.950338600451467341e-01 5.138067061143983816e-01 4.024943310657596585e-01 2.644163150492264691e-01 2.582089552238805985e-01 4.874476987447698972e-01 4.622741764080764981e-01 4.473118279569892608e-01 4.612903225806451735e-01 3.294797687861271696e-01 9.050279329608938994e-01 4.014423076923077094e-01 3.136482939632546096e-01 4.439716312056737335e-01 4.521276595744680993e-01 4.688691232528589548e-01 4.700214132762312591e-01 4.280701754385964897e-01 6.188118811881188064e-01 4.455337690631808178e-01 5.115606936416184913e-01 3.262711864406779849e-01 4.248291571753986529e-01 2.656250000000000000e-01 3.962040332147093724e-01 3.918918918918918859e-01 9.375000000000000000e-02 4.612590799031476840e-01 4.031531531531531432e-01 4.904137235116044491e-01 4.122497055359246043e-01 2.821637426900585055e-01 4.610244988864142801e-01 3.696969696969696906e-01 4.069767441860465129e-01 3.921568627450980338e-01 4.665959703075291398e-01 4.894259818731117595e-01 4.651416122004357057e-01 4.907786885245901676e-01 4.348958333333333148e-01 4.469783352337514115e-01 3.305439330543932797e-01 3.750000000000000000e-01 2.765363128491620248e-01 4.974721941354903754e-01 3.002364066193853320e-01 3.797953964194373255e-01 5.045965270684371617e-01 4.087837837837837718e-01
3.388116308470290883e-01 2.613293051359516506e-01 1.875000000000000000e-01 2.739160357880247587e-01 3.654970760233918203e-01 3.249490142760027012e-01 2.915699922660479615e-01 3.515527950310559091e-01 3.121652639632746529e-01 3.887964503605102484e-01 3.294262800740283548e-01 3.412563667232597631e-01 2.733160621761658304e-01 3.107221006564551691e-01 2.699149265274555232e-01 3.766233766233766378e-01 3.492063492063491870e-01 3.500697350069735259e-01 4.086345381526104159e-01 2.585579024034960205e-01 3.496376811594202882e-01 2.971631205673758713e-01 3.246839654025282518e-01 3.249336870026525159e-01 3.272370999346831955e-01 3.383705650459921110e-01 3.548578199052132565e-01 4.052443384982121755e-01 0.000000000000000000e+00 3.654970760233918203e-01 3.627940128296507361e-01 3.773119605425400702e-01 3.994382022471910099e-01 3.350888742593811642e-01 2.398119122257053315e-01 4.100250626566416257e-01 3.623018203170875196e-01 3.706467661691542070e-01 2.736763609246830597e-01 3.623018203170875196e-01 2.787096774193548177e-01 3.586956521739130266e-01 3.938983050847457701e-01 2.904468412942989297e-01 3.446571957998764701e-01 2.405891980360065352e-01 3.902439024390244038e-01 2.651403249630723824e-01 4.641537324464153902e-01 4.545454545454545303e-01 2.267871815940838143e-01 3.182389937106918087e-01 3.708497467642093426e-01 2.874465049928673355e-01 3.294279807029634743e-01 2.591024555461473589e-01 3.758943313153549903e-01 2.839036755386565303e-01 3.228346456692913202e-01 3.579379027533685087e-01 2.397034596375617888e-01 3.735593220338983000e-01 4.062500000000000000e-01 3.393939393939394145e-01 2.670080468178492872e-01 3.436401967673928248e-01 4.319148936170212894e-01 3.832077502691065840e-01 2.866617538688283062e-01 3.153153153153153143e-01 3.360995850622406911e-01 3.567398119122257016e-01 3.359735973597359759e-01 3.772663877266387855e-01 3.109354413702239972e-01 3.440721649484536071e-01 4.009779951100244655e-01 2.619954303122620232e-01 4.282083862770012517e-01 4.000000000000000222e-01 3.905284831846259630e-01 2.554179566563467563e-01 3.417052214144084554e-01 2.841079460269865242e-01 4.894957983193277129e-01 3.335640138408304534e-01 2.217573221757322133e-01 3.070866141732283561e-01 3.010989010989010839e-01 2.656250000000000000e-01 2.717474980754426284e-01 4.473118279569892608e-01 9.375000000000000000e-02 2.798199549887471771e-01 4.456289978678038555e-01 3.623693379790940972e-01 3.665048543689320426e-01 2.953367875647668339e-01 3.138736263736263687e-01 2.490118577075098871e-01 3.018433179723502557e-01 2.928516525749423338e-01 3.469785575048732751e-01 3.647944412275622716e-01 3.310946944257890934e-01 3.490172721858249005e-01 2.534301856335754444e-01 2.850105559465165306e-01 3.267716535433070613e-01 4.132762312633833091e-01 3.662714097496705956e-01 3.557358053302433487e-01 2.982832618025750837e-01 2.533112582781457123e-01 3.761792452830188815e-01 2.791033984092552434e-01
3.860182370820668951e-01 3.657243816254416857e-01 1.875000000000000000e-01 4.367816091954023205e-01 1.000000000000000000e+00 4.513966480446927609e-01 3.657243816254416857e-01 4.269662921348314488e-01 3.586206896551724088e-01 6.700211864406779849e-01 5.474613686534216539e-01 3.339317773788150756e-01 3.116751269035533123e-01 4.295733489187609777e-01 3.702153110047846640e-01 4.860491071428571508e-01 4.856353591160221250e-01 4.588036117381489865e-01 7.171968190854870473e-01 3.819767441860464907e-01 6.875365710942071829e-01 4.233199310740953236e-01 5.085714285714285632e-01 5.099828864803194195e-01 5.215664018161180193e-01 5.081414935429533486e-01 5.939196525515744174e-01 5.137334689725330250e-01 3.654970760233918203e-01 0.000000000000000000e+00 4.493491794001132078e-01 5.278219395866454722e-01 6.193914388860237707e-01 4.757442116868798032e-01 3.248218527315914761e-01 7.181141439205955823e-01 9.899463806970509872e-01 5.581649371927908110e-01 3.553766532489937013e-01 9.899463806970509872e-01 3.347022587268994043e-01 3.555992141453830913e-01 5.171060011217050167e-01 3.606557377049180446e-01 5.408942202835332891e-01 3.129169193450576092e-01 3.568627450980392246e-01 4.186186186186185987e-01 4.816901408450704469e-01 4.735812133072406782e-01 2.772808586762074978e-01 3.804679552390640707e-01 6.143380429094714712e-01 4.624553039332538473e-01 4.426412982652490058e-01 2.937613567534827497e-01 6.392503904216554345e-01 3.531218014329580157e-01 3.203125000000000000e-01 6.963979416809605860e-01 3.110164333536214465e-01 4.861111111111111049e-01 4.062500000000000000e-01 4.811903425042111104e-01 3.794901506373117295e-01 4.460756634669678089e-01 4.470588235294117863e-01 6.584234930448222833e-01 3.932518906340896070e-01 3.567787971457695995e-01 3.130792996910401471e-01 5.304678998911860344e-01 4.883073496659242618e-01 4.585881045025013703e-01 4.644839067702552504e-01 3.866666666666666585e-01 4.862104187946884593e-01 3.841536614645858494e-01 4.533468559837728340e-01 4.902363823227132711e-01 4.910813823857302363e-01 3.755299818291944480e-01 4.933110367892976633e-01 3.951565268753691740e-01 5.146771037181996356e-01 4.496342149690489842e-01 2.938650306748466501e-01 3.046875000000000000e-01 3.960852043753598228e-01 2.656250000000000000e-01 3.696428571428571619e-01 4.499017681728880169e-01 9.375000000000000000e-02 3.984560570071258856e-01 4.568627450980392024e-01 5.947816826411075342e-01 3.648569760653823657e-01 3.494845360824742064e-01 4.598290598290598052e-01 3.236342042755344650e-01 3.715623171445289752e-01 3.719835197174808927e-01 5.022075055187638082e-01 5.972369819341126762e-01 4.764309764309764272e-01 5.599571734475374818e-01 3.567467652495379116e-01 4.533176746917205180e-01 3.242187500000000000e-01 4.243614931237720822e-01 3.904958677685950175e-01 6.262241566920565550e-01 3.137254901960784270e-01 3.343615052436767487e-01 5.791424033880360200e-01 4.198473282442747867e-01
3.351769911504424715e-01 3.130193905817174604e-01 1.875000000000000000e-01 3.305573350416399769e-01 4.493491794001132078e-01 3.827082008900190568e-01 3.542857142857142594e-01 3.887640449438202195e-01 3.258196721311475419e-01 4.732865623313545766e-01 4.080425783560023834e-01 3.289183222958057540e-01 2.970183486238532344e-01 3.705962059620596105e-01 2.829670329670329609e-01 8.345618345618345257e-01 3.944615384615384746e-01 4.075520833333333148e-01 5.152423788105946478e-01 2.974767596281540638e-01 4.291521486643438132e-01 3.618290258449304297e-01 3.685185185185185230e-01 3.686153846153846225e-01 3.785103785103784979e-01 4.196988707653701578e-01 4.254112308564946265e-01 4.471101417666303313e-01 3.627940128296507361e-01 4.493491794001132078e-01 0.000000000000000000e+00 4.547604967474866977e-01 4.766304347826086918e-01 4.211853720050441341e-01 2.581767571329158240e-01 5.157107231920199375e-01 4.490608992601024529e-01 4.353219137625516932e-01 3.301237964236588551e-01 4.490608992601024529e-01 2.913832199546485535e-01 3.373253493013971815e-01 4.147551146931184318e-01 3.491838183108587623e-01 4.085580304806565310e-01 2.550432276657060293e-01 3.575757575757576023e-01 2.978580990629183245e-01 4.030514939605848723e-01 4.689378757515030305e-01 2.366906474820143769e-01 3.453318335208098722e-01 4.699061292103809961e-01 3.326771653543307283e-01 3.604797979797979557e-01 3.056402439024390461e-01 4.791101465002712834e-01 3.298969072164948391e-01 3.203125000000000000e-01 4.429948950652297102e-01 2.718589272593681105e-01 3.909820877084619895e-01 4.062500000000000000e-01 4.010120177103099204e-01 3.105756358768406722e-01 3.847150259067357303e-01 4.417670682730923670e-01 4.856535600425079813e-01 3.199464524765729401e-01 3.448275862068965747e-01 3.075117370892018753e-01 4.260143198090692307e-01 4.376996805111821320e-01 3.930379746835442889e-01 3.704390847247990282e-01 3.721198156682027913e-01 4.204171240395170317e-01 3.576063446286950054e-01 4.705202312138728193e-01 4.306326304106548042e-01 3.952912019826517742e-01 2.923076923076923239e-01 4.091193004372267183e-01 3.181509177430319468e-01 4.930693069306930632e-01 3.863490019317449842e-01 2.406181015452538707e-01 3.046875000000000000e-01 3.436241610738254848e-01 2.656250000000000000e-01 3.559566787003610178e-01 4.388777555110220385e-01 9.375000000000000000e-02 2.914438502673796783e-01 4.488977955911823692e-01 4.697142857142856953e-01 3.698140200286123003e-01 3.180252583237657693e-01 3.615531508593252674e-01 2.718309859154929842e-01 3.294117647058823484e-01 3.531914893617021378e-01 4.043982895540623179e-01 4.684479818078453595e-01 4.393741851368970219e-01 4.373918061165608662e-01 2.752688172043010750e-01 3.324675324675324672e-01 3.242187500000000000e-01 4.156626506024096446e-01 3.420158550396376063e-01 4.472645234066554010e-01 3.026052104208417082e-01 2.636165577342047817e-01 4.687320711417096719e-01 3.516260162601625994e-01
3.697916666666666852e-01 3.353401565322094990e-01 1.875000000000000000e-01 3.996499416569428420e-01 5.278219395866454722e-01 4.450231481481481399e-01 3.557457212713936445e-01 4.058577405857740628e-01 4.055900621118012639e-01 5.871034841393655279e-01 4.941956882255389982e-01 3.184634448574968912e-01 3.138918345705196122e-01 3.826650943396226467e-01 3.337393422655298147e-01 4.912689173457508995e-01 4.925028835063436916e-01 4.517825832846288914e-01 6.595744680851063357e-01 3.702588801926550155e-01 5.084010840108400542e-01 4.031877213695395645e-01 4.288126055149127924e-01 4.311410905002810434e-01 4.429530201342282147e-01 4.830751577739529345e-01 5.332612222823147619e-01 4.748201438848920763e-01 3.773119605425400702e-01 5.278219395866454722e-01 4.547604967474866977e-01 0.000000000000000000e+00 5.869451697127937573e-01 4.455667789001122592e-01 3.075506445672191447e-01 6.605731225296442854e-01 5.214854111405835546e-01 5.137513751375137883e-01 3.866011063306699636e-01 5.214854111405835546e-01 3.237791932059447819e-01 3.543307086614173040e-01 4.736842105263157632e-01 3.432024169184290097e-01 4.939692982456140302e-01 2.851805728518057026e-01 3.555992141453830913e-01 3.466349017272185584e-01 4.484536082474226970e-01 4.754420432220039516e-01 2.684897451833436754e-01 3.740779768177028286e-01 5.746701846965699412e-01 3.744158878504673105e-01 4.682868998221695334e-01 2.766624843161856750e-01 5.866736074960957614e-01 3.557692307692307820e-01 3.215686274509804154e-01 5.334403424291064288e-01 2.944514501891550839e-01 4.292059966685174976e-01 4.062500000000000000e-01 4.547018348623853012e-01 3.555291319857312726e-01 4.513274336283185639e-01 4.431372549019607643e-01 6.088751289989680071e-01 3.794347564642213122e-01 3.495248152059133862e-01 2.944915254237288060e-01 5.083426028921023132e-01 4.506486181613085229e-01 4.651567944250871167e-01 4.445076835515082703e-01 3.602094240837696582e-01 4.394250513347022769e-01 3.577586206896551935e-01 4.435146443514644266e-01 4.476683937823834336e-01 4.835734870317002776e-01 3.239780353874313623e-01 4.548532731376975224e-01 3.522727272727272929e-01 5.137254901960783826e-01 4.584560989982321977e-01 2.708860759493670889e-01 3.007812500000000000e-01 3.792284866468842996e-01 2.656250000000000000e-01 3.325257419745608622e-01 4.431372549019607643e-01 9.375000000000000000e-02 3.416666666666666741e-01 4.586614173228346636e-01 5.459401709401708880e-01 3.665241295051924197e-01 3.207150368033648835e-01 4.299825682742591249e-01 3.225605966438782057e-01 3.463385354141656491e-01 3.605857230018303938e-01 4.908987485779294779e-01 5.534759358288769970e-01 4.726426076833527556e-01 5.481563015960374541e-01 2.977146386658431343e-01 3.858727378867484181e-01 3.254901960784313819e-01 4.204322200392927034e-01 3.668076109936574958e-01 5.361702127659574435e-01 3.175542406311637200e-01 2.665847665847665970e-01 5.629067245119305785e-01 3.742586002372479403e-01
3.900000000000000133e-01 3.780623608017817383e-01 1.875000000000000000e-01 4.682144831398562523e-01 6.193914388860237707e-01 4.854368932038835016e-01 4.118653736451796665e-01 4.204204204204204376e-01 4.031180400890868598e-01 6.670025188916877124e-01 5.464994775339603317e-01 3.398876404494381998e-01 3.192771084337349130e-01 4.407530454042081769e-01 3.556786703601108046e-01 5.074866310160427441e-01 5.246516613076098734e-01 5.244716351501668150e-01 7.753195673549655442e-01 4.238336143901068054e-01 5.767634854771783726e-01 4.346405228758170036e-01 4.943880277926242517e-01 4.957310565635005273e-01 5.066383430695697854e-01 5.832869080779944371e-01 6.004140786749482261e-01 5.100000000000000089e-01 3.994382022471910099e-01 6.193914388860237707e-01 4.766304347826086918e-01 5.869451697127937573e-01 0.000000000000000000e+00 5.239376008606777546e-01 3.455467869222096922e-01 7.778869778869779150e-01 6.116554925219185312e-01 5.803571428571429047e-01 3.945615982241953423e-01 6.116554925219185312e-01 3.259779338014042183e-01 3.515625000000000000e-01 5.373455131649650385e-01 3.762486126526082275e-01 5.563674321503131459e-01 3.032004491858506512e-01 3.581213307240704302e-01 3.737043098745226333e-01 5.083919870059555590e-01 4.746093750000000000e-01 3.041997729852440324e-01 3.831494483450351152e-01 6.569529652351737692e-01 4.177077675176534277e-01 4.722670974690360568e-01 3.074729035938391086e-01 6.776649746192893176e-01 3.548387096774193727e-01 3.203125000000000000e-01 6.048304213771840132e-01 3.014084507042253391e-01 5.090618336886993944e-01 4.062500000000000000e-01 5.110870740941049206e-01 3.848253275109170257e-01 5.002760905577029460e-01 4.453125000000000000e-01 7.045454545454545858e-01 3.962780514504652407e-01 3.584337349397590522e-01 3.101010101010100994e-01 5.742311770943796523e-01 5.267134376686454234e-01 5.283122594832325714e-01 5.124458874458874824e-01 3.809045226130653439e-01 4.784784784784784639e-01 3.815937149270482442e-01 4.608433734939759163e-01 4.690618762475050052e-01 5.163363685056240326e-01 3.520891364902506981e-01 5.390879478827361737e-01 3.903920485919381567e-01 5.185909980430528643e-01 4.953475643130815786e-01 2.753378378378378288e-01 3.046875000000000000e-01 4.142465753424657282e-01 2.656250000000000000e-01 3.665183537263626001e-01 4.481409001956946914e-01 9.375000000000000000e-02 3.713817586018569039e-01 4.579256360078277632e-01 6.368831168831168288e-01 3.909648633575014132e-01 3.376884422110552619e-01 4.558114622388859116e-01 3.264738598442714079e-01 3.896609227348526994e-01 4.179019384264538450e-01 5.259809119830328727e-01 6.265432098765432167e-01 5.097508125677139290e-01 6.098584163607760900e-01 3.099999999999999978e-01 4.260162601626016343e-01 3.242187500000000000e-01 4.199218750000000000e-01 3.693693693693693714e-01 6.202988150437918069e-01 3.150684931506849140e-01 2.977056519306099380e-01 6.298026998961578915e-01 4.080962800875273522e-01
3.662280701754385692e-01 3.254281949934124119e-01 1.875000000000000000e-01 3.680598877105427102e-01 4.757442116868798032e-01 4.318750000000000089e-01 3.761969904240766160e-01 3.934426229508196649e-01 3.515111695137976278e-01 5.260053619302949013e-01 4.450231481481481399e-01 3.012863913337847088e-01 3.058035714285714524e-01 4.053876478318002574e-01 3.009836065573770481e-01 4.436274509803921351e-01 4.410163339382940362e-01 4.001229256299938530e-01 5.692921236291126341e-01 3.311897106109324973e-01 4.692132269099201780e-01 3.723135271807838098e-01 3.945008965929467926e-01 3.961813842482100334e-01 4.072317723770005893e-01 4.488428745432399558e-01 4.728291316526610499e-01 4.767567567567567721e-01 3.350888742593811642e-01 4.757442116868798032e-01 4.211853720050441341e-01 4.455667789001122592e-01 5.239376008606777546e-01 0.000000000000000000e+00 2.733289212442091554e-01 5.704330512692882271e-01 4.739756367663344183e-01 4.682814302191464773e-01 3.389941214892227550e-01 4.739756367663344183e-01 3.030973451327433899e-01 3.554216867469879304e-01 4.639804639804639974e-01 3.674576271186440479e-01 4.800235017626321987e-01 2.605156037991858686e-01 3.567134268537074382e-01 3.181526619627966790e-01 3.926858513189448452e-01 4.701195219123506241e-01 2.568493150684931781e-01 3.512035010940919300e-01 5.382059800664451554e-01 3.666454487587523792e-01 3.941068139963167516e-01 4.047619047619047672e-01 5.555555555555555802e-01 3.528748590755355075e-01 3.203125000000000000e-01 4.876957494407158644e-01 2.925122463261021766e-01 4.325468844525106049e-01 4.062500000000000000e-01 4.451332920024798634e-01 3.159898477157360164e-01 4.034869240348692432e-01 4.460000000000000075e-01 5.555555555555555802e-01 3.497091144149967468e-01 3.463251670378619251e-01 2.998872604284103516e-01 4.620770128354725892e-01 4.568965517241379559e-01 4.223449969306322660e-01 3.980815347721822772e-01 3.681868743047830850e-01 4.473398479913137660e-01 3.729395604395604469e-01 4.931662870159453371e-01 4.609460946094609546e-01 4.103633114949374883e-01 2.895600787918581887e-01 4.516523867809057458e-01 3.645418326693227185e-01 5.089463220675943811e-01 4.172392254840724402e-01 2.401927047487955880e-01 3.046875000000000000e-01 3.789062500000000000e-01 2.656250000000000000e-01 4.335010783608914675e-01 4.547283702213279488e-01 9.375000000000000000e-02 3.626081170991350411e-01 4.473161033797216635e-01 5.351227869788691693e-01 3.274509803921568651e-01 3.262569832402234526e-01 4.182389937106918421e-01 3.137388926862610949e-01 3.543882978723404409e-01 3.796864349011588313e-01 4.273049645390070705e-01 4.837822979659153200e-01 4.534083802376485117e-01 4.956970740103270323e-01 2.917518745739604569e-01 3.424148606811145412e-01 3.242187500000000000e-01 4.199999999999999845e-01 3.645484949832775712e-01 5.025210084033613356e-01 3.205645161290322509e-01 3.163120567375886649e-01 5.000000000000000000e-01 3.558124598587026344e-01
2.846347607052896467e-01 2.639225181598062742e-01 1.875000000000000000e-01 4.944396920444824595e-01 3.248218527315914761e-01 2.866108786610878645e-01 2.350157728706624705e-01 3.346055979643766110e-01 2.536964980544746950e-01 3.422818791946308781e-01 3.413996075866579383e-01 2.168178070898598431e-01 2.722371967654986791e-01 2.421129860601614059e-01 2.493907392363931830e-01 2.724850099933378011e-01 2.770448548812665113e-01 2.892329345531315932e-01 3.571069814163737033e-01 6.725025746652935066e-01 3.343769567939887111e-01 2.825278810408922148e-01 3.040774015203869807e-01 3.053066850447966885e-01 3.044654939106901104e-01 3.025606469002695142e-01 3.310975609756097726e-01 3.919413919413919367e-01 2.398119122257053315e-01 3.248218527315914761e-01 2.581767571329158240e-01 3.075506445672191447e-01 3.455467869222096922e-01 2.733289212442091554e-01 0.000000000000000000e+00 3.606228026117528906e-01 3.221957040572792086e-01 3.190954773869346672e-01 2.492211838006230529e-01 3.221957040572792086e-01 2.847503373819163519e-01 3.391304347826086807e-01 2.927152317880794552e-01 2.121913580246913567e-01 3.195416931890515677e-01 2.517730496453900457e-01 3.233404710920770864e-01 2.882305844675740469e-01 2.900343642611684092e-01 4.446808510638297629e-01 2.078260869565217439e-01 3.258869908015768480e-01 3.182589033352176133e-01 2.553505535055350384e-01 2.816011235955055980e-01 1.994796183868169925e-01 3.244886677722498836e-01 3.251700680272108790e-01 3.214285714285714524e-01 3.385731559854897044e-01 2.289473684210526216e-01 2.830440587449933321e-01 4.062500000000000000e-01 2.840599455040871968e-01 4.679891794409377637e-01 2.932761087267525268e-01 4.279569892473118475e-01 3.336938885884261907e-01 2.486692015209125417e-01 2.985468956406869268e-01 2.910863509749303524e-01 3.095994914176732338e-01 2.842809364548494755e-01 2.975034674063800066e-01 4.885556432517758618e-01 3.210526315789473673e-01 3.717472118959107563e-01 2.374501992031872455e-01 3.444857496902106742e-01 3.655514250309789270e-01 2.856187290969899872e-01 2.875318066157760977e-01 3.022312373225152227e-01 2.589984350547731018e-01 4.705882352941176405e-01 2.546455609084652405e-01 2.238267148014440322e-01 3.003952569169960340e-01 2.676269901440485044e-01 2.656250000000000000e-01 2.403846153846153910e-01 4.248927038626609254e-01 9.375000000000000000e-02 2.634069400630915103e-01 4.387096774193548487e-01 3.662400975015234761e-01 2.315462315462315512e-01 2.813333333333333242e-01 2.848011363636363535e-01 2.320534223706176846e-01 2.587025316455696111e-01 2.386185243328100558e-01 2.971014492753623060e-01 3.260741612713360937e-01 2.907216494845361043e-01 3.144768856447688332e-01 2.416452442159383041e-01 3.035579106737320010e-01 3.149606299212598381e-01 4.183006535947712545e-01 3.011734028683181186e-01 3.301606186793575315e-01 3.185840707964601726e-01 2.165660051768766303e-01 3.353293413173652482e-01 2.642369020501139087e-01
3.968719452590420138e-01 4.041164658634537887e-01 1.875000000000000000e-01 4.830677290836653537e-01 7.181141439205955823e-01 5.273088381330685026e-01 3.991995997998999401e-01 4.266144814090019333e-01 4.188716924613080650e-01 7.922013820335637169e-01 6.312127236580516998e-01 3.568922305764410940e-01 3.225806451612903136e-01 4.605394605394605434e-01 3.900602409638554424e-01 5.611332007952286594e-01 5.756218905472636482e-01 5.276807980049875724e-01 9.883720930232557933e-01 4.274999999999999911e-01 6.676587301587301182e-01 4.817042606516290792e-01 5.629072681704260228e-01 5.664160401002505951e-01 5.826653306613226446e-01 5.647873392680514693e-01 6.968190854870774942e-01 5.126953125000000000e-01 4.100250626566416257e-01 7.181141439205955823e-01 5.157107231920199375e-01 6.605731225296442854e-01 7.778869778869779150e-01 5.704330512692882271e-01 3.606228026117528906e-01 0.000000000000000000e+00 7.106699751861041969e-01 6.473788328387735103e-01 4.104477611940298698e-01 7.106699751861041969e-01 3.304007820136852236e-01 3.535156250000000000e-01 5.875311720698254137e-01 4.010000000000000231e-01 6.397022332506203668e-01 3.335015136226034405e-01 3.574218750000000000e-01 4.249874560963372017e-01 5.493519441674975523e-01 4.765625000000000000e-01 3.152610441767068061e-01 3.847656250000000000e-01 7.577701036013813063e-01 4.608868958644743441e-01 5.211548033847684946e-01 3.188698284561049534e-01 7.866995073891626111e-01 3.545543584720862174e-01 3.203125000000000000e-01 7.062902426944032142e-01 3.239436619718309984e-01 5.710014947683108577e-01 4.062500000000000000e-01 5.525660189337319173e-01 4.316474712068102404e-01 5.126928820308611634e-01 4.472656250000000000e-01 8.220798422868408339e-01 4.364999999999999991e-01 3.620352250489236590e-01 3.085210577864838655e-01 6.332506203473945439e-01 5.668821481849826149e-01 5.379276152702032743e-01 5.445986124876115442e-01 3.825831702544031376e-01 4.804687500000000000e-01 3.954887218045112784e-01 4.632713026444661986e-01 4.799216454456415315e-01 5.678766782695175985e-01 3.807132094424912072e-01 5.737786640079760581e-01 4.257028112449799395e-01 5.175781250000000000e-01 5.186474390850323024e-01 3.065656565656565413e-01 3.046875000000000000e-01 4.529529529529529586e-01 2.656250000000000000e-01 4.007056451612903136e-01 4.472656250000000000e-01 9.375000000000000000e-02 4.214751630707476160e-01 4.570312500000000000e-01 7.193069306930692797e-01 4.065934065934065922e-01 3.418217433888344758e-01 5.207603801900950735e-01 3.562124248496993939e-01 4.166666666666666852e-01 4.052026013006503335e-01 5.904572564612325936e-01 7.154111275233875356e-01 5.490782262082710696e-01 6.792079207920792561e-01 3.413413413413413644e-01 4.816859006522830056e-01 3.242187500000000000e-01 4.218750000000000000e-01 3.780607247796278214e-01 7.248756218905472171e-01 3.144531250000000000e-01 3.311491935483871218e-01 7.159147248388696427e-01 4.494494494494494230e-01
3.857868020304568435e-01 3.641207815275310788e-01 1.875000000000000000e-01 4.331026528258362096e-01 9.899463806970509872e-01 4.462486002239641758e-01 3.633136094674556116e-01 4.268167860798362523e-01 3.578034682080925011e-01 6.629570747217805593e-01 5.460088691796008975e-01 3.305288461538461453e-01 3.112919633774160477e-01 4.258064516129032029e-01 3.686109440769693157e-01 4.851374088614694435e-01 4.822616407982261433e-01 4.552661381653453909e-01 7.097415506958250075e-01 3.796728971962616828e-01 6.876470588235293890e-01 4.220554272517321182e-01 5.025758443045220680e-01 5.040000000000000036e-01 5.156338828880046021e-01 5.030951041080472530e-01 5.918256130790190417e-01 5.106815869786368589e-01 3.623018203170875196e-01 9.899463806970509872e-01 4.490608992601024529e-01 5.214854111405835546e-01 6.116554925219185312e-01 4.739756367663344183e-01 3.221957040572792086e-01 7.106699751861041969e-01 0.000000000000000000e+00 5.533661740558292186e-01 3.529751588677065288e-01 1.000000000000000000e+00 3.343621399176954778e-01 3.555992141453830913e-01 5.137872819358468846e-01 3.606364172068355911e-01 5.335515548281505316e-01 3.125763125763125760e-01 3.568627450980392246e-01 4.198427102238354580e-01 4.790723981900452677e-01 4.735812133072406782e-01 2.774774774774774744e-01 3.802242609582059396e-01 6.064887493458922529e-01 4.631073785242951213e-01 4.390791690061763286e-01 2.948717948717948789e-01 6.314419573138989605e-01 3.528205128205127994e-01 3.203125000000000000e-01 6.955772544514646771e-01 3.090575275397796640e-01 4.843750000000000000e-01 4.062500000000000000e-01 4.769144144144144004e-01 3.755813953488372214e-01 4.449489216799091817e-01 4.470588235294117863e-01 6.506955177743430907e-01 3.934426229508196649e-01 3.564862104187946912e-01 3.140495867768595128e-01 5.272925764192140097e-01 4.874090654728595595e-01 4.567280848687884087e-01 4.610244988864142801e-01 3.864337101747173930e-01 4.831460674157303514e-01 3.809523809523809312e-01 4.547304170905391851e-01 4.917525773195876027e-01 4.868641699273337231e-01 3.756097560975609762e-01 4.891000558971492218e-01 3.953626634958382624e-01 5.146771037181996356e-01 4.460756634669678089e-01 2.933909820877084740e-01 3.046875000000000000e-01 3.930635838150289274e-01 2.656250000000000000e-01 3.688622754491017730e-01 4.499017681728880169e-01 9.375000000000000000e-02 3.986849970113568453e-01 4.568627450980392024e-01 5.918803418803418870e-01 3.616647127784290983e-01 3.463917525773195782e-01 4.579278763594734070e-01 3.241626794258373190e-01 3.691945914168136555e-01 3.696037847427557921e-01 4.972345132743362650e-01 5.935002663825252878e-01 4.738028169014084634e-01 5.527584359935725500e-01 3.550185873605947728e-01 4.539007092198581450e-01 3.242187500000000000e-01 4.243614931237720822e-01 3.917098445595855183e-01 6.207084468664849641e-01 3.137254901960784270e-01 3.366521468574984466e-01 5.745358090185676003e-01 4.168632075471698228e-01
3.806047966631908031e-01 3.581626319056486762e-01 1.875000000000000000e-01 4.084423305588584796e-01 5.581649371927908110e-01 6.092628832354859414e-01 3.506172839506173089e-01 4.167539267015706872e-01 4.123972169512966635e-01 5.739583333333333481e-01 5.059154929577465154e-01 3.354551241247613058e-01 3.192389006342494784e-01 4.013317191283293228e-01 3.284132841328413210e-01 4.885361552028218424e-01 4.889406286379511246e-01 4.452296819787985860e-01 6.439169139465875658e-01 3.711843711843711979e-01 5.388485187255449560e-01 4.250151791135397539e-01 4.402985074626865614e-01 4.410080183276059440e-01 4.513375071143995720e-01 4.734717416378316224e-01 5.378289473684210176e-01 4.764826175869120717e-01 3.706467661691542070e-01 5.581649371927908110e-01 4.353219137625516932e-01 5.137513751375137883e-01 5.803571428571429047e-01 4.682814302191464773e-01 3.190954773869346672e-01 6.473788328387735103e-01 5.533661740558292186e-01 0.000000000000000000e+00 3.834679925419515190e-01 5.533661740558292186e-01 3.207150368033648835e-01 3.536345776031434296e-01 4.716981132075471761e-01 3.621118012422360199e-01 5.148960089938167117e-01 2.824716267339218434e-01 3.575638506876228084e-01 3.399399399399399280e-01 4.725987035945786729e-01 4.745098039215686070e-01 2.792620865139949227e-01 3.691345151199165731e-01 5.721128259712613406e-01 4.366110080395794735e-01 4.309941520467836518e-01 3.036410923276983143e-01 5.909330521876647868e-01 3.509513742071881381e-01 3.203125000000000000e-01 5.590984057174271937e-01 3.076923076923077094e-01 4.603903559127439649e-01 4.062500000000000000e-01 4.922619047619047894e-01 3.603385731559854976e-01 4.310954063604240383e-01 4.450980392156862475e-01 6.058242329693187544e-01 3.762917933130698889e-01 3.547368421052631837e-01 3.081827842720510358e-01 4.966517857142856984e-01 4.727694090382387193e-01 4.707964601769911717e-01 4.472013848817080195e-01 3.725078698845750158e-01 4.427402862985684862e-01 3.636363636363636465e-01 4.438669438669438638e-01 4.494845360824742397e-01 4.816540477577169743e-01 3.333333333333333148e-01 4.618473895582329569e-01 4.183089637635092339e-01 5.186640471512770079e-01 4.416273584905660576e-01 2.638977635782747688e-01 3.046875000000000000e-01 4.013439218081857329e-01 2.656250000000000000e-01 3.682219419924337989e-01 4.479371316306483553e-01 9.375000000000000000e-02 3.610771113831089396e-01 4.549019607843137192e-01 5.590636908002177830e-01 3.733665214685749634e-01 3.343881856540084629e-01 4.342182890855457167e-01 3.178391959798995137e-01 3.979785217940619013e-01 3.546798029556650356e-01 4.839633447880870576e-01 5.366114377338321306e-01 4.740566037735848837e-01 5.232621784345922178e-01 3.250159948816378486e-01 3.902728351126927842e-01 3.242187500000000000e-01 4.223968565815324205e-01 3.910256410256410242e-01 5.415318230852211867e-01 3.117647058823529438e-01 3.042362002567394197e-01 5.687568756875687193e-01 4.126003705991352910e-01
3.448275862068965747e-01 2.760180995475113308e-01 1.875000000000000000e-01 3.264872521246459103e-01 3.553766532489937013e-01 4.108804581245525944e-01 2.789115646258503167e-01 3.654080389768574744e-01 3.475562451512800854e-01 3.894389438943894333e-01 3.380454824830977367e-01 2.496099843993759837e-01 2.942675159235668692e-01 2.992857142857142660e-01 2.790161414296694620e-01 3.609625668449197855e-01 3.838926174496644084e-01 3.265582655826558267e-01 4.069651741293532354e-01 3.148009015777610831e-01 3.547418967587034899e-01 3.240343347639484950e-01 3.491957104557640856e-01 3.511705685618728978e-01 3.566710700132100231e-01 3.717521652231845497e-01 3.670811130846654557e-01 4.326241134751773187e-01 2.736763609246830597e-01 3.553766532489937013e-01 3.301237964236588551e-01 3.866011063306699636e-01 3.945615982241953423e-01 3.389941214892227550e-01 2.492211838006230529e-01 4.104477611940298698e-01 3.529751588677065288e-01 3.834679925419515190e-01 0.000000000000000000e+00 3.529751588677065288e-01 2.880503144654087966e-01 3.319587628865979245e-01 3.118686868686868507e-01 2.885345482156416175e-01 3.507371007371007376e-01 2.483766233766233900e-01 3.388429752066115519e-01 2.673484295105916786e-01 3.238598810310641118e-01 4.648760330578512456e-01 2.188254223652453812e-01 3.445273631840796158e-01 3.887005649717514277e-01 2.794117647058823595e-01 3.308321964529331582e-01 2.268292682926829340e-01 3.956834532374100544e-01 2.977667493796525844e-01 3.228346456692913202e-01 3.604651162790697416e-01 2.354368932038835016e-01 3.221433182698515418e-01 4.062500000000000000e-01 3.633898305084745650e-01 3.089552238805970408e-01 3.246575342465753411e-01 4.105691056910569237e-01 4.018388318009735172e-01 2.830188679245282946e-01 3.220551378446115387e-01 2.629582806573956821e-01 3.468884781269254702e-01 3.363814500326584023e-01 3.622100954979536325e-01 3.585415259959486844e-01 3.170134638922888493e-01 4.102870813397129224e-01 2.826585179526355796e-01 3.757431629013079921e-01 3.992848629320620013e-01 3.229974160206718348e-01 2.734314484895429831e-01 3.307392996108949323e-01 2.813884785819792955e-01 4.989733059548254746e-01 3.413626978664831557e-01 2.380952380952380820e-01 3.070866141732283561e-01 2.724699221514508274e-01 2.656250000000000000e-01 2.788388082505729448e-01 4.309278350515464151e-01 9.375000000000000000e-02 2.705882352941176294e-01 4.562499999999999889e-01 3.815635939323220316e-01 2.674074074074074270e-01 3.176020408163265363e-01 3.217213114754098324e-01 2.644041041831097227e-01 2.746844840386042930e-01 2.792792792792792578e-01 3.481338481338481228e-01 3.672413793103448398e-01 3.540540540540540460e-01 3.810386473429951959e-01 2.430939226519336915e-01 2.887029288702928631e-01 3.267716535433070613e-01 3.983572895277207593e-01 3.080684596577016876e-01 3.748544819557625418e-01 3.068893528183715969e-01 2.417138237671786483e-01 3.858823529411764541e-01 2.811158798283261984e-01
3.857868020304568435e-01 3.641207815275310788e-01 1.875000000000000000e-01 4.331026528258362096e-01 9.899463806970509872e-01 4.462486002239641758e-01 3.633136094674556116e-01 4.268167860798362523e-01 3.578034682080925011e-01 6.629570747217805593e-01 5.460088691796008975e-01 3.305288461538461453e-01 3.112919633774160477e-01 4.258064516129032029e-01 3.686109440769693157e-01 4.851374088614694435e-01 4.822616407982261433e-01 4.552661381653453909e-01 7.097415506958250075e-01 3.796728971962616828e-01 6.876470588235293890e-01 4.220554272517321182e-01 5.025758443045220680e-01 5.040000000000000036e-01 5.156338828880046021e-01 5.030951041080472530e-01 5.918256130790190417e-01 5.106815869786368589e-01 3.623018203170875196e-01 9.899463806970509872e-01 4.490608992601024529e-01 5.214854111405835546e-01 6.116554925219185312e-01 4.739756367663344183e-01 3.221957040572792086e-01 7.106699751861041969e-01 1.000000000000000000e+00 5.533661740558292186e-01 3.529751588677065288e-01 0.000000000000000000e+00 3.343621399176954778e-01 3.555992141453830913e-01 5.137872819358468846e-01 3.606364172068355911e-01 5.335515548281505316e-01 3.125763125763125760e-01 3.568627450980392246e-01 4.198427102238354580e-01 4.790723981900452677e-01 4.735812133072406782e-01 2.774774774774774744e-01 3.802242609582059396e-01 6.064887493458922529e-01 4.631073785242951213e-01 4.390791690061763286e-01 2.948717948717948789e-01 6.314419573138989605e-01 3.528205128205127994e-01 3.203125000000000000e-01 6.955772544514646771e-01 3.090575275397796640e-01 4.843750000000000000e-01 4.062500000000000000e-01 4.769144144144144004e-01 3.755813953488372214e-01 4.449489216799091817e-01 4.470588235294117863e-01 6.506955177743430907e-01 3.934426229508196649e-01 3.564862104187946912e-01 3.140495867768595128e-01 5.272925764192140097e-01 4.874090654728595595e-01 4.567280848687884087e-01 4.610244988864142801e-01 3.864337101747173930e-01 4.831460674157303514e-01 3.809523809523809312e-01 4.547304170905391851e-01 4.917525773195876027e-01 4.868641699273337231e-01 3.756097560975609762e-01 4.891000558971492218e-01 3.953626634958382624e-01 5.146771037181996356e-01 4.460756634669678089e-01 2.933909820877084740e-01 3.046875000000000000e-01 3.930635838150289274e-01 2.656250000000000000e-01 3.688622754491017730e-01 4.499017681728880169e-01 9.375000000000000000e-02 3.986849970113568453e-01 4.568627450980392024e-01 5.918803418803418870e-01 3.616647127784290983e-01 3.463917525773195782e-01 4.579278763594734070e-01 3.241626794258373190e-01 3.691945914168136555e-01 3.696037847427557921e-01 4.972345132743362650e-01 5.935002663825252878e-01 4.738028169014084634e-01 5.527584359935725500e-01 3.550185873605947728e-01 4.539007092198581450e-01 3.242187500000000000e-01 4.243614931237720822e-01 3.917098445595855183e-01 6.207084468664849641e-01 3.137254901960784270e-01 3.366521468574984466e-01 5.745358090185676003e-01 4.168632075471698228e-01
2.508361204013377921e-01 2.864516129032257941e-01 1.875000000000000000e-01 3.208232445520581289e-01 3.347022587268994043e-01 3.218785796105383956e-01 2.833545108005082747e-01 2.313787638668779734e-01 3.058375634517766506e-01 3.276723276723276790e-01 3.095744680851063579e-01 2.841677943166441289e-01 2.196007259528130751e-01 3.012195121951219412e-01 2.805662805662805792e-01 3.006681514476614581e-01 3.188888888888888884e-01 3.165714285714285592e-01 3.304007820136852236e-01 2.933832709113607939e-01 3.259493670886076111e-01 3.098420413122721651e-01 3.090705487122060724e-01 3.080357142857143016e-01 3.116740088105726669e-01 3.236282194848824068e-01 3.229491173416407235e-01 2.525252525252525415e-01 2.787096774193548177e-01 3.347022587268994043e-01 2.913832199546485535e-01 3.237791932059447819e-01 3.259779338014042183e-01 3.030973451327433899e-01 2.847503373819163519e-01 3.304007820136852236e-01 3.343621399176954778e-01 3.207150368033648835e-01 2.880503144654087966e-01 3.343621399176954778e-01 0.000000000000000000e+00 2.615803814713896225e-01 3.185840707964601726e-01 2.690863579474342959e-01 3.134328358208955390e-01 2.822349570200572977e-01 2.916666666666666852e-01 2.965779467680608183e-01 3.099547511312217285e-01 3.182957393483709096e-01 6.159420289855072062e-01 2.121710526315789547e-01 3.343434343434343314e-01 3.032886723507917104e-01 3.283062645011600722e-01 2.649572649572649596e-01 3.343343343343343488e-01 2.187500000000000000e-01 2.895927601809955010e-01 3.253886010362694314e-01 2.680851063829787218e-01 3.110624315443592525e-01 3.809523809523809312e-01 3.050847457627118842e-01 3.207547169811320598e-01 2.956120092378752839e-01 3.204134366925064370e-01 3.310276679841896996e-01 2.823960880195598988e-01 2.237521514629948471e-01 2.265917602996254665e-01 3.211991434689507319e-01 3.083700440528634457e-01 3.099547511312217285e-01 2.953539823008849430e-01 2.119205298013245031e-01 2.444113263785394896e-01 2.919418758256274726e-01 2.355623100303951278e-01 2.730061349693251316e-01 3.284424379232505631e-01 2.787318361955085644e-01 3.225446428571428492e-01 2.977386934673366681e-01 3.341463414634146534e-01 3.107019562715765404e-01 2.654867256637168382e-01 2.949308755760368661e-01 2.947624847746650456e-01 2.656250000000000000e-01 2.728442728442728171e-01 3.482849604221636142e-01 9.375000000000000000e-02 2.964376590330788930e-01 3.578947368421052655e-01 3.193449334698055253e-01 2.928388746803068932e-01 2.087719298245614141e-01 2.949308755760368661e-01 2.509960159362549792e-01 2.986022871664548717e-01 2.833753148614609474e-01 3.160792951541850360e-01 3.281893004115226109e-01 3.014623172103487181e-01 3.322818086225026168e-01 2.765363128491620248e-01 2.961630695443644989e-01 3.059360730593607136e-01 3.280000000000000138e-01 2.474226804123711432e-01 3.220858895705521197e-01 2.803468208092485536e-01 2.801724137931034253e-01 3.261093911248710286e-01 2.931873479318734543e-01
2.930591259640102919e-01 3.485838779956427214e-01 1.587301587301587213e-01 3.299595141700404910e-01 3.555992141453830913e-01 3.466933867735471075e-01 3.569892473118279619e-01 3.820512820512820262e-01 3.466386554621848637e-01 3.535156250000000000e-01 3.558648111332007868e-01 3.672566371681416086e-01 3.053221288515406417e-01 3.659574468085106114e-01 3.426724137931034253e-01 3.392857142857143016e-01 3.479125248508946333e-01 3.432539682539682557e-01 3.535156250000000000e-01 3.319587628865979245e-01 3.509803921568627194e-01 3.606557377049180446e-01 3.393213572854291149e-01 3.393213572854291149e-01 3.459244532803180672e-01 3.539999999999999813e-01 3.562992125984251746e-01 3.286713286713286442e-01 3.586956521739130266e-01 3.555992141453830913e-01 3.373253493013971815e-01 3.543307086614173040e-01 3.515625000000000000e-01 3.554216867469879304e-01 3.391304347826086807e-01 3.535156250000000000e-01 3.555992141453830913e-01 3.536345776031434296e-01 3.319587628865979245e-01 3.555992141453830913e-01 2.615803814713896225e-01 0.000000000000000000e+00 3.545816733067729265e-01 3.518123667377398567e-01 3.530571992110453916e-01 3.333333333333333148e-01 2.595155709342560346e-01 3.312368972746331242e-01 3.555555555555555691e-01 2.878787878787879007e-01 3.063063063063062863e-01 3.110539845758354960e-01 3.542074363992172015e-01 3.592436974789915971e-01 3.454545454545454586e-01 3.471264367816092045e-01 3.542074363992172015e-01 4.127906976744186163e-01 2.756756756756756910e-01 3.509803921568627194e-01 3.647058823529411575e-01 3.634538152610441997e-01 4.196428571428571508e-01 3.514056224899598235e-01 3.319587628865979245e-01 3.545081967213114527e-01 2.349397590361445853e-01 3.535156250000000000e-01 3.291404612159329335e-01 3.155080213903743158e-01 3.177842565597667757e-01 3.510848126232741784e-01 3.459999999999999742e-01 3.515151515151515027e-01 3.452380952380952328e-01 3.820224719101123489e-01 3.285371702637889801e-01 3.766519823788546106e-01 3.374384236453201735e-01 4.113110539845758473e-01 3.567134268537074382e-01 3.361702127659574324e-01 3.545816733067729265e-01 3.723404255319148759e-01 2.742857142857142994e-01 3.455284552845528379e-01 3.062645011600927947e-01 2.540540540540540682e-01 3.626834381551362618e-01 2.786885245901639108e-01 3.455723542116630465e-01 2.772585669781931217e-01 8.064516129032257841e-02 3.402922755741127347e-01 2.652439024390244038e-01 3.522504892367905871e-01 3.683083511777301977e-01 3.808139534883721034e-01 3.599182004089979681e-01 3.207964601769911495e-01 3.396624472573839815e-01 3.568376068376068466e-01 3.478260869565217295e-01 3.516699410609037124e-01 3.514056224899598235e-01 3.509803921568627194e-01 3.741339491916859106e-01 3.471074380165289353e-01 3.465909090909091161e-01 2.445141065830720994e-01 4.192634560906515762e-01 3.549019607843137414e-01 3.153846153846153744e-01 3.849765258215962493e-01 3.536345776031434296e-01 3.436213991769547227e-01
3.636363636363636465e-01 3.178294573643410947e-01 1.875000000000000000e-01 3.501519756838905595e-01 5.171060011217050167e-01 4.140243902439024182e-01 3.858695652173912971e-01 4.196035242290748757e-01 3.826259946949602253e-01 5.443310048361096332e-01 4.680232558139534871e-01 3.157894736842105088e-01 3.025302530253025091e-01 3.864363403710812661e-01 3.271767810026385281e-01 4.396135265700483186e-01 4.821648216482165017e-01 4.503144654088050425e-01 5.848303393213573065e-01 3.286890436985434039e-01 5.118978525827045933e-01 3.821495914519170145e-01 4.214328717639975741e-01 4.247894103489771589e-01 4.306134603930911187e-01 4.500000000000000111e-01 4.935356942102304689e-01 4.696485623003194831e-01 3.938983050847457701e-01 5.171060011217050167e-01 4.147551146931184318e-01 4.736842105263157632e-01 5.373455131649650385e-01 4.639804639804639974e-01 2.927152317880794552e-01 5.875311720698254137e-01 5.137872819358468846e-01 4.716981132075471761e-01 3.118686868686868507e-01 5.137872819358468846e-01 3.185840707964601726e-01 3.545816733067729265e-01 0.000000000000000000e+00 3.392272429600524108e-01 4.851311953352769879e-01 2.734638757596218883e-01 3.639999999999999902e-01 3.378291586384071787e-01 4.265776699029126262e-01 4.683794466403162216e-01 2.725409836065573743e-01 3.665207877461706953e-01 5.200433369447453602e-01 4.041316978695932982e-01 4.121621621621621712e-01 2.913769123783032100e-01 5.347593582887700814e-01 3.384785005512679357e-01 3.203125000000000000e-01 5.177865612648221427e-01 2.842465753424657793e-01 4.442435201928872646e-01 4.062500000000000000e-01 4.463519313304721292e-01 3.295382669196710856e-01 4.507310870947234815e-01 4.473161033797216635e-01 5.498154981549815412e-01 3.660426081342801896e-01 3.410087719298245390e-01 3.216308040770101684e-01 4.647398843930635737e-01 4.482758620689655249e-01 4.484249536751080956e-01 3.898704358068315612e-01 3.822222222222222410e-01 4.437299035369774991e-01 3.335526315789473784e-01 4.592511013215859195e-01 4.944320712694877384e-01 4.565349544072948573e-01 3.131179960448253197e-01 4.869888475836431363e-01 3.623283191628515199e-01 5.098814229249012397e-01 3.955042527339003855e-01 2.690707350901525574e-01 3.046875000000000000e-01 3.505349276274386527e-01 2.656250000000000000e-01 3.552278820375335266e-01 4.530938123752494828e-01 9.375000000000000000e-02 3.721083939193655099e-01 4.543650793650793607e-01 4.939493949394939687e-01 3.466317854807063337e-01 3.389074693422519657e-01 4.197761194029850929e-01 3.113651647612643014e-01 3.693633952254641861e-01 3.874239350912778712e-01 4.404481132075471761e-01 4.836779107725788784e-01 4.050179211469533969e-01 4.903846153846153633e-01 3.126279863481228882e-01 3.854889589905362568e-01 3.242187500000000000e-01 4.158415841584158223e-01 3.832402234636871352e-01 5.362811791383219617e-01 3.121272365805168869e-01 3.602888086642599408e-01 5.047301057317752360e-01 3.746786632390745608e-01
3.491271820448877961e-01 2.693190512624330513e-01 1.875000000000000000e-01 2.733564013840830698e-01 3.606557377049180446e-01 3.237704918032787149e-01 3.052714398111723293e-01 3.870162297128589279e-01 3.107692307692307421e-01 3.857698721511951256e-01 3.283767038413878403e-01 2.945544554455445385e-01 2.848020434227330755e-01 3.469079939668174850e-01 2.412480974124809607e-01 3.542934415145368443e-01 3.366271409749670429e-01 3.331024930747922275e-01 3.995993990986479449e-01 2.496360989810771369e-01 3.341331733653269409e-01 3.308931185944363196e-01 3.086582947785855846e-01 3.098220171390902999e-01 3.166123778501628849e-01 3.597315436241610986e-01 3.571854502087060124e-01 3.993015133876600675e-01 2.904468412942989297e-01 3.606557377049180446e-01 3.491838183108587623e-01 3.432024169184290097e-01 3.762486126526082275e-01 3.674576271186440479e-01 2.121913580246913567e-01 4.010000000000000231e-01 3.606364172068355911e-01 3.621118012422360199e-01 2.885345482156416175e-01 3.606364172068355911e-01 2.690863579474342959e-01 3.518123667377398567e-01 3.392272429600524108e-01 0.000000000000000000e+00 3.605527638190954565e-01 2.156704361873990339e-01 3.446088794926004395e-01 2.360203340595497523e-01 3.447098976109215229e-01 4.490644490644490894e-01 2.078239608801956129e-01 3.337484433374844350e-01 3.708309779536461126e-01 2.999999999999999889e-01 3.255010366275051803e-01 3.309287646528403792e-01 3.881762409369771127e-01 3.113924050632911333e-01 3.188976377952755792e-01 3.444055944055944285e-01 2.628909551986475246e-01 3.309114927344782298e-01 4.062500000000000000e-01 3.284083277367360609e-01 2.617302052785923649e-01 4.071058475203552796e-01 4.208333333333333370e-01 3.869918699186991606e-01 2.719941348973606843e-01 3.244613434727502965e-01 2.911227154046997501e-01 3.439450686641697952e-01 3.437917222963952080e-01 3.387866394001363135e-01 3.132050431320504424e-01 3.596938775510203912e-01 3.785377358490565891e-01 3.136472466081404731e-01 4.409547738693467278e-01 4.109090909090908905e-01 3.406520292747837741e-01 2.420971472629144250e-01 3.388594164456233404e-01 3.072196620583717563e-01 4.713114754098360892e-01 3.123287671232876650e-01 2.034883720930232565e-01 3.031496062992126150e-01 2.997054491899852624e-01 2.656250000000000000e-01 3.309002433090024176e-01 4.267782426778242710e-01 9.375000000000000000e-02 2.870159453302961183e-01 4.282744282744282982e-01 3.931980906921240804e-01 3.068535825545171125e-01 3.372549019607843368e-01 3.199167244968771917e-01 2.472178060413354472e-01 3.156249999999999889e-01 3.075117370892018753e-01 3.201024327784890988e-01 3.615786419036564059e-01 3.444747612551159466e-01 3.578313253012048167e-01 2.536585365853658569e-01 2.612925642807505389e-01 3.176470588235293935e-01 3.879668049792531215e-01 3.400758533501896386e-01 3.548574752763234419e-01 3.147751605995717239e-01 2.577405857740585615e-01 3.490127758420441539e-01 3.440366972477064134e-01
3.684210526315789269e-01 3.430702299564947211e-01 1.875000000000000000e-01 4.015559545182525447e-01 5.408942202835332891e-01 4.437869822485207005e-01 3.506250000000000200e-01 4.153354632587859530e-01 3.926767676767676796e-01 5.730042016806722316e-01 4.873524451939291735e-01 3.326898326898327096e-01 3.062966915688367098e-01 4.317897371714643495e-01 3.264925373134328623e-01 4.429723502304147575e-01 4.775248102743724354e-01 4.276470588235294357e-01 6.370407149950347847e-01 3.655384615384615343e-01 5.169727323316638534e-01 3.984327908378541561e-01 4.463869463869463705e-01 4.487776484284051182e-01 4.566974595842956397e-01 4.478808705612829510e-01 5.416204217536071397e-01 4.884696016771488680e-01 3.446571957998764701e-01 5.408942202835332891e-01 4.085580304806565310e-01 4.939692982456140302e-01 5.563674321503131459e-01 4.800235017626321987e-01 3.195416931890515677e-01 6.397022332506203668e-01 5.335515548281505316e-01 5.148960089938167117e-01 3.507371007371007376e-01 5.335515548281505316e-01 3.134328358208955390e-01 3.530571992110453916e-01 4.851311953352769879e-01 3.605527638190954565e-01 0.000000000000000000e+00 2.799744897959183798e-01 3.570019723865877626e-01 3.357575757575757547e-01 4.347069065583284986e-01 4.657534246575342207e-01 2.767052767052767259e-01 3.786096256684491901e-01 5.569148936170212894e-01 4.216718266253869918e-01 4.294152392203189339e-01 3.073364177131526764e-01 5.800316957210776003e-01 3.645266594124048076e-01 3.203125000000000000e-01 5.442550852116547766e-01 3.550577053632043567e-01 4.633720930232558266e-01 4.062500000000000000e-01 4.511410181392627172e-01 3.621323529411764608e-01 4.278074866310160318e-01 4.477317554240631270e-01 5.942708333333333037e-01 3.707107843137255054e-01 3.393425238600212279e-01 3.006465517241379559e-01 4.949324324324324564e-01 4.579710144927536253e-01 4.404205607476635587e-01 4.559859154929577496e-01 3.806451612903225534e-01 4.584647739221871521e-01 3.425000000000000266e-01 4.490445859872611578e-01 4.717784877529286325e-01 4.549132947976878838e-01 3.181534622582657401e-01 4.811985898942420792e-01 4.664005322687957422e-01 5.098039215686274161e-01 4.140350877192982559e-01 2.603359173126614801e-01 3.046875000000000000e-01 4.293820933165195530e-01 2.656250000000000000e-01 3.623649078194532969e-01 4.448818897637795144e-01 9.375000000000000000e-02 3.817610062893082024e-01 4.575936883629191376e-01 5.335135135135135043e-01 3.624999999999999889e-01 3.533260632497273734e-01 4.473208910295002894e-01 3.107594936708860667e-01 4.112330535829567535e-01 3.538940809968847412e-01 4.744105807935595220e-01 5.386277687736358288e-01 4.581367924528301772e-01 5.159515951595159411e-01 3.060702875399360923e-01 3.890887290167865942e-01 3.242187500000000000e-01 4.220907297830374660e-01 3.846153846153846367e-01 5.469945355191256908e-01 3.162055335968379510e-01 3.070404172099087114e-01 5.319956616052060605e-01 4.063472308649657694e-01
3.031123139377537301e-01 2.264922322158626211e-01 1.875000000000000000e-01 2.910906298003071990e-01 3.129169193450576092e-01 2.536997885835095001e-01 2.205044751830756711e-01 3.226666666666666572e-01 2.439613526570048319e-01 3.352402745995423095e-01 2.965382103200522312e-01 1.979609175870858107e-01 2.930029154518950518e-01 2.205551387846961808e-01 3.345421577515865774e-01 2.664835164835164805e-01 2.677966101694915224e-01 2.686781609195402210e-01 3.326592517694640927e-01 2.760032760032760102e-01 3.254172015404364626e-01 2.568181818181818343e-01 4.061776061776061764e-01 4.104938271604938183e-01 4.192073170731707155e-01 2.884748102139406689e-01 4.255892255892255727e-01 4.595687331536388309e-01 2.405891980360065352e-01 3.129169193450576092e-01 2.550432276657060293e-01 2.851805728518057026e-01 3.032004491858506512e-01 2.605156037991858686e-01 2.517730496453900457e-01 3.335015136226034405e-01 3.125763125763125760e-01 2.824716267339218434e-01 2.483766233766233900e-01 3.125763125763125760e-01 2.822349570200572977e-01 3.333333333333333148e-01 2.734638757596218883e-01 2.156704361873990339e-01 2.799744897959183798e-01 0.000000000000000000e+00 3.348519362186788140e-01 3.324697754749568190e-01 2.637822749476622652e-01 4.704545454545454586e-01 2.115384615384615363e-01 4.446130500758725401e-01 3.098265895953757343e-01 2.395754359363153896e-01 2.564285714285714501e-01 1.864864864864864968e-01 3.141567963902989202e-01 2.771587743732590314e-01 3.142857142857142794e-01 3.210332103321033026e-01 1.940966010733452540e-01 2.634445200816882271e-01 4.062500000000000000e-01 2.747021723896285739e-01 2.803278688524590279e-01 2.623188405797101663e-01 4.266365688487584462e-01 3.194062671797691100e-01 2.226532195500387779e-01 2.969187675070028010e-01 2.500000000000000000e-01 2.684478371501272109e-01 2.742268041237113652e-01 2.765205091937765203e-01 2.816901408450704358e-01 2.972602739726027399e-01 4.522821576763485507e-01 2.350498338870432025e-01 3.385416666666666852e-01 3.768115942028985588e-01 2.651670074982958591e-01 5.140771637122002469e-01 2.827586206896551824e-01 2.187993680884676162e-01 5.534883720930232620e-01 2.532097004279600383e-01 5.070093457943924964e-01 3.250000000000000111e-01 2.363356428021554934e-01 2.656250000000000000e-01 2.247933884297520779e-01 3.920704845814977912e-01 9.375000000000000000e-02 2.757475083056478149e-01 4.092920353982301140e-01 3.100541842263696557e-01 2.055555555555555469e-01 2.877492877492877632e-01 2.704081632653061451e-01 2.061591103507271205e-01 2.298387096774193450e-01 2.272727272727272652e-01 2.527978933508887582e-01 3.072325164375373507e-01 2.644801116538729735e-01 2.996277915632754585e-01 2.925233644859813187e-01 3.322606596942880297e-01 3.130081300813007950e-01 3.847874720357941647e-01 2.647849462365591267e-01 3.215590742996345952e-01 3.025404157043879994e-01 2.119026149684400395e-01 3.163017031630170339e-01 2.318952234206471397e-01
2.849872773536895609e-01 3.101265822784810000e-01 1.904761904761904656e-01 3.421588594704684239e-01 3.568627450980392246e-01 3.507014028056112398e-01 3.468085106382978733e-01 3.325123152709359431e-01 3.565400843881856296e-01 3.574218750000000000e-01 3.598409542743538636e-01 3.596491228070175517e-01 3.146067415730336991e-01 3.644067796610169219e-01 3.706140350877192846e-01 3.594377510040160373e-01 3.572854291417165706e-01 3.579999999999999849e-01 3.574218750000000000e-01 3.528183716075156684e-01 3.575638506876228084e-01 3.591836734693877320e-01 3.568548387096774355e-01 3.568548387096774355e-01 3.607214428857715705e-01 3.552894211576846373e-01 3.575638506876228084e-01 3.427230046948356867e-01 3.902439024390244038e-01 3.568627450980392246e-01 3.575757575757576023e-01 3.555992141453830913e-01 3.581213307240704302e-01 3.567134268537074382e-01 3.233404710920770864e-01 3.574218750000000000e-01 3.568627450980392246e-01 3.575638506876228084e-01 3.388429752066115519e-01 3.568627450980392246e-01 2.916666666666666852e-01 2.595155709342560346e-01 3.639999999999999902e-01 3.446088794926004395e-01 3.570019723865877626e-01 3.348519362186788140e-01 0.000000000000000000e+00 3.467230443974629872e-01 3.651115618661257556e-01 2.861445783132530174e-01 3.348623853211009083e-01 3.368146214099216884e-01 3.554687500000000000e-01 3.605870020964360712e-01 3.494949494949494695e-01 3.486238532110091937e-01 3.554687500000000000e-01 2.910052910052909891e-01 2.994350282485875869e-01 3.575638506876228084e-01 3.348623853211009083e-01 3.619999999999999885e-01 3.760683760683760646e-01 3.581488933601609803e-01 3.443983402489626533e-01 3.530612244897959329e-01 2.484848484848484751e-01 3.574218750000000000e-01 3.361344537815126321e-01 3.279569892473118142e-01 3.841463414634146423e-01 3.603960396039603831e-01 3.527054108216433059e-01 3.555555555555555691e-01 3.599999999999999867e-01 3.837535014005602485e-01 3.397590361445783080e-01 3.719912472647702306e-01 3.523573200992555776e-01 3.638613861386138515e-01 3.579999999999999849e-01 3.577586206896551935e-01 3.639999999999999902e-01 3.563941299790356343e-01 3.293768545994065211e-01 3.551020408163265141e-01 3.452380952380952328e-01 2.988505747126437018e-01 3.443298969072164928e-01 2.698412698412698263e-01 3.528138528138528018e-01 2.955974842767295496e-01 9.523809523809523281e-02 3.673036093418258763e-01 2.830769230769230593e-01 3.561643835616438158e-01 3.580508474576271083e-01 3.667621776504297881e-01 3.724279835390946758e-01 3.252212389380531032e-01 3.495762711864406902e-01 3.495762711864406902e-01 3.544554455445544372e-01 3.529411764705882582e-01 3.554216867469879304e-01 3.575638506876228084e-01 3.630136986301369939e-01 3.429158110882956634e-01 2.692307692307692180e-01 2.547169811320754707e-01 3.521505376344086224e-01 3.588235294117647078e-01 2.329749103942652388e-01 3.703703703703703498e-01 3.602362204724409711e-01 3.645833333333333148e-01
3.671679197994987542e-01 2.542498152254250021e-01 1.875000000000000000e-01 3.197470133520730617e-01 4.186186186186185987e-01 2.965879265091863615e-01 2.626488095238095344e-01 3.445378151260504174e-01 2.752562225475841950e-01 3.998893805309734484e-01 4.032154340836012762e-01 2.352036894696387381e-01 2.897077509529860095e-01 2.899575671852899772e-01 2.740458015267175362e-01 3.058221369161868153e-01 3.292604501607717116e-01 3.290453622207176743e-01 4.236180904522612867e-01 3.067758749069248170e-01 4.181818181818181546e-01 3.238231098430813248e-01 4.528437724982001256e-01 4.578833693304535379e-01 4.633972992181947248e-01 3.121424030514939330e-01 4.170238824249846710e-01 4.180327868852459217e-01 2.651403249630723824e-01 4.186186186186185987e-01 2.978580990629183245e-01 3.466349017272185584e-01 3.737043098745226333e-01 3.181526619627966790e-01 2.882305844675740469e-01 4.249874560963372017e-01 4.198427102238354580e-01 3.399399399399399280e-01 2.673484295105916786e-01 4.198427102238354580e-01 2.965779467680608183e-01 3.312368972746331242e-01 3.378291586384071787e-01 2.360203340595497523e-01 3.357575757575757547e-01 3.324697754749568190e-01 3.467230443974629872e-01 0.000000000000000000e+00 3.245382585751979132e-01 4.481327800829875696e-01 2.267958030669895153e-01 3.533834586466165217e-01 3.782876329043088903e-01 2.802236198462613737e-01 3.198380566801619640e-01 2.131410256410256332e-01 3.816293056314926102e-01 2.775061124694376269e-01 3.162055335968379510e-01 4.160628019323671656e-01 2.255999999999999950e-01 3.245161290322580716e-01 4.062500000000000000e-01 3.176470588235293935e-01 3.315669947009841079e-01 2.900864936793080551e-01 4.439746300211416252e-01 3.984921917070544106e-01 2.727925340990667857e-01 3.125778331257783038e-01 2.601010101010101105e-01 3.425245098039215730e-01 3.181233933161953797e-01 3.110674525212835384e-01 3.428761651131824184e-01 2.967430639324487585e-01 4.057279236276849499e-01 2.680722891566265087e-01 3.745541022592152047e-01 3.832547169811320598e-01 3.270846800258565001e-01 4.644760213143871996e-01 3.270967741935483786e-01 2.590448625180897246e-01 5.010438413361169019e-01 3.061497326203208580e-01 2.975567190226875991e-01 3.055555555555555802e-01 2.887776983559685595e-01 2.656250000000000000e-01 2.662141779788838591e-01 4.501061571125265504e-01 9.375000000000000000e-02 3.269525267993874662e-01 4.484210526315789425e-01 3.942420681551116468e-01 2.562225475841873878e-01 3.030303030303030387e-01 3.710247349823321827e-01 2.428460943542150030e-01 2.850746268656716431e-01 2.706319702602230648e-01 3.341804320203303758e-01 3.669724770642202039e-01 3.003236245954692407e-01 3.586247777119146440e-01 2.480252764612954075e-01 6.225919439579684633e-01 3.149606299212598381e-01 4.225053078556263442e-01 3.181257706535141616e-01 3.793706293706293753e-01 2.947368421052631304e-01 2.191455696202531667e-01 3.694895591647331945e-01 2.828571428571428625e-01
3.637374860956618661e-01 3.135026737967914201e-01 1.875000000000000000e-01 3.556538218572330989e-01 4.816901408450704469e-01 4.025000000000000244e-01 3.196776359973136361e-01 4.069506726457399193e-01 3.645621181262729271e-01 5.088948787061994272e-01 4.411764705882352811e-01 3.940520446096654195e-01 3.053348467650397469e-01 3.974615898463593755e-01 2.870431893687707681e-01 4.261890055589870330e-01 4.194528875379939237e-01 4.049118387909320105e-01 5.466334164588528832e-01 3.282994090610636961e-01 4.515203671830178012e-01 4.056915949702183943e-01 3.973105134474327893e-01 3.981707317073170938e-01 4.034981905910735578e-01 4.167679222357229540e-01 4.788087056128293439e-01 4.582881906825568841e-01 4.641537324464153902e-01 4.816901408450704469e-01 4.030514939605848723e-01 4.484536082474226970e-01 5.083919870059555590e-01 3.926858513189448452e-01 2.900343642611684092e-01 5.493519441674975523e-01 4.790723981900452677e-01 4.725987035945786729e-01 3.238598810310641118e-01 4.790723981900452677e-01 3.099547511312217285e-01 3.555555555555555691e-01 4.265776699029126262e-01 3.447098976109215229e-01 4.347069065583284986e-01 2.637822749476622652e-01 3.651115618661257556e-01 3.245382585751979132e-01 0.000000000000000000e+00 4.680000000000000271e-01 2.573839662447257592e-01 3.515016685205784031e-01 4.722371967654986347e-01 3.470173187940988058e-01 3.987421383647798967e-01 2.857142857142856984e-01 4.874933475252793968e-01 3.393870601589103475e-01 3.203125000000000000e-01 4.589614740368509471e-01 3.005780346820809412e-01 4.579145728643216340e-01 4.062500000000000000e-01 3.943833943833943700e-01 3.291803278688524848e-01 3.941882501579279663e-01 4.351297405189620826e-01 5.000000000000000000e-01 3.418803418803418870e-01 3.389639639639639435e-01 3.266978922716627376e-01 4.619500594530320803e-01 4.394785847299813586e-01 4.458598726114649802e-01 3.992651561543171801e-01 3.797035347776510639e-01 4.334061135371178874e-01 3.425034387895460886e-01 4.424581005586591953e-01 4.373626373626373631e-01 4.579145728643216340e-01 3.103212576896787200e-01 4.133738601823708225e-01 3.315649867374005355e-01 5.160642570281124275e-01 4.001260239445494915e-01 2.508909479686386446e-01 3.046875000000000000e-01 3.607095926412615117e-01 2.656250000000000000e-01 3.290102389078498057e-01 4.495967741935483764e-01 9.375000000000000000e-02 3.411528150134048309e-01 4.567404426559356079e-01 4.762437115707098823e-01 4.304253785147800770e-01 3.367697594501718461e-01 3.939393939393939226e-01 2.948895027624309217e-01 3.771626297577854725e-01 3.232931726907630754e-01 4.509803921568627527e-01 4.668141592920354022e-01 3.935128518971848233e-01 4.471452798191068445e-01 2.932120363890832748e-01 3.596153846153846145e-01 3.242187500000000000e-01 4.091816367265468934e-01 3.791523482245131582e-01 4.745383324006715031e-01 3.098591549295774406e-01 2.784452296819788231e-01 4.613674263479711213e-01 3.778371161548731427e-01
4.079601990049750992e-01 4.418604651162790775e-01 1.904761904761904656e-01 4.604462474645030223e-01 4.735812133072406782e-01 4.759036144578313032e-01 4.368530020703933481e-01 4.299287410926365682e-01 4.396728016359918167e-01 4.765625000000000000e-01 4.694280078895463615e-01 4.367088607594936667e-01 3.598971722365038595e-01 4.687500000000000000e-01 4.978165938864628770e-01 4.671968190854871028e-01 4.702380952380952328e-01 4.711729622266401796e-01 4.765625000000000000e-01 4.558521560574948506e-01 4.745098039215686070e-01 4.657258064516128782e-01 4.858299595141700178e-01 4.858299595141700178e-01 4.799999999999999822e-01 4.653465346534653713e-01 4.774066797642436133e-01 5.143540669856458969e-01 4.545454545454545303e-01 4.735812133072406782e-01 4.689378757515030305e-01 4.754420432220039516e-01 4.746093750000000000e-01 4.701195219123506241e-01 4.446808510638297629e-01 4.765625000000000000e-01 4.735812133072406782e-01 4.745098039215686070e-01 4.648760330578512456e-01 4.735812133072406782e-01 3.182957393483709096e-01 2.878787878787879007e-01 4.683794466403162216e-01 4.490644490644490894e-01 4.657534246575342207e-01 4.704545454545454586e-01 2.861445783132530174e-01 4.481327800829875696e-01 4.680000000000000271e-01 0.000000000000000000e+00 4.225663716814159199e-01 5.613079019073569098e-01 4.774951076320939070e-01 4.699792960662526053e-01 4.727272727272727182e-01 4.017278617710582922e-01 4.774951076320939070e-01 3.759398496240601295e-01 2.857142857142856984e-01 4.745098039215686070e-01 4.352678571428571508e-01 4.780876494023904577e-01 3.902439024390244038e-01 4.749498997995991734e-01 4.469387755102040560e-01 4.745417515274948927e-01 4.035608308605341255e-01 4.765625000000000000e-01 4.642857142857143016e-01 3.636363636363636465e-01 3.552631578947368363e-01 4.724409448818897572e-01 4.661354581673306519e-01 4.581673306772908183e-01 4.731610337972166902e-01 4.086294416243654859e-01 4.831730769230769273e-01 4.453781512605042292e-01 3.931034482758620774e-01 4.502369668246445356e-01 4.741035856573705409e-01 4.764957264957264682e-01 4.683794466403162216e-01 4.478527607361963425e-01 4.297752808988763995e-01 4.616935483870967527e-01 5.343137254901960675e-01 3.168316831683168355e-01 4.491869918699186726e-01 2.698412698412698263e-01 4.351464435146443765e-01 3.249299719887955296e-01 9.523809523809523281e-02 4.536082474226804107e-01 3.168044077134986036e-01 4.784313725490196290e-01 4.474226804123711543e-01 3.794871794871794712e-01 4.707070707070706850e-01 4.254859611231101568e-01 4.421487603305785385e-01 4.421487603305785385e-01 4.636542239685658151e-01 4.725490196078431238e-01 4.603174603174602919e-01 4.745098039215686070e-01 4.622222222222222010e-01 4.591836734693877653e-01 3.284313725490196068e-01 2.994350282485875869e-01 3.590361445783132321e-01 4.784313725490196290e-01 2.423312883435582710e-01 4.511111111111111294e-01 4.774066797642436133e-01 4.523326572008113389e-01
3.114754098360655865e-01 2.156378600823045388e-01 1.875000000000000000e-01 2.513207547169811207e-01 2.772808586762074978e-01 2.533904354032833761e-01 2.236951118475559164e-01 3.099337748344370702e-01 2.303961196443007342e-01 2.881828316610925422e-01 2.690815006468305071e-01 2.071366405570060909e-01 2.774566473988439030e-01 2.501948558067030315e-01 1.995033112582781376e-01 2.541322314049586639e-01 2.642026009582477686e-01 2.566690699351117377e-01 3.143863179074446457e-01 2.319422150882824996e-01 2.875157629255989944e-01 2.613723978411719440e-01 2.697740112994350126e-01 2.684469430780042076e-01 2.735457063711911330e-01 2.501694915254237261e-01 2.783882783882783984e-01 3.670886075949367222e-01 2.267871815940838143e-01 2.772808586762074978e-01 2.366906474820143769e-01 2.684897451833436754e-01 3.041997729852440324e-01 2.568493150684931781e-01 2.078260869565217439e-01 3.152610441767068061e-01 2.774774774774774744e-01 2.792620865139949227e-01 2.188254223652453812e-01 2.774774774774774744e-01 6.159420289855072062e-01 3.063063063063062863e-01 2.725409836065573743e-01 2.078239608801956129e-01 2.767052767052767259e-01 2.115384615384615363e-01 3.348623853211009083e-01 2.267958030669895153e-01 2.573839662447257592e-01 4.225663716814159199e-01 0.000000000000000000e+00 3.035714285714285476e-01 3.017991874637260818e-01 2.534992223950233159e-01 2.607116920842411090e-01 2.026022304832713616e-01 3.033898305084745672e-01 2.855133614627285432e-01 3.119999999999999996e-01 2.925790754257907578e-01 1.894832275611967320e-01 2.580645161290322509e-01 4.062500000000000000e-01 2.719546742209631995e-01 2.351524879614767249e-01 2.565789473684210731e-01 4.017857142857143016e-01 3.024657534246575352e-01 2.189952904238618436e-01 2.999999999999999889e-01 2.528901734104046506e-01 2.634615384615384692e-01 2.575549450549450281e-01 2.444134078212290562e-01 2.505219206680584509e-01 2.896174863387978027e-01 3.474903474903475176e-01 2.302521008403361213e-01 3.174807197943444459e-01 3.692509855453350864e-01 2.729166666666666408e-01 2.018502943650126169e-01 2.712802768166089895e-01 2.418300653594771255e-01 4.372294372294372455e-01 2.528901734104046506e-01 1.896713615023474242e-01 3.117408906882591091e-01 2.376856919468334772e-01 2.656250000000000000e-01 2.168473728106755649e-01 3.955555555555555491e-01 9.375000000000000000e-02 2.330888345558272123e-01 4.035476718403547824e-01 2.876794258373205904e-01 2.123176661264181420e-01 2.834757834757834494e-01 2.472806381435823098e-01 1.987899740708729546e-01 2.382522671063478925e-01 2.275350370981038817e-01 2.694125590817015303e-01 2.919402985074626700e-01 2.572030920590301917e-01 2.917705735660847677e-01 2.078152753108348239e-01 2.456140350877192846e-01 3.212851405622489942e-01 3.666666666666666408e-01 3.118881118881118852e-01 2.879424115176964505e-01 2.785388127853881124e-01 2.074954296160877454e-01 2.874323511725796476e-01 2.380204241948153943e-01
2.519440124416796323e-01 3.257861635220125618e-01 1.875000000000000000e-01 3.634204275534441697e-01 3.804679552390640707e-01 3.485523385300668409e-01 3.205445544554455517e-01 2.636363636363636131e-01 3.325153374233129067e-01 3.985872855701311779e-01 3.745997865528281623e-01 2.831632653061224580e-01 2.440273037542662060e-01 3.349168646080760148e-01 4.590846047156726950e-01 3.491189427312775262e-01 3.640350877192982670e-01 3.599550056242969420e-01 3.847656250000000000e-01 3.477188655980271159e-01 3.730407523510971823e-01 3.479809976247030812e-01 4.272409778812572556e-01 4.274099883855981274e-01 4.197952218430033855e-01 3.645374449339207068e-01 4.054910242872228343e-01 4.991896272285251124e-01 3.182389937106918087e-01 3.804679552390640707e-01 3.453318335208098722e-01 3.740779768177028286e-01 3.831494483450351152e-01 3.512035010940919300e-01 3.258869908015768480e-01 3.847656250000000000e-01 3.802242609582059396e-01 3.691345151199165731e-01 3.445273631840796158e-01 3.802242609582059396e-01 2.121710526315789547e-01 3.110539845758354960e-01 3.665207877461706953e-01 3.337484433374844350e-01 3.786096256684491901e-01 4.446130500758725401e-01 3.368146214099216884e-01 3.533834586466165217e-01 3.515016685205784031e-01 5.613079019073569098e-01 3.035714285714285476e-01 0.000000000000000000e+00 3.793793793793793778e-01 3.384798099762470480e-01 3.737142857142857211e-01 2.962962962962962798e-01 3.830845771144278378e-01 2.085987261146496907e-01 3.162393162393162260e-01 3.787409700722394468e-01 3.099173553719008489e-01 3.704918032786885251e-01 4.062500000000000000e-01 3.407079646017698860e-01 3.483556638246041448e-01 3.551724137931034364e-01 4.020100502512563012e-01 3.818897637795275468e-01 3.245508982035928414e-01 1.981279251170046940e-01 1.946308724832214732e-01 3.546694648478488920e-01 3.517915309446253969e-01 3.499999999999999778e-01 3.659621802002224755e-01 2.563694267515923553e-01 4.841930116472545897e-01 3.117870722433460084e-01 2.645348837209302584e-01 3.521341463414633943e-01 3.545554335894621212e-01 4.315642458100558687e-01 3.693495038588754387e-01 3.390663390663390397e-01 5.967741935483871218e-01 3.378076062639820965e-01 5.301003344481605151e-01 2.991452991452991372e-01 3.207547169811320598e-01 2.656250000000000000e-01 3.157232704402515577e-01 3.777777777777777679e-01 9.375000000000000000e-02 3.433208489388264728e-01 3.665048543689320426e-01 3.748723186925433937e-01 2.851985559566787010e-01 2.433333333333333459e-01 3.653179190751444927e-01 2.940414507772020625e-01 3.239263803680981768e-01 3.234932349323493272e-01 3.476856835306781357e-01 3.811475409836065364e-01 3.579418344519015860e-01 3.734439834024896321e-01 3.228882833787465878e-01 3.777239709443099280e-01 2.983193277310924318e-01 3.523573200992555776e-01 2.196261682242990620e-01 3.846153846153846367e-01 2.694300518134715161e-01 2.986301369863013644e-01 3.764102564102563830e-01 3.160987074030552346e-01
3.931795386158475347e-01 3.711048158640226635e-01 1.875000000000000000e-01 4.291208791208790951e-01 6.143380429094714712e-01 4.716466739367502492e-01 3.828571428571428403e-01 4.165834165834165770e-01 3.902989283699943579e-01 6.721479958890030915e-01 5.460351250665247402e-01 3.375430539609644010e-01 3.235887096774193727e-01 4.446965399886557146e-01 3.514124293785310660e-01 5.079105291871249817e-01 5.130151843817787327e-01 4.766355140186915862e-01 7.569169960474307901e-01 3.805013927576601507e-01 5.936999466097170330e-01 4.248618784530386883e-01 4.872490504612045359e-01 4.894308943089430985e-01 5.021598272138229069e-01 5.105691056910569570e-01 5.892203035060178395e-01 5.074925074925075164e-01 3.708497467642093426e-01 6.143380429094714712e-01 4.699061292103809961e-01 5.746701846965699412e-01 6.569529652351737692e-01 5.382059800664451554e-01 3.182589033352176133e-01 7.577701036013813063e-01 6.064887493458922529e-01 5.721128259712613406e-01 3.887005649717514277e-01 6.064887493458922529e-01 3.343434343434343314e-01 3.542074363992172015e-01 5.200433369447453602e-01 3.708309779536461126e-01 5.569148936170212894e-01 3.098265895953757343e-01 3.554687500000000000e-01 3.782876329043088903e-01 4.722371967654986347e-01 4.774951076320939070e-01 3.017991874637260818e-01 3.793793793793793778e-01 0.000000000000000000e+00 4.418735891647855296e-01 4.719780219780219666e-01 3.174322732626619348e-01 9.613759806879903502e-01 3.524672708962739431e-01 3.203125000000000000e-01 6.164383561643835829e-01 3.080046403712297098e-01 5.086956521739129933e-01 4.062500000000000000e-01 5.293132328308207679e-01 3.835005574136008955e-01 4.578313253012047945e-01 4.481409001956946914e-01 9.224088013896930560e-01 4.054054054054054279e-01 3.560682046138415324e-01 3.090909090909090828e-01 5.566239316239316448e-01 4.970318402590394036e-01 4.785675529028757258e-01 4.786832164058283934e-01 3.798994974874371766e-01 4.789579158316633056e-01 3.793696275071632984e-01 4.642497482376636286e-01 4.724724724724724823e-01 4.973031283710895312e-01 3.370913190529876147e-01 5.133369624387588148e-01 3.883878241262683217e-01 5.185909980430528643e-01 4.921962095875139220e-01 2.841371295758279847e-01 3.046875000000000000e-01 4.127516778523490082e-01 2.656250000000000000e-01 3.860357761107905405e-01 4.453125000000000000e-01 9.375000000000000000e-02 3.891402714932126750e-01 4.550781250000000000e-01 6.441848114710567730e-01 3.779661016949152352e-01 3.326653306613226446e-01 4.720840243228303090e-01 3.429394812680115479e-01 3.907849829351535687e-01 3.889206167904054601e-01 5.284244721169464309e-01 6.040268456375839090e-01 5.135734072022161145e-01 6.157556270096462558e-01 3.452102803738317793e-01 4.169416941694169543e-01 3.242187500000000000e-01 4.227005870841487045e-01 3.738693467336683396e-01 6.186485070717653301e-01 3.150684931506849140e-01 3.162790697674418561e-01 6.205990541250656634e-01 4.215575620767494369e-01
3.483412322274881401e-01 2.842785355348169674e-01 1.875000000000000000e-01 3.115845539280958643e-01 4.624553039332538473e-01 3.972972972972972916e-01 3.212703101920236226e-01 4.111245465538089228e-01 2.961130742049469800e-01 4.364731653888280216e-01 4.097954122752635042e-01 2.774436090225563811e-01 2.935444579780754903e-01 3.588652482269503730e-01 2.891654465592972123e-01 3.517110266159695908e-01 3.630050505050504972e-01 3.727454909819639117e-01 4.610389610389610260e-01 2.826388888888888840e-01 4.721701063164477907e-01 3.224711473183978216e-01 3.371356147021546401e-01 3.373341756159191629e-01 3.469004383218534660e-01 3.619709412507896573e-01 4.312908982748364095e-01 4.230769230769230727e-01 2.874465049928673355e-01 4.624553039332538473e-01 3.326771653543307283e-01 3.744158878504673105e-01 4.177077675176534277e-01 3.666454487587523792e-01 2.553505535055350384e-01 4.608868958644743441e-01 4.631073785242951213e-01 4.366110080395794735e-01 2.794117647058823595e-01 4.631073785242951213e-01 3.032886723507917104e-01 3.592436974789915971e-01 4.041316978695932982e-01 2.999999999999999889e-01 4.216718266253869918e-01 2.395754359363153896e-01 3.605870020964360712e-01 2.802236198462613737e-01 3.470173187940988058e-01 4.699792960662526053e-01 2.534992223950233159e-01 3.384798099762470480e-01 4.418735891647855296e-01 0.000000000000000000e+00 3.264248704663212375e-01 2.527301092043681696e-01 4.485619469026548845e-01 3.156626506024096113e-01 3.176470588235293935e-01 4.787621359223300788e-01 2.521202775636083304e-01 3.892487046632124303e-01 4.062500000000000000e-01 4.006644518272425293e-01 2.836338418862690558e-01 3.468169761273209306e-01 4.300411522633744710e-01 4.558743909041689246e-01 3.369175627240143522e-01 3.281061519903498147e-01 2.917181705809641645e-01 3.621718377088305463e-01 3.597715736040609236e-01 3.483580167417900664e-01 3.247487437185929693e-01 3.834771886559802945e-01 4.000000000000000222e-01 2.972972972972973138e-01 4.053738317757009102e-01 4.472123368920521980e-01 3.567362428842504873e-01 2.570397111913357291e-01 3.828828828828828579e-01 3.692077727952167154e-01 4.857723577235772416e-01 3.242718446601941529e-01 2.259316770186335366e-01 3.070866141732283561e-01 3.214783821478381931e-01 2.656250000000000000e-01 2.964860907759883091e-01 4.509394572025052228e-01 9.375000000000000000e-02 3.045032165832737836e-01 4.227642276422764467e-01 4.061608670849971570e-01 2.988505747126437018e-01 3.572327044025156995e-01 3.519627411842980447e-01 2.851739788199697534e-01 2.911032028469751065e-01 3.232916972814107170e-01 3.838383838383838120e-01 4.108262108262108470e-01 3.642857142857142683e-01 4.040047114252061089e-01 3.462157809983896772e-01 3.044936284372903867e-01 3.267716535433070613e-01 3.975409836065573743e-01 4.455958549222797660e-01 4.628197501487210097e-01 3.117154811715481255e-01 2.888713496448302998e-01 3.969248291571754184e-01 3.495353824160114531e-01
3.613916947250280787e-01 2.925675675675675769e-01 1.875000000000000000e-01 3.518398967075532791e-01 4.426412982652490058e-01 3.961783439490446090e-01 2.987101154107263956e-01 3.830734966592427848e-01 3.597222222222222210e-01 4.800646551724138122e-01 4.172576832151300152e-01 3.058739255014326641e-01 2.979452054794520799e-01 3.682092555331992201e-01 2.937542896362388412e-01 4.027346177750155132e-01 4.242046163443543572e-01 3.738965952080706145e-01 5.214570858283432697e-01 3.237071860308932125e-01 4.257767548906789545e-01 3.776595744680851241e-01 3.884400248601616035e-01 3.910614525139664566e-01 3.922888616891064828e-01 4.126394052044609628e-01 4.465408805031446660e-01 4.664466446644664477e-01 3.294279807029634743e-01 4.426412982652490058e-01 3.604797979797979557e-01 4.682868998221695334e-01 4.722670974690360568e-01 3.941068139963167516e-01 2.816011235955055980e-01 5.211548033847684946e-01 4.390791690061763286e-01 4.309941520467836518e-01 3.308321964529331582e-01 4.390791690061763286e-01 3.283062645011600722e-01 3.454545454545454586e-01 4.121621621621621712e-01 3.255010366275051803e-01 4.294152392203189339e-01 2.564285714285714501e-01 3.494949494949494695e-01 3.198380566801619640e-01 3.987421383647798967e-01 4.727272727272727182e-01 2.607116920842411090e-01 3.737142857142857211e-01 4.719780219780219666e-01 3.264248704663212375e-01 0.000000000000000000e+00 2.600145666423889224e-01 4.779094827586206629e-01 3.352402745995423095e-01 3.228346456692913202e-01 4.460756634669678089e-01 2.824651504035216587e-01 4.023485784919653696e-01 4.062500000000000000e-01 4.082018927444794887e-01 3.281775386684600004e-01 3.596214511041009310e-01 4.453441295546558543e-01 4.994669509594882872e-01 3.457374830852503189e-01 3.318233295583238873e-01 3.008130081300813274e-01 4.491270319084888496e-01 3.848503359804520407e-01 4.046865104496517040e-01 3.886815920398010160e-01 3.679999999999999938e-01 4.460511679644049154e-01 3.352073085031623267e-01 4.090407938257993314e-01 4.325221238938052881e-01 4.207889793362554753e-01 2.924462924462924440e-01 3.910648714810281423e-01 3.101138647019424099e-01 5.060240963855421326e-01 4.000000000000000222e-01 2.430656934306569261e-01 3.070866141732283561e-01 3.451032644903397895e-01 2.656250000000000000e-01 3.123268698060941984e-01 4.395161290322580627e-01 9.375000000000000000e-02 3.600837404047452783e-01 4.703476482617586774e-01 4.544943820224718878e-01 3.324137931034482629e-01 3.203661327231121514e-01 4.174884944115713203e-01 2.956645344705046141e-01 3.667136812411847524e-01 3.033175355450237198e-01 4.305126621371216933e-01 4.492753623188405765e-01 3.914946841776110187e-01 4.513888888888888951e-01 2.883787661406025937e-01 3.452535760728218661e-01 3.215686274509804154e-01 4.219066937119675398e-01 3.534090909090908950e-01 4.406023424428332502e-01 3.156822810590631523e-01 2.731884057971014634e-01 4.675398633257403236e-01 3.485254691689008144e-01
2.901484480431849033e-01 2.319932998324958084e-01 1.875000000000000000e-01 2.402402402402402382e-01 2.937613567534827497e-01 2.801755669348939271e-01 2.659208261617900249e-01 3.548830811554332665e-01 2.750210260723296996e-01 3.059490084985835856e-01 2.709551656920077822e-01 2.577413479052823586e-01 2.376933895921237716e-01 3.141447368421052544e-01 2.115869017632241722e-01 3.066954643628509447e-01 2.992237120677487816e-01 2.743947175348496192e-01 3.206686930091185439e-01 2.320709105560032348e-01 2.894236858771374044e-01 2.764291307752544946e-01 2.496513249651325095e-01 2.493055555555555580e-01 2.529049897470950214e-01 3.044712562100780895e-01 2.968944099378881818e-01 3.603034134007585543e-01 2.591024555461473589e-01 2.937613567534827497e-01 3.056402439024390461e-01 2.766624843161856750e-01 3.074729035938391086e-01 4.047619047619047672e-01 1.994796183868169925e-01 3.188698284561049534e-01 2.948717948717948789e-01 3.036410923276983143e-01 2.268292682926829340e-01 2.948717948717948789e-01 2.649572649572649596e-01 3.471264367816092045e-01 2.913769123783032100e-01 3.309287646528403792e-01 3.073364177131526764e-01 1.864864864864864968e-01 3.486238532110091937e-01 2.131410256410256332e-01 2.857142857142856984e-01 4.017278617710582922e-01 2.026022304832713616e-01 2.962962962962962798e-01 3.174322732626619348e-01 2.527301092043681696e-01 2.600145666423889224e-01 0.000000000000000000e+00 3.315972222222222099e-01 3.131313131313131493e-01 3.252032520325203180e-01 2.928615009151921966e-01 2.642787996127783368e-01 3.181818181818181768e-01 4.062500000000000000e-01 2.877697841726618577e-01 2.166666666666666741e-01 2.918552036199095201e-01 4.183445190156599436e-01 3.223647518126045997e-01 2.336523125996810279e-01 3.016997167138810165e-01 2.785185185185184986e-01 2.944664031620553568e-01 2.980085348506401055e-01 2.786177105831533218e-01 2.428868841082581498e-01 3.544668587896253609e-01 3.423423423423423428e-01 2.914083259521700886e-01 5.683563748079877298e-01 3.693931398416886447e-01 2.696316886726893847e-01 1.988205560235888902e-01 2.903453136011275304e-01 2.962328767123287854e-01 4.346895074946466875e-01 2.838038632986626952e-01 1.840375586854460233e-01 2.879999999999999782e-01 3.000824402308326366e-01 2.656250000000000000e-01 3.785578747628083329e-01 4.120267260579064672e-01 9.375000000000000000e-02 2.610878661087865926e-01 4.168514412416851611e-01 3.302354399008674002e-01 2.584459459459459429e-01 3.171806167400881282e-01 2.791044776119402937e-01 2.319357716324710050e-01 2.841201716738197547e-01 2.675213675213675146e-01 2.897453544390915514e-01 2.845238095238095122e-01 3.139277818717760016e-01 3.134138588684043381e-01 2.154398563734290784e-01 2.279245283018867807e-01 3.401639344262294973e-01 3.648351648351648158e-01 3.400286944045911031e-01 2.960048426150120870e-01 3.349056603773584717e-01 2.347417840375586873e-01 3.066095471236230385e-01 2.943116240725474064e-01
3.926441351888668163e-01 3.784683684794672431e-01 1.875000000000000000e-01 4.397622906537007048e-01 6.392503904216554345e-01 4.846856528747984783e-01 3.838440111420612921e-01 4.228855721393035005e-01 4.042198778456412844e-01 6.937212863705972676e-01 5.601681555438781102e-01 3.411764705882353033e-01 3.236763236763236518e-01 4.537861915367483179e-01 3.569060773480662863e-01 5.228863758750673663e-01 5.253874933190807450e-01 4.800861141011840694e-01 7.858904785397138326e-01 3.867975995635570263e-01 6.115221987315010432e-01 4.332971800433839671e-01 5.000000000000000000e-01 5.021367521367521292e-01 5.154419595314163605e-01 5.270487412961970541e-01 6.067357512953367449e-01 5.074331020812685722e-01 3.758943313153549903e-01 6.392503904216554345e-01 4.791101465002712834e-01 5.866736074960957614e-01 6.776649746192893176e-01 5.555555555555555802e-01 3.244886677722498836e-01 7.866995073891626111e-01 6.314419573138989605e-01 5.909330521876647868e-01 3.956834532374100544e-01 6.314419573138989605e-01 3.343343343343343488e-01 3.542074363992172015e-01 5.347593582887700814e-01 3.881762409369771127e-01 5.800316957210776003e-01 3.141567963902989202e-01 3.554687500000000000e-01 3.816293056314926102e-01 4.874933475252793968e-01 4.774951076320939070e-01 3.033898305084745672e-01 3.830845771144278378e-01 9.613759806879903502e-01 4.485619469026548845e-01 4.779094827586206629e-01 3.315972222222222099e-01 0.000000000000000000e+00 3.509471585244267056e-01 3.203125000000000000e-01 6.355091383812010442e-01 3.123938879456706341e-01 5.268817204301075030e-01 4.062500000000000000e-01 5.392641405820977063e-01 3.904969961769524933e-01 4.695417789757412308e-01 4.481409001956946914e-01 9.205448354143018763e-01 4.120242691671263113e-01 3.612774451097804373e-01 3.093093093093093326e-01 5.706751054852320371e-01 5.071694105151354215e-01 4.994623655913978388e-01 4.922831293241085593e-01 3.822355289421157654e-01 4.761904761904761640e-01 3.913288288288288563e-01 4.645354645354645151e-01 4.741550695825049733e-01 5.106382978723403854e-01 3.421487603305785052e-01 5.216693418940610005e-01 4.077994428969359264e-01 5.185909980430528643e-01 4.986331328594860723e-01 2.861990950226244168e-01 3.046875000000000000e-01 4.285714285714285476e-01 2.656250000000000000e-01 4.035287421741605152e-01 4.453125000000000000e-01 9.375000000000000000e-02 3.976705490848585489e-01 4.550781250000000000e-01 6.622830089426617883e-01 3.813465783664459208e-01 3.379860418743768635e-01 4.820652173913043681e-01 3.472144063027574612e-01 3.993307306190742034e-01 3.897550111358574765e-01 5.389125799573560860e-01 6.294964028776978138e-01 5.278688524590163800e-01 6.273784355179704564e-01 3.479498861047836122e-01 4.239482200647249344e-01 3.242187500000000000e-01 4.227005870841487045e-01 3.762475049900199653e-01 6.358921161825725754e-01 3.150684931506849140e-01 3.227272727272727515e-01 6.378772112382934401e-01 4.381959910913140188e-01
2.439418416801292511e-01 3.182406209573092060e-01 1.875000000000000000e-01 3.094117647058823306e-01 3.531218014329580157e-01 3.273137697516930178e-01 3.196930946291560161e-01 3.098360655737704694e-01 2.991347342398022469e-01 3.564257028112449710e-01 3.401069518716577367e-01 2.998661311914324057e-01 2.111692844677137970e-01 3.264311814859927052e-01 2.840909090909091161e-01 3.355780022446689381e-01 3.155603917301414429e-01 3.176206509539842848e-01 3.545543584720862174e-01 3.192019950124688199e-01 3.491561181434599259e-01 3.381995133819951094e-01 3.160220994475138045e-01 3.164277839029768224e-01 3.199129488574537494e-01 3.543307086614173040e-01 3.471933471933472126e-01 2.787356321839080664e-01 2.839036755386565303e-01 3.531218014329580157e-01 3.298969072164948391e-01 3.557692307692307820e-01 3.548387096774193727e-01 3.528748590755355075e-01 3.251700680272108790e-01 3.545543584720862174e-01 3.528205128205127994e-01 3.509513742071881381e-01 2.977667493796525844e-01 3.528205128205127994e-01 2.187500000000000000e-01 4.127906976744186163e-01 3.384785005512679357e-01 3.113924050632911333e-01 3.645266594124048076e-01 2.771587743732590314e-01 2.910052910052909891e-01 2.775061124694376269e-01 3.393870601589103475e-01 3.759398496240601295e-01 2.855133614627285432e-01 2.085987261146496907e-01 3.524672708962739431e-01 3.156626506024096113e-01 3.352402745995423095e-01 3.131313131313131493e-01 3.509471585244267056e-01 0.000000000000000000e+00 2.974137931034482873e-01 3.552083333333333481e-01 2.992907801418439595e-01 3.454746136865342043e-01 3.968253968253968034e-01 3.451428571428571401e-01 3.383270911360798938e-01 3.271461716937354991e-01 3.383458646616541166e-01 3.554455445544554282e-01 3.238566131025957806e-01 2.572898799313893536e-01 2.583643122676579917e-01 3.447537473233404648e-01 3.355408388520971230e-01 3.140311804008908414e-01 3.196902654867256888e-01 2.608695652173912971e-01 2.658788774002954214e-01 3.054830287206266592e-01 2.905718701700154560e-01 3.168469860896445112e-01 3.351893095768374020e-01 2.807244501940491799e-01 3.322295805739514107e-01 3.422391857506361101e-01 3.475177304964539027e-01 3.238312428734321791e-01 2.482269503546099265e-01 2.801724137931034253e-01 3.428217821782178487e-01 2.656250000000000000e-01 2.944942381562100087e-01 3.553299492385786906e-01 9.375000000000000000e-02 3.312020460358056084e-01 3.441396508728179482e-01 3.391215526046986728e-01 3.159235668789808771e-01 2.764811490125673177e-01 3.294663573085847008e-01 3.027027027027027195e-01 3.282442748091602969e-01 3.193916349809886035e-01 3.329682365826944213e-01 3.550051599587203399e-01 3.474285714285714199e-01 3.371369294605809364e-01 3.276595744680850797e-01 3.037825059101654790e-01 3.542600896860986781e-01 3.603133159268929742e-01 2.764505119453924964e-01 3.542739443872296445e-01 3.429394812680115479e-01 3.446244477172312193e-01 3.474226804123711210e-01 3.411619283065512875e-01
3.148936170212766061e-01 3.110236220472440971e-01 1.754385964912280604e-01 3.241106719367589095e-01 3.203125000000000000e-01 3.203125000000000000e-01 3.201581027667984025e-01 3.112033195020746934e-01 3.228346456692913202e-01 3.203125000000000000e-01 3.203125000000000000e-01 3.188976377952755792e-01 3.198198198198198283e-01 3.228346456692913202e-01 3.266932270916334535e-01 3.203125000000000000e-01 3.203125000000000000e-01 3.203125000000000000e-01 3.203125000000000000e-01 3.228346456692913202e-01 3.203125000000000000e-01 3.203125000000000000e-01 3.203125000000000000e-01 3.203125000000000000e-01 3.203125000000000000e-01 3.203125000000000000e-01 3.203125000000000000e-01 3.208333333333333592e-01 3.228346456692913202e-01 3.203125000000000000e-01 3.203125000000000000e-01 3.215686274509804154e-01 3.203125000000000000e-01 3.203125000000000000e-01 3.214285714285714524e-01 3.203125000000000000e-01 3.203125000000000000e-01 3.203125000000000000e-01 3.228346456692913202e-01 3.203125000000000000e-01 2.895927601809955010e-01 2.756756756756756910e-01 3.203125000000000000e-01 3.188976377952755792e-01 3.203125000000000000e-01 3.142857142857142794e-01 2.994350282485875869e-01 3.162055335968379510e-01 3.203125000000000000e-01 2.857142857142856984e-01 3.119999999999999996e-01 3.162393162393162260e-01 3.203125000000000000e-01 3.176470588235293935e-01 3.228346456692913202e-01 3.252032520325203180e-01 3.203125000000000000e-01 2.974137931034482873e-01 0.000000000000000000e+00 3.203125000000000000e-01 3.225806451612903136e-01 3.203125000000000000e-01 3.595505617977527990e-01 3.215686274509804154e-01 3.228346456692913202e-01 3.215686274509804154e-01 3.230769230769230949e-01 3.203125000000000000e-01 3.215686274509804154e-01 3.013100436681222516e-01 3.239436619718309984e-01 3.203125000000000000e-01 3.203125000000000000e-01 3.203125000000000000e-01 3.203125000000000000e-01 3.333333333333333148e-01 3.138075313807531241e-01 3.253968253968254065e-01 3.263598326359832824e-01 3.234042553191489588e-01 3.203125000000000000e-01 3.110236220472440971e-01 3.203125000000000000e-01 3.215686274509804154e-01 3.300970873786407966e-01 3.203125000000000000e-01 3.278008298755186734e-01 2.307692307692307820e-01 3.215686274509804154e-01 2.203389830508474534e-01 3.125000000000000000e-01 2.843137254901960675e-01 1.090909090909090856e-01 3.125000000000000000e-01 2.885572139303482775e-01 3.203125000000000000e-01 3.188976377952755792e-01 2.931034482758620441e-01 3.203125000000000000e-01 3.188976377952755792e-01 3.241106719367589095e-01 3.201581027667984025e-01 3.203125000000000000e-01 3.203125000000000000e-01 3.203125000000000000e-01 3.203125000000000000e-01 3.104838709677419373e-01 3.164062500000000000e-01 2.406015037593984829e-01 2.923076923076923239e-01 3.090128755364807134e-01 3.203125000000000000e-01 2.674418604651162545e-01 3.266129032258064391e-01 3.203125000000000000e-01 3.215686274509804154e-01
3.801229508196721230e-01 3.637440758293838949e-01 1.875000000000000000e-01 4.278320874065554835e-01 6.963979416809605860e-01 4.508150646430578723e-01 3.549146556798116747e-01 4.259067357512953400e-01 3.653286794648051283e-01 6.333333333333333037e-01 5.578535494689770280e-01 3.213859020310633197e-01 3.212058212058211959e-01 4.024249422632794615e-01 3.535714285714285920e-01 4.749163879598662374e-01 4.786939679026009919e-01 4.475760992108229752e-01 7.053571428571429047e-01 3.890523837551501107e-01 9.424119241192412399e-01 4.217215482380127223e-01 4.920364050056882932e-01 4.960182025028441188e-01 5.076400679117147874e-01 4.893973214285714524e-01 5.898692810457516478e-01 5.123711340206185127e-01 3.579379027533685087e-01 6.963979416809605860e-01 4.429948950652297102e-01 5.334403424291064288e-01 6.048304213771840132e-01 4.876957494407158644e-01 3.385731559854897044e-01 7.062902426944032142e-01 6.955772544514646771e-01 5.590984057174271937e-01 3.604651162790697416e-01 6.955772544514646771e-01 3.253886010362694314e-01 3.509803921568627194e-01 5.177865612648221427e-01 3.444055944055944285e-01 5.442550852116547766e-01 3.210332103321033026e-01 3.575638506876228084e-01 4.160628019323671656e-01 4.589614740368509471e-01 4.745098039215686070e-01 2.925790754257907578e-01 3.787409700722394468e-01 6.164383561643835829e-01 4.787621359223300788e-01 4.460756634669678089e-01 2.928615009151921966e-01 6.355091383812010442e-01 3.552083333333333481e-01 3.203125000000000000e-01 0.000000000000000000e+00 3.166974738139248235e-01 4.742096505823627517e-01 4.062500000000000000e-01 4.942987457240592963e-01 3.832650672908133327e-01 4.397283531409167945e-01 4.450980392156862475e-01 6.547803617571059664e-01 3.906432748538011812e-01 3.589211618257261427e-01 3.158447009443861586e-01 5.262008733624453649e-01 4.804905239687848328e-01 4.371554575523704522e-01 4.697309417040358981e-01 3.821391484942887051e-01 4.829369183040330693e-01 3.560426540284360453e-01 4.452405322415557976e-01 4.854469854469854462e-01 4.774874930516954108e-01 3.948019801980198196e-01 4.921524663677129818e-01 4.025119617224880431e-01 5.156862745098039769e-01 4.296089385474860523e-01 2.897657213316892633e-01 3.046875000000000000e-01 3.959420289855072328e-01 2.656250000000000000e-01 3.571004159239453135e-01 4.479371316306483553e-01 9.375000000000000000e-02 3.834319526627218977e-01 4.549019607843137192e-01 5.764955002646903193e-01 3.549328663164039721e-01 3.501048218029350068e-01 4.601262191623637365e-01 3.293269230769230727e-01 3.736717827626918620e-01 3.619776339022954814e-01 5.002773155851358844e-01 5.975414216996258743e-01 4.693648116919617586e-01 5.583647122108660321e-01 3.596764156813939128e-01 4.604872251931075300e-01 3.242187500000000000e-01 4.168297455968688614e-01 3.759086188992731281e-01 6.169749727965179176e-01 3.143418467583496967e-01 3.387398627573299792e-01 5.776595744680851352e-01 4.165191740412979571e-01
2.860962566844919563e-01 2.275350370981038817e-01 1.875000000000000000e-01 2.546957175056348555e-01 3.110164333536214465e-01 2.710280373831775447e-01 2.224958949096880190e-01 3.631361760660247739e-01 2.772689425478767622e-01 3.124293785310734428e-01 2.613418530351437896e-01 2.369584438549955929e-01 2.203856749311294827e-01 2.664576802507837017e-01 2.144638403990024866e-01 2.773519163763066286e-01 2.829537612146307834e-01 2.562634216177523405e-01 3.244197780020181554e-01 2.366107114308553250e-01 3.141394753678822815e-01 2.864949258391881193e-01 2.630844382414515015e-01 2.644398051496172353e-01 2.652084757347915045e-01 2.764786795048143064e-01 3.056416615003099690e-01 3.627204030226700016e-01 2.397034596375617888e-01 3.110164333536214465e-01 2.718589272593681105e-01 2.944514501891550839e-01 3.014084507042253391e-01 2.925122463261021766e-01 2.289473684210526216e-01 3.239436619718309984e-01 3.090575275397796640e-01 3.076923076923077094e-01 2.354368932038835016e-01 3.090575275397796640e-01 2.680851063829787218e-01 3.647058823529411575e-01 2.842465753424657793e-01 2.628909551986475246e-01 3.550577053632043567e-01 1.940966010733452540e-01 3.348623853211009083e-01 2.255999999999999950e-01 3.005780346820809412e-01 4.352678571428571508e-01 1.894832275611967320e-01 3.099173553719008489e-01 3.080046403712297098e-01 2.521202775636083304e-01 2.824651504035216587e-01 2.642787996127783368e-01 3.123938879456706341e-01 2.992907801418439595e-01 3.225806451612903136e-01 3.166974738139248235e-01 0.000000000000000000e+00 3.011283497884343907e-01 3.984375000000000000e-01 2.750352609308885921e-01 2.378292098962490053e-01 2.579941860465116421e-01 3.955555555555555491e-01 3.133589884551951643e-01 2.141194724592707654e-01 2.829403606102635083e-01 2.931547619047619180e-01 2.711538461538461342e-01 2.825330549756436826e-01 2.796005706134094271e-01 2.712579058327477255e-01 3.342736248236953256e-01 3.535483870967742193e-01 2.497883149872988928e-01 3.566710700132100231e-01 3.882978723404255095e-01 2.857142857142856984e-01 2.274275979557069949e-01 2.595367847411443885e-01 2.972057578323454852e-01 4.466230936819172159e-01 2.516129032258064280e-01 1.953271028037383283e-01 3.064516129032258118e-01 3.127572016460905546e-01 2.656250000000000000e-01 2.434488588334742243e-01 3.802197802197802012e-01 9.375000000000000000e-02 2.603305785123967153e-01 4.224719101123595721e-01 3.193174893357708655e-01 2.514522821576763434e-01 3.338257016248153408e-01 3.131159969673995569e-01 1.886151231945624451e-01 3.018056749785038573e-01 2.253061224489796011e-01 2.809749492213947097e-01 3.069069069069069178e-01 3.069666182873729832e-01 2.880098887515450956e-01 2.217275155832591216e-01 2.557251908396946383e-01 3.319838056680162186e-01 3.727678571428571508e-01 3.220815752461322345e-01 3.124620060790273546e-01 3.301662707838479704e-01 2.528195488721804440e-01 3.009063444108761587e-01 2.623211446740858488e-01
3.810043668122270466e-01 3.223684210526315819e-01 1.875000000000000000e-01 3.574969021065675379e-01 4.861111111111111049e-01 4.112207151664611371e-01 3.293650793650793607e-01 4.235423542354235238e-01 3.875759621877110095e-01 5.184196476241323959e-01 4.413633737723858808e-01 3.342599027102154396e-01 3.065934065934066144e-01 4.013114754098360826e-01 3.056653491436099879e-01 4.062126642771803908e-01 4.512195121951219634e-01 4.154228855721392999e-01 5.706440339490763680e-01 3.256410256410256499e-01 4.655663062037563860e-01 3.877159309021113165e-01 4.248166259168704162e-01 4.256097560975609650e-01 4.297769740807715344e-01 4.225014961101137279e-01 4.833427442123094386e-01 4.844587352625938093e-01 3.735593220338983000e-01 4.861111111111111049e-01 3.909820877084619895e-01 4.292059966685174976e-01 5.090618336886993944e-01 4.325468844525106049e-01 2.830440587449933321e-01 5.710014947683108577e-01 4.843750000000000000e-01 4.603903559127439649e-01 3.221433182698515418e-01 4.843750000000000000e-01 3.110624315443592525e-01 3.634538152610441997e-01 4.442435201928872646e-01 3.309114927344782298e-01 4.633720930232558266e-01 2.634445200816882271e-01 3.619999999999999885e-01 3.245161290322580716e-01 4.579145728643216340e-01 4.780876494023904577e-01 2.580645161290322509e-01 3.704918032786885251e-01 5.086956521739129933e-01 3.892487046632124303e-01 4.023485784919653696e-01 3.181818181818181768e-01 5.268817204301075030e-01 3.454746136865342043e-01 3.203125000000000000e-01 4.742096505823627517e-01 3.011283497884343907e-01 0.000000000000000000e+00 4.062500000000000000e-01 4.038577456298975132e-01 3.282051282051282048e-01 3.961562306261624533e-01 4.396039603960396058e-01 5.331928345626976151e-01 3.380372033354714367e-01 3.261339092872569956e-01 3.363740022805016827e-01 4.549680418361417567e-01 4.476423759951010384e-01 4.523212045169385243e-01 3.943746259724715819e-01 3.970917225950783003e-01 4.522019334049409145e-01 3.242705570291777306e-01 4.663726571113561148e-01 4.625407166123778335e-01 4.330708661417322913e-01 3.001988071570576566e-01 4.277108433734939652e-01 3.551155115511551164e-01 5.168986083499006456e-01 4.186483103879850010e-01 2.474012474012474150e-01 3.046875000000000000e-01 3.902759526938239243e-01 2.656250000000000000e-01 3.262316910785619251e-01 4.424603174603174427e-01 9.375000000000000000e-02 3.630912724850099971e-01 4.581673306772908183e-01 4.864416159380188232e-01 3.644922663080026881e-01 3.223684210526315819e-01 4.152010050251256357e-01 2.834224598930481509e-01 3.657718120805369399e-01 3.293885601577909439e-01 4.492492492492492495e-01 4.562634989200863855e-01 4.081261370527592414e-01 4.659538548114799950e-01 3.037190082644627975e-01 3.486924034869240407e-01 3.242187500000000000e-01 4.251497005988024158e-01 3.811111111111111227e-01 4.930362116991643395e-01 3.232931726907630754e-01 3.047149894440535078e-01 4.798007747648035393e-01 3.847669074195666505e-01
3.984375000000000000e-01 4.062500000000000000e-01 1.063829787234042562e-01 4.062500000000000000e-01 4.062500000000000000e-01 4.062500000000000000e-01 4.062500000000000000e-01 4.062500000000000000e-01 4.062500000000000000e-01 4.062500000000000000e-01 4.062500000000000000e-01 4.062500000000000000e-01 4.000000000000000222e-01 4.062500000000000000e-01 4.062500000000000000e-01 4.062500000000000000e-01 4.062500000000000000e-01 4.062500000000000000e-01 4.062500000000000000e-01 4.062500000000000000e-01 4.062500000000000000e-01 4.062500000000000000e-01 4.062500000000000000e-01 4.062500000000000000e-01 4.062500000000000000e-01 4.062500000000000000e-01 4.062500000000000000e-01 4.062500000000000000e-01 4.062500000000000000e-01 4.062500000000000000e-01 4.062500000000000000e-01 4.062500000000000000e-01 4.062500000000000000e-01 4.062500000000000000e-01 4.062500000000000000e-01 4.062500000000000000e-01 4.062500000000000000e-01 4.062500000000000000e-01 4.062500000000000000e-01 4.062500000000000000e-01 3.809523809523809312e-01 4.196428571428571508e-01 4.062500000000000000e-01 4.062500000000000000e-01 4.062500000000000000e-01 4.062500000000000000e-01 3.760683760683760646e-01 4.062500000000000000e-01 4.062500000000000000e-01 3.902439024390244038e-01 4.062500000000000000e-01 4.062500000000000000e-01 4.062500000000000000e-01 4.062500000000000000e-01 4.062500000000000000e-01 4.062500000000000000e-01 4.062500000000000000e-01 3.968253968253968034e-01 3.595505617977527990e-01 4.062500000000000000e-01 3.984375000000000000e-01 4.062500000000000000e-01 0.000000000000000000e+00 4.062500000000000000e-01 4.062500000000000000e-01 4.062500000000000000e-01 4.049586776859503967e-01 4.062500000000000000e-01 4.062500000000000000e-01 4.015748031496063075e-01 3.739837398373983546e-01 4.062500000000000000e-01 4.062500000000000000e-01 4.062500000000000000e-01 4.062500000000000000e-01 3.984375000000000000e-01 4.062500000000000000e-01 4.062500000000000000e-01 4.047619047619047672e-01 3.968253968253968034e-01 4.062500000000000000e-01 4.062500000000000000e-01 4.062500000000000000e-01 4.062500000000000000e-01 3.951612903225806273e-01 4.062500000000000000e-01 4.062500000000000000e-01 2.934782608695652439e-01 4.062500000000000000e-01 2.666666666666666630e-01 4.062500000000000000e-01 3.781512605042016695e-01 1.219512195121951192e-01 4.062500000000000000e-01 3.666666666666666408e-01 4.062500000000000000e-01 4.062500000000000000e-01 3.937007874015748254e-01 4.062500000000000000e-01 4.062500000000000000e-01 4.062500000000000000e-01 4.062500000000000000e-01 4.062500000000000000e-01 4.062500000000000000e-01 4.062500000000000000e-01 4.062500000000000000e-01 4.062500000000000000e-01 4.062500000000000000e-01 3.777777777777777679e-01 4.210526315789473450e-01 4.000000000000000222e-01 4.062500000000000000e-01 4.950495049504950451e-01 4.062500000000000000e-01 4.062500000000000000e-01 4.062500000000000000e-01
3.498896247240618207e-01 2.980263157894736947e-01 1.875000000000000000e-01 3.702290076335877922e-01 4.811903425042111104e-01 4.454428754813863911e-01 3.797202797202797186e-01 4.099099099099098864e-01 3.774744027303754135e-01 4.970666666666666567e-01 4.657125819916517750e-01 3.094575799721835940e-01 3.093607305936073026e-01 4.046822742474916468e-01 2.940785096473719218e-01 4.481249999999999956e-01 4.652908067542214088e-01 4.037617554858934366e-01 5.544999999999999929e-01 3.265839320705421489e-01 4.842105263157894801e-01 3.476611883691529958e-01 4.039167686658506895e-01 4.056200366524129741e-01 4.125831820931639693e-01 4.652473387601753219e-01 4.558740865654862251e-01 4.566160520607375206e-01 3.393939393939394145e-01 4.811903425042111104e-01 4.010120177103099204e-01 4.547018348623853012e-01 5.110870740941049206e-01 4.451332920024798634e-01 2.840599455040871968e-01 5.525660189337319173e-01 4.769144144144144004e-01 4.922619047619047894e-01 3.633898305084745650e-01 4.769144144144144004e-01 3.050847457627118842e-01 3.514056224899598235e-01 4.463519313304721292e-01 3.284083277367360609e-01 4.511410181392627172e-01 2.747021723896285739e-01 3.581488933601609803e-01 3.176470588235293935e-01 3.943833943833943700e-01 4.749498997995991734e-01 2.719546742209631995e-01 3.407079646017698860e-01 5.293132328308207679e-01 4.006644518272425293e-01 4.082018927444794887e-01 2.877697841726618577e-01 5.392641405820977063e-01 3.451428571428571401e-01 3.215686274509804154e-01 4.942987457240592963e-01 2.750352609308885921e-01 4.038577456298975132e-01 4.062500000000000000e-01 0.000000000000000000e+00 3.154492566257272035e-01 3.843750000000000222e-01 4.305555555555555802e-01 5.437936593229446558e-01 3.976807639836289487e-01 3.295964125560538194e-01 3.185530921820303174e-01 4.368083867210250659e-01 4.103030303030302806e-01 4.201995012468827673e-01 3.788334335538183772e-01 3.440979955456570094e-01 4.285714285714285476e-01 3.369713506139154213e-01 4.185022026431717834e-01 4.500000000000000111e-01 4.288343558282208812e-01 3.015551048005409296e-01 4.481688392302917712e-01 3.798767967145790792e-01 5.170340681362725066e-01 4.096080910240202377e-01 2.494684620836286337e-01 3.058823529411764941e-01 3.499999999999999778e-01 2.656250000000000000e-01 3.436426116838487976e-01 4.507042253521126862e-01 9.375000000000000000e-02 3.234519104084321306e-01 4.319526627218934767e-01 4.890387858347386429e-01 3.342263898191560889e-01 3.598130841121495171e-01 3.798256537982565573e-01 3.411680911680911588e-01 3.136094674556212936e-01 3.813500347947111901e-01 4.470158343483556784e-01 4.802448525319977790e-01 4.600638977635782556e-01 4.982497082847140990e-01 3.116607773851590157e-01 3.577806122448979331e-01 3.254901960784313819e-01 4.188376753507013772e-01 3.820483314154200505e-01 5.051252847380409694e-01 3.191919191919191934e-01 3.025089605734767040e-01 5.207612456747404694e-01 3.542483660130719136e-01
3.215130023640662138e-01 2.863568215892053903e-01 1.875000000000000000e-01 4.125093075204765425e-01 3.794901506373117295e-01 3.273453093812375148e-01 2.553035844915874097e-01 3.638525564803805068e-01 2.854014598540146053e-01 4.072847682119205559e-01 3.713395638629283235e-01 2.498078401229823220e-01 2.944099378881987472e-01 2.780859916782246755e-01 2.710843373493975750e-01 3.239074550128534513e-01 3.354673495518565862e-01 3.134526176275679310e-01 4.302908726178535370e-01 4.517184942716857554e-01 3.740963855421686746e-01 3.185654008438818519e-01 3.534883720930232509e-01 3.536423841059602724e-01 3.608382449246889112e-01 3.344010249839846072e-01 3.715461493239270996e-01 4.378629500580720202e-01 2.670080468178492872e-01 3.794901506373117295e-01 3.105756358768406722e-01 3.555291319857312726e-01 3.848253275109170257e-01 3.159898477157360164e-01 4.679891794409377637e-01 4.316474712068102404e-01 3.755813953488372214e-01 3.603385731559854976e-01 3.089552238805970408e-01 3.755813953488372214e-01 3.207547169811320598e-01 3.319587628865979245e-01 3.295382669196710856e-01 2.617302052785923649e-01 3.621323529411764608e-01 2.803278688524590279e-01 3.443983402489626533e-01 3.315669947009841079e-01 3.291803278688524848e-01 4.469387755102040560e-01 2.351524879614767249e-01 3.483556638246041448e-01 3.835005574136008955e-01 2.836338418862690558e-01 3.281775386684600004e-01 2.166666666666666741e-01 3.904969961769524933e-01 3.383270911360798938e-01 3.228346456692913202e-01 3.832650672908133327e-01 2.378292098962490053e-01 3.282051282051282048e-01 4.062500000000000000e-01 3.154492566257272035e-01 0.000000000000000000e+00 2.992700729927007530e-01 4.134419551934827020e-01 3.974358974358974117e-01 2.754448398576512247e-01 3.478802992518703063e-01 2.893081761006289221e-01 3.467397928092626480e-01 3.126188966391883484e-01 3.209150326797385877e-01 4.574087329992841955e-01 3.373786407766990458e-01 4.126611957796014196e-01 2.605477424130273612e-01 3.966942148760330689e-01 4.035087719298245390e-01 3.273542600896860999e-01 3.259141494435612296e-01 3.256704980842911601e-01 2.718727404193781449e-01 4.867617107942973642e-01 2.971729125575279240e-01 2.560467055879899756e-01 3.070866141732283561e-01 3.060931899641576859e-01 2.656250000000000000e-01 2.662192393736018126e-01 4.338842975206611552e-01 9.375000000000000000e-02 3.094170403587443996e-01 4.412371134020618424e-01 4.004683840749414525e-01 2.636562272396212880e-01 3.041871921182265903e-01 3.191919191919191934e-01 2.421695951107715739e-01 2.792064658339456495e-01 2.603938730853391781e-01 3.310301507537688481e-01 3.874133949191685966e-01 3.333333333333333148e-01 3.747769185008923420e-01 2.511737089201878104e-01 3.428981348637015758e-01 3.267716535433070613e-01 4.128630705394190636e-01 3.300970873786407966e-01 3.831884057971014501e-01 3.096234309623430714e-01 2.450119712689545204e-01 3.773148148148148251e-01 2.908961593172119664e-01
3.568985176738882492e-01 3.084886128364389135e-01 1.875000000000000000e-01 3.700527704485488401e-01 4.460756634669678089e-01 3.713745271122320113e-01 4.138702460850111620e-01 3.852272727272727515e-01 3.795309168443496972e-01 4.853101196953210072e-01 4.155766944114149819e-01 2.964824120603015145e-01 2.893518518518518601e-01 3.577181208053691330e-01 2.927335640138408190e-01 4.035087719298245390e-01 4.369055168040583137e-01 4.588394062078272606e-01 5.129740518962075946e-01 3.466574776016540516e-01 4.316463059918557166e-01 3.582286847323198908e-01 3.736059479553903162e-01 3.728395061728395077e-01 3.759902498476538901e-01 4.214824120603015145e-01 4.319088319088318917e-01 4.411441144114411350e-01 3.436401967673928248e-01 4.460756634669678089e-01 3.847150259067357303e-01 4.513274336283185639e-01 5.002760905577029460e-01 4.034869240348692432e-01 2.932761087267525268e-01 5.126928820308611634e-01 4.449489216799091817e-01 4.310954063604240383e-01 3.246575342465753411e-01 4.449489216799091817e-01 2.956120092378752839e-01 3.545081967213114527e-01 4.507310870947234815e-01 4.071058475203552796e-01 4.278074866310160318e-01 2.623188405797101663e-01 3.530612244897959329e-01 2.900864936793080551e-01 3.941882501579279663e-01 4.745417515274948927e-01 2.565789473684210731e-01 3.551724137931034364e-01 4.578313253012047945e-01 3.468169761273209306e-01 3.596214511041009310e-01 2.918552036199095201e-01 4.695417789757412308e-01 3.271461716937354991e-01 3.215686274509804154e-01 4.397283531409167945e-01 2.579941860465116421e-01 3.961562306261624533e-01 4.062500000000000000e-01 3.843750000000000222e-01 2.992700729927007530e-01 0.000000000000000000e+00 4.352226720647773273e-01 4.856535600425079813e-01 3.261600537995965055e-01 3.438228438228438377e-01 3.028503562945368266e-01 4.285714285714285476e-01 4.312977099236641187e-01 4.320104098893949307e-01 3.876017532874139193e-01 3.779342723004694982e-01 4.126106194690265516e-01 3.260563380281690238e-01 4.627039627039626901e-01 4.212290502793296088e-01 4.454428754813863911e-01 2.833333333333333259e-01 4.573643410852712976e-01 3.208446866485013538e-01 4.989939637826961705e-01 4.071895424836601274e-01 2.378854625550660684e-01 3.007812500000000000e-01 3.197099538562953036e-01 2.656250000000000000e-01 3.328601845280340643e-01 4.294354838709677491e-01 9.375000000000000000e-02 3.269230769230769273e-01 4.512195121951219634e-01 4.663625997719498262e-01 3.216011042097998707e-01 3.337264150943396457e-01 3.685220729366602832e-01 2.844950213371266190e-01 3.184625943719972541e-01 4.185873605947955656e-01 4.165126309303758267e-01 4.486819966348850053e-01 4.019047619047619313e-01 4.516317016317016320e-01 2.743553008595988607e-01 3.230174081237910944e-01 3.254901960784313819e-01 4.233128834355828207e-01 3.487297921478060281e-01 4.513574660633484226e-01 3.162217659137577241e-01 2.737920937042459535e-01 4.537194775695627680e-01 3.434343434343434254e-01
3.504901960784313486e-01 4.252136752136752018e-01 1.904761904761904656e-01 4.506172839506172867e-01 4.470588235294117863e-01 4.371257485029940160e-01 4.205020920502092197e-01 3.747072599531616199e-01 4.384133611691022891e-01 4.472656250000000000e-01 4.455445544554455517e-01 4.050632911392405000e-01 3.420365535248041655e-01 4.256198347107438273e-01 4.337606837606837740e-01 4.488977955911823692e-01 4.520000000000000129e-01 4.442231075697211096e-01 4.472656250000000000e-01 4.398340248962655519e-01 4.450980392156862475e-01 4.239999999999999880e-01 4.613821138211381956e-01 4.613821138211381956e-01 4.558232931726907688e-01 4.384920634920634885e-01 4.450980392156862475e-01 3.950338600451467341e-01 4.319148936170212894e-01 4.470588235294117863e-01 4.417670682730923670e-01 4.431372549019607643e-01 4.453125000000000000e-01 4.460000000000000075e-01 4.279569892473118475e-01 4.472656250000000000e-01 4.470588235294117863e-01 4.450980392156862475e-01 4.105691056910569237e-01 4.470588235294117863e-01 3.204134366925064370e-01 2.349397590361445853e-01 4.473161033797216635e-01 4.208333333333333370e-01 4.477317554240631270e-01 4.266365688487584462e-01 2.484848484848484751e-01 4.439746300211416252e-01 4.351297405189620826e-01 4.035608308605341255e-01 4.017857142857143016e-01 4.020100502512563012e-01 4.481409001956946914e-01 4.300411522633744710e-01 4.453441295546558543e-01 4.183445190156599436e-01 4.481409001956946914e-01 3.383458646616541166e-01 3.230769230769230949e-01 4.450980392156862475e-01 3.955555555555555491e-01 4.396039603960396058e-01 4.049586776859503967e-01 4.305555555555555802e-01 4.134419551934827020e-01 4.352226720647773273e-01 0.000000000000000000e+00 4.472656250000000000e-01 4.418604651162790775e-01 3.775510204081632404e-01 3.262599469496021420e-01 4.457593688362919138e-01 4.420000000000000040e-01 4.339999999999999969e-01 4.491017964071856161e-01 3.810741687979539716e-01 4.032634032634032639e-01 4.079497907949790614e-01 3.524027459954233166e-01 3.755760368663594306e-01 4.442231075697211096e-01 4.231578947368421217e-01 4.444444444444444198e-01 4.318181818181818232e-01 3.571428571428571508e-01 4.401622718052738414e-01 4.309133489461358102e-01 3.092783505154639290e-01 4.186991869918699205e-01 2.698412698412698263e-01 4.156118143459915371e-01 3.352769679300291461e-01 9.523809523809523281e-02 4.405010438413360929e-01 3.420289855072463636e-01 4.490196078431372695e-01 4.223602484472049889e-01 3.549222797927460982e-01 4.404040404040404089e-01 4.238410596026490063e-01 4.229166666666666630e-01 4.229166666666666630e-01 4.484126984126984294e-01 4.488188976377952555e-01 4.362549800796812760e-01 4.479371316306483553e-01 4.449438202247191221e-01 4.403292181069958788e-01 2.885572139303482775e-01 3.323353293413173759e-01 3.488943488943488935e-01 4.461839530332680770e-01 2.460063897763578311e-01 3.809523809523809312e-01 4.479371316306483553e-01 4.276985743380855576e-01
3.968410661401776673e-01 3.805405405405405395e-01 1.875000000000000000e-01 4.478560084700899946e-01 6.584234930448222833e-01 4.989417989417989641e-01 3.918256130790190861e-01 4.254689042448173697e-01 3.995691976305869586e-01 7.215447154471544833e-01 5.836373110995309865e-01 3.449781659388646560e-01 3.257425742574257543e-01 4.562737642585551479e-01 3.691056910569105454e-01 5.284810126582278889e-01 5.373291272344900005e-01 5.007982969664714901e-01 8.204242723236310209e-01 3.967914438502673780e-01 6.270213875847678864e-01 4.469333333333333491e-01 5.227754237288135819e-01 5.248677248677248164e-01 5.379746835443037778e-01 5.373684210526316063e-01 6.286594761171032664e-01 5.138067061143983816e-01 3.832077502691065840e-01 6.584234930448222833e-01 4.856535600425079813e-01 6.088751289989680071e-01 7.045454545454545858e-01 5.555555555555555802e-01 3.336938885884261907e-01 8.220798422868408339e-01 6.506955177743430907e-01 6.058242329693187544e-01 4.018388318009735172e-01 6.506955177743430907e-01 3.310276679841896996e-01 3.535156250000000000e-01 5.498154981549815412e-01 3.869918699186991606e-01 5.942708333333333037e-01 3.194062671797691100e-01 3.574218750000000000e-01 3.984921917070544106e-01 5.000000000000000000e-01 4.765625000000000000e-01 3.024657534246575352e-01 3.818897637795275468e-01 9.224088013896930560e-01 4.558743909041689246e-01 4.994669509594882872e-01 3.223647518126045997e-01 9.205448354143018763e-01 3.554455445544554282e-01 3.203125000000000000e-01 6.547803617571059664e-01 3.133589884551951643e-01 5.331928345626976151e-01 4.062500000000000000e-01 5.437936593229446558e-01 3.974358974358974117e-01 4.856535600425079813e-01 4.472656250000000000e-01 0.000000000000000000e+00 4.193200215866162983e-01 3.603158933859822444e-01 3.089108910891089077e-01 5.866736074960957614e-01 5.289169295478444166e-01 5.031545741324920940e-01 4.992175273865414598e-01 3.851485148514851575e-01 4.812623274161735853e-01 3.892837616183706939e-01 4.653465346534653713e-01 4.719764011799409964e-01 5.283613445378151363e-01 3.567948023822414827e-01 5.369198312236287407e-01 4.068255687973997836e-01 5.175781250000000000e-01 5.056239957150509001e-01 2.964601769911504592e-01 3.046875000000000000e-01 4.293390650188070867e-01 2.656250000000000000e-01 3.926414058209775071e-01 4.472656250000000000e-01 9.375000000000000000e-02 4.076086956521738913e-01 4.570312500000000000e-01 6.796671866874675061e-01 3.885590933621154708e-01 3.412462908011869578e-01 4.909381663113006611e-01 3.486590038314176243e-01 4.001085776330076116e-01 3.976034858387799686e-01 5.554971067859021394e-01 6.426761277242777348e-01 5.293489861259338403e-01 6.443864229765012830e-01 3.508869179600886956e-01 4.407230196703880720e-01 3.242187500000000000e-01 4.218750000000000000e-01 3.778437190900099107e-01 6.627127385250128899e-01 3.144531250000000000e-01 3.255942509673853125e-01 6.502564102564102333e-01 4.410646387832699578e-01
3.266033254156769372e-01 2.673992673992673930e-01 1.875000000000000000e-01 3.053278688524589946e-01 3.932518906340896070e-01 3.366600133067199074e-01 3.076341647770219345e-01 3.890909090909090984e-01 3.022743947175348667e-01 3.987997817785051691e-01 6.704374057315233282e-01 2.882953652788687871e-01 2.867737948084054245e-01 3.254817987152034409e-01 2.487160674981657993e-01 3.573298429319371472e-01 3.761467889908257090e-01 3.450134770889488056e-01 4.387550200803213007e-01 2.808022922636103091e-01 3.850331925165962343e-01 2.982817869415807510e-01 3.130601792573623476e-01 3.150159744408945750e-01 3.198738170347003029e-01 3.652343750000000000e-01 3.709112149532710068e-01 4.024943310657596585e-01 2.866617538688283062e-01 3.932518906340896070e-01 3.199464524765729401e-01 3.794347564642213122e-01 3.962780514504652407e-01 3.497091144149967468e-01 2.486692015209125417e-01 4.364999999999999991e-01 3.934426229508196649e-01 3.762917933130698889e-01 2.830188679245282946e-01 3.934426229508196649e-01 2.823960880195598988e-01 3.291404612159329335e-01 3.660426081342801896e-01 2.719941348973606843e-01 3.707107843137255054e-01 2.226532195500387779e-01 3.361344537815126321e-01 2.727925340990667857e-01 3.418803418803418870e-01 4.642857142857143016e-01 2.189952904238618436e-01 3.245508982035928414e-01 4.054054054054054279e-01 3.369175627240143522e-01 3.457374830852503189e-01 2.336523125996810279e-01 4.120242691671263113e-01 3.238566131025957806e-01 3.215686274509804154e-01 3.906432748538011812e-01 2.141194724592707654e-01 3.380372033354714367e-01 4.062500000000000000e-01 3.976807639836289487e-01 2.754448398576512247e-01 3.261600537995965055e-01 4.418604651162790775e-01 4.193200215866162983e-01 0.000000000000000000e+00 2.949640287769784153e-01 2.912988650693568715e-01 3.560975609756097393e-01 3.401929260450160530e-01 3.458994708994708733e-01 3.208762886597938402e-01 3.217286914765906114e-01 3.823191733639494938e-01 2.727946627131208057e-01 3.648960739030023270e-01 3.974358974358974117e-01 3.589576547231270176e-01 2.561613144137416254e-01 3.695937090432503402e-01 3.008070432868671928e-01 5.020920502092049986e-01 3.563139931740614275e-01 2.121212121212121271e-01 3.058823529411764941e-01 2.705882352941176294e-01 2.656250000000000000e-01 2.747580044676098399e-01 4.635193133047210146e-01 9.375000000000000000e-02 2.723342939481268044e-01 4.312500000000000222e-01 3.947826086956521818e-01 3.101123595505618225e-01 3.358585858585858563e-01 3.295148247978436640e-01 8.161683277962348271e-01 2.782228696285506397e-01 3.117469879518072196e-01 3.779069767441860517e-01 3.898792409430707484e-01 3.604263824117255322e-01 3.880597014925373234e-01 2.690794649881982914e-01 3.033863165169315979e-01 3.254901960784313819e-01 4.054621848739495826e-01 3.568773234200743327e-01 3.856812933025404178e-01 3.008474576271186196e-01 2.287275565964090596e-01 3.862188766647365323e-01 3.518107908351810753e-01
2.345483359746434182e-01 3.724966622162884100e-01 1.875000000000000000e-01 3.262411347517730764e-01 3.567787971457695995e-01 3.344594594594594850e-01 3.210659898477157270e-01 2.644757433489827725e-01 3.151364764267989838e-01 3.613613613613613773e-01 3.569892473118279619e-01 3.031914893617021489e-01 2.058319039451114996e-01 3.181272509003601479e-01 2.905660377358490476e-01 3.381696428571428492e-01 3.548387096774193727e-01 3.307086614173228578e-01 3.620352250489236590e-01 3.221809169764560110e-01 3.600844772967264906e-01 3.507917174177831998e-01 3.452914798206278002e-01 3.456375838926174504e-01 3.517699115044247704e-01 3.227917121046892102e-01 3.495346432264736514e-01 2.644163150492264691e-01 3.153153153153153143e-01 3.567787971457695995e-01 3.448275862068965747e-01 3.495248152059133862e-01 3.584337349397590522e-01 3.463251670378619251e-01 2.985468956406869268e-01 3.620352250489236590e-01 3.564862104187946912e-01 3.547368421052631837e-01 3.220551378446115387e-01 3.564862104187946912e-01 2.237521514629948471e-01 3.155080213903743158e-01 3.410087719298245390e-01 3.244613434727502965e-01 3.393425238600212279e-01 2.969187675070028010e-01 3.279569892473118142e-01 3.125778331257783038e-01 3.389639639639639435e-01 3.636363636363636465e-01 2.999999999999999889e-01 1.981279251170046940e-01 3.560682046138415324e-01 3.281061519903498147e-01 3.318233295583238873e-01 3.016997167138810165e-01 3.612774451097804373e-01 2.572898799313893536e-01 3.013100436681222516e-01 3.589211618257261427e-01 2.829403606102635083e-01 3.261339092872569956e-01 4.015748031496063075e-01 3.295964125560538194e-01 3.478802992518703063e-01 3.438228438228438377e-01 3.775510204081632404e-01 3.603158933859822444e-01 2.949640287769784153e-01 0.000000000000000000e+00 2.382671480144404330e-01 3.500533617929562635e-01 3.454746136865342043e-01 3.496027241770714999e-01 3.445190156599552411e-01 2.467320261437908613e-01 2.496392496392496330e-01 3.224115334207077188e-01 2.615844544095665136e-01 2.624633431085043878e-01 3.392461197339246004e-01 3.110236220472440971e-01 3.406835722160970192e-01 3.119605425400739929e-01 3.584905660377358250e-01 3.325740318906605930e-01 2.754662840746054386e-01 2.838427947598253231e-01 3.276699029126213802e-01 2.656250000000000000e-01 3.246753246753246724e-01 3.466334164588528721e-01 9.375000000000000000e-02 3.207547169811320598e-01 3.659147869674185261e-01 3.524590163934426257e-01 3.090452261306532722e-01 2.521739130434782483e-01 3.508771929824561209e-01 2.652795838751625390e-01 3.261964735516372782e-01 3.207547169811320598e-01 3.398907103825136722e-01 3.489795918367347149e-01 3.561643835616438158e-01 3.577405857740585948e-01 2.633689839572192493e-01 3.365384615384615641e-01 3.288888888888888973e-01 3.308080808080808288e-01 2.616666666666666585e-01 3.551688843398157491e-01 3.002754820936638924e-01 2.895104895104895215e-01 3.553038105046343875e-01 3.439803439803439944e-01
2.233502538071066024e-01 2.672750977835723352e-01 1.875000000000000000e-01 2.781774580335731328e-01 3.130792996910401471e-01 3.097447795823665695e-01 2.960526315789473450e-01 3.146853146853146876e-01 3.124183006535947715e-01 3.066132264529057849e-01 2.967741935483870774e-01 3.200000000000000067e-01 2.048417132216014958e-01 3.024999999999999911e-01 2.679738562091503185e-01 2.973893303064699123e-01 3.115124153498871062e-01 3.196721311475410054e-01 3.085210577864838655e-01 3.028350515463917314e-01 3.148345784418356552e-01 3.261964735516372782e-01 2.782122905027932802e-01 2.787068004459308801e-01 2.785087719298245390e-01 3.103057757644394066e-01 3.119747899159663884e-01 2.582089552238805985e-01 3.360995850622406911e-01 3.130792996910401471e-01 3.075117370892018753e-01 2.944915254237288060e-01 3.101010101010100994e-01 2.998872604284103516e-01 2.910863509749303524e-01 3.085210577864838655e-01 3.140495867768595128e-01 3.081827842720510358e-01 2.629582806573956821e-01 3.140495867768595128e-01 2.265917602996254665e-01 3.177842565597667757e-01 3.216308040770101684e-01 2.911227154046997501e-01 3.006465517241379559e-01 2.500000000000000000e-01 3.841463414634146423e-01 2.601010101010101105e-01 3.266978922716627376e-01 3.552631578947368363e-01 2.528901734104046506e-01 1.946308724832214732e-01 3.090909090909090828e-01 2.917181705809641645e-01 3.008130081300813274e-01 2.785185185185184986e-01 3.093093093093093326e-01 2.583643122676579917e-01 3.239436619718309984e-01 3.158447009443861586e-01 2.931547619047619180e-01 3.363740022805016827e-01 3.739837398373983546e-01 3.185530921820303174e-01 2.893081761006289221e-01 3.028503562945368266e-01 3.262599469496021420e-01 3.089108910891089077e-01 2.912988650693568715e-01 2.382671480144404330e-01 0.000000000000000000e+00 3.141304347826087140e-01 2.965440356744704631e-01 3.098265895953757343e-01 2.905405405405405150e-01 4.196787148594377514e-01 2.558139534883721034e-01 2.826379542395693334e-01 3.609671848013816797e-01 2.983870967741935609e-01 3.302540415704388055e-01 2.556591211717709755e-01 3.063063063063062863e-01 3.228346456692913202e-01 4.068241469816272771e-01 3.136792452830188815e-01 2.286135693215339271e-01 2.990654205607476412e-01 3.155893536121672782e-01 2.656250000000000000e-01 2.768211920529801140e-01 3.404825737265415597e-01 9.375000000000000000e-02 3.432432432432432345e-01 3.359788359788359879e-01 3.044375644994840036e-01 3.164218958611482169e-01 2.769230769230769384e-01 3.272946859903381744e-01 2.630853994490358061e-01 3.118421052631579204e-01 2.976501305483028603e-01 3.160854893138357880e-01 3.065015479876160853e-01 2.790960451977401169e-01 2.924037460978147762e-01 2.978102189781021703e-01 2.846715328467153139e-01 3.286384976525821844e-01 3.162162162162162060e-01 3.078358208955223607e-01 3.072164948453608435e-01 3.627760252365930804e-01 3.302611367127495923e-01 3.125000000000000000e-01 3.023839397741530655e-01
3.910256410256410242e-01 3.391521197007481558e-01 1.875000000000000000e-01 3.971205758848230238e-01 5.304678998911860344e-01 4.386484884410195573e-01 3.681528662420381903e-01 3.893528183716075119e-01 4.139264990328820337e-01 5.727848101265823333e-01 4.775533108866442111e-01 3.320388349514563076e-01 3.070362473347548193e-01 3.905867970660146793e-01 3.299874529485570807e-01 4.556074766355140415e-01 4.846698113207547065e-01 4.429169157202629825e-01 6.313959264778936653e-01 3.701863354037266962e-01 4.988950276243093729e-01 4.110091743119266283e-01 4.363001745200698056e-01 4.386984311446833207e-01 4.475201845444060078e-01 4.596633778293673922e-01 5.158991228070175517e-01 4.874476987447698972e-01 3.567398119122257016e-01 5.304678998911860344e-01 4.260143198090692307e-01 5.083426028921023132e-01 5.742311770943796523e-01 4.620770128354725892e-01 3.095994914176732338e-01 6.332506203473945439e-01 5.272925764192140097e-01 4.966517857142856984e-01 3.468884781269254702e-01 5.272925764192140097e-01 3.211991434689507319e-01 3.510848126232741784e-01 4.647398843930635737e-01 3.439450686641697952e-01 4.949324324324324564e-01 2.684478371501272109e-01 3.603960396039603831e-01 3.425245098039215730e-01 4.619500594530320803e-01 4.724409448818897572e-01 2.634615384615384692e-01 3.546694648478488920e-01 5.566239316239316448e-01 3.621718377088305463e-01 4.491270319084888496e-01 2.944664031620553568e-01 5.706751054852320371e-01 3.447537473233404648e-01 3.203125000000000000e-01 5.262008733624453649e-01 2.711538461538461342e-01 4.549680418361417567e-01 4.062500000000000000e-01 4.368083867210250659e-01 3.467397928092626480e-01 4.285714285714285476e-01 4.457593688362919138e-01 5.866736074960957614e-01 3.560975609756097393e-01 3.500533617929562635e-01 3.141304347826087140e-01 0.000000000000000000e+00 4.683098591549295642e-01 4.653524492234169530e-01 4.348837209302325313e-01 3.857758620689655249e-01 4.636459430979978924e-01 3.529784537389100141e-01 4.496288441145280812e-01 4.630021141649048877e-01 4.712103407755581785e-01 3.149655604257983743e-01 4.840236686390532728e-01 3.642590286425902990e-01 5.137795275590550936e-01 4.531722054380664666e-01 2.455012853470437129e-01 3.046875000000000000e-01 4.069912609238451884e-01 2.656250000000000000e-01 3.813229571984435573e-01 4.543650793650793607e-01 9.375000000000000000e-02 3.727215587680703934e-01 4.527559055118109965e-01 5.499451152579583058e-01 3.535290443472829391e-01 3.336909871244635450e-01 4.343131373725254707e-01 3.108280254777069929e-01 3.956326268464996909e-01 3.731722822631913794e-01 5.157456922162804158e-01 5.441176470588234837e-01 4.530419373892498602e-01 5.154696132596685576e-01 3.044315992292870865e-01 3.722453841572364586e-01 3.242187500000000000e-01 4.229249011857707519e-01 3.646055437100212959e-01 5.183189655172413257e-01 3.142292490118577253e-01 3.036649214659685736e-01 5.382932166301969135e-01 3.930564166150031236e-01
3.563714902807775253e-01 3.503698722259582787e-01 1.875000000000000000e-01 3.706950532247965113e-01 4.883073496659242618e-01 4.091189155884165096e-01 3.781743308167467288e-01 3.921993499458288346e-01 3.852901484480432126e-01 5.312500000000000000e-01 4.360599078341013679e-01 3.182130584192439660e-01 2.952799121844127406e-01 4.000000000000000222e-01 3.017751479289940697e-01 4.617775015537600725e-01 4.455927051671732531e-01 4.530351437699680628e-01 5.649576903932305161e-01 3.363518758085381477e-01 4.644280022766078542e-01 3.917790622992934901e-01 4.106602059357964962e-01 4.114803625377643770e-01 4.157706093189963981e-01 4.597418561770129086e-01 4.872521246458923483e-01 4.622741764080764981e-01 3.359735973597359759e-01 4.883073496659242618e-01 4.376996805111821320e-01 4.506486181613085229e-01 5.267134376686454234e-01 4.568965517241379559e-01 2.842809364548494755e-01 5.668821481849826149e-01 4.874090654728595595e-01 4.727694090382387193e-01 3.363814500326584023e-01 4.874090654728595595e-01 3.083700440528634457e-01 3.459999999999999742e-01 4.482758620689655249e-01 3.437917222963952080e-01 4.579710144927536253e-01 2.742268041237113652e-01 3.527054108216433059e-01 3.181233933161953797e-01 4.394785847299813586e-01 4.661354581673306519e-01 2.575549450549450281e-01 3.517915309446253969e-01 4.970318402590394036e-01 3.597715736040609236e-01 3.848503359804520407e-01 2.980085348506401055e-01 5.071694105151354215e-01 3.355408388520971230e-01 3.203125000000000000e-01 4.804905239687848328e-01 2.825330549756436826e-01 4.476423759951010384e-01 4.062500000000000000e-01 4.103030303030302806e-01 3.126188966391883484e-01 4.312977099236641187e-01 4.420000000000000040e-01 5.289169295478444166e-01 3.401929260450160530e-01 3.454746136865342043e-01 2.965440356744704631e-01 4.683098591549295642e-01 0.000000000000000000e+00 4.456249999999999933e-01 4.015653220951234115e-01 3.808463251670378691e-01 4.272051009564293289e-01 3.931564245810055813e-01 4.500548847420416942e-01 4.356223175965664995e-01 4.414634146341463450e-01 3.023255813953488191e-01 4.708074534161490465e-01 3.431565160445317342e-01 5.079681274900398336e-01 4.519230769230769273e-01 2.573426573426573216e-01 3.046875000000000000e-01 3.638709677419355026e-01 2.656250000000000000e-01 3.667582417582417320e-01 4.477911646586345551e-01 9.375000000000000000e-02 3.324641460234680768e-01 4.520000000000000129e-01 5.163841807909604897e-01 3.640646029609690415e-01 3.329621380846325418e-01 3.742368742368742396e-01 2.803738317757009102e-01 3.616878767582049625e-01 3.797814207650273000e-01 4.480480480480480421e-01 4.939024390243902385e-01 4.409937888198757761e-01 4.664788732394365978e-01 2.996563573883161413e-01 3.440993788819876054e-01 3.242187500000000000e-01 4.188376753507013772e-01 3.515881708652793258e-01 5.002801120448179262e-01 3.191919191919191934e-01 2.781228433402346267e-01 4.894091415830546521e-01 3.780248528449967060e-01
3.729003359462486067e-01 3.245436105476673383e-01 1.875000000000000000e-01 3.682864450127877332e-01 4.585881045025013703e-01 4.119873817034700458e-01 3.538355217691775967e-01 3.913525498891352594e-01 6.226720647773279493e-01 4.880127863612147010e-01 4.284044418468731519e-01 3.742647058823529438e-01 3.112884834663626199e-01 3.878908848968729006e-01 3.064952638700947363e-01 4.402751719824890553e-01 5.064683053040103244e-01 4.100126742712293937e-01 5.352182539682539542e-01 3.357615894039734927e-01 4.276018099547511109e-01 3.970976253298152958e-01 4.013521819299323834e-01 4.022072348252605511e-01 4.058146577831617252e-01 4.749524413443246829e-01 4.711593375214163104e-01 4.473118279569892608e-01 3.772663877266387855e-01 4.585881045025013703e-01 3.930379746835442889e-01 4.651567944250871167e-01 5.283122594832325714e-01 4.223449969306322660e-01 2.975034674063800066e-01 5.379276152702032743e-01 4.567280848687884087e-01 4.707964601769911717e-01 3.622100954979536325e-01 4.567280848687884087e-01 3.099547511312217285e-01 3.515151515151515027e-01 4.484249536751080956e-01 3.387866394001363135e-01 4.404205607476635587e-01 2.765205091937765203e-01 3.555555555555555691e-01 3.110674525212835384e-01 4.458598726114649802e-01 4.581673306772908183e-01 2.444134078212290562e-01 3.499999999999999778e-01 4.785675529028757258e-01 3.483580167417900664e-01 4.046865104496517040e-01 2.786177105831533218e-01 4.994623655913978388e-01 3.140311804008908414e-01 3.203125000000000000e-01 4.371554575523704522e-01 2.796005706134094271e-01 4.523212045169385243e-01 4.062500000000000000e-01 4.201995012468827673e-01 3.209150326797385877e-01 4.320104098893949307e-01 4.339999999999999969e-01 5.031545741324920940e-01 3.458994708994708733e-01 3.496027241770714999e-01 3.098265895953757343e-01 4.653524492234169530e-01 4.456249999999999933e-01 0.000000000000000000e+00 3.947368421052631637e-01 3.718820861678004408e-01 4.133476856835306967e-01 3.429951690821256283e-01 4.473094170403587588e-01 4.310722100656455003e-01 4.325495049504950451e-01 3.098012337217271872e-01 4.297163995067817543e-01 3.382352941176470784e-01 5.060000000000000053e-01 4.232498394348105375e-01 2.701525054466231146e-01 3.046875000000000000e-01 3.514397905759162333e-01 2.656250000000000000e-01 3.413959917069799843e-01 4.368737474949899724e-01 9.375000000000000000e-02 3.255813953488372325e-01 4.556451612903225645e-01 4.836711711711711437e-01 3.959068454481298738e-01 3.261363636363636131e-01 3.805642633228840110e-01 2.979166666666666630e-01 3.720608575380359717e-01 3.565037852718513367e-01 4.526445264452644279e-01 4.634955752212389646e-01 4.211514392991239086e-01 4.745958429561201175e-01 2.908199018920812895e-01 3.462762571610439322e-01 3.242187500000000000e-01 4.164989939637827043e-01 3.467561521252796597e-01 4.646239554317548870e-01 3.137651821862348367e-01 2.679324894514767963e-01 5.100748416810593211e-01 3.611111111111111049e-01
3.540983606557376873e-01 3.346855983772819565e-01 1.875000000000000000e-01 5.294535131298793162e-01 4.644839067702552504e-01 4.028642590286425906e-01 3.221701272605492217e-01 3.722943722943722888e-01 3.344348975545274327e-01 4.983991462113127047e-01 4.430751173708920021e-01 2.772881355932203529e-01 3.111612175873731956e-01 3.331218274111675259e-01 3.086751849361129563e-01 3.896882494004796360e-01 4.111980734497290846e-01 3.965087281795511287e-01 5.426587301587301182e-01 6.012608353033884745e-01 4.492009132420091144e-01 4.172757475083056500e-01 4.088397790055248726e-01 4.105392156862744946e-01 4.149000605693519139e-01 4.145015105740181283e-01 4.531688166012338703e-01 4.612903225806451735e-01 3.109354413702239972e-01 4.644839067702552504e-01 3.704390847247990282e-01 4.445076835515082703e-01 5.124458874458874824e-01 3.980815347721822772e-01 4.885556432517758618e-01 5.445986124876115442e-01 4.610244988864142801e-01 4.472013848817080195e-01 3.585415259959486844e-01 4.610244988864142801e-01 2.953539823008849430e-01 3.452380952380952328e-01 3.898704358068315612e-01 3.132050431320504424e-01 4.559859154929577496e-01 2.816901408450704358e-01 3.599999999999999867e-01 3.428761651131824184e-01 3.992651561543171801e-01 4.731610337972166902e-01 2.505219206680584509e-01 3.659621802002224755e-01 4.786832164058283934e-01 3.247487437185929693e-01 3.886815920398010160e-01 2.428868841082581498e-01 4.922831293241085593e-01 3.196902654867256888e-01 3.203125000000000000e-01 4.697309417040358981e-01 2.712579058327477255e-01 3.943746259724715819e-01 4.062500000000000000e-01 3.788334335538183772e-01 4.574087329992841955e-01 3.876017532874139193e-01 4.491017964071856161e-01 4.992175273865414598e-01 3.208762886597938402e-01 3.445190156599552411e-01 2.905405405405405150e-01 4.348837209302325313e-01 4.015653220951234115e-01 3.947368421052631637e-01 0.000000000000000000e+00 3.649553571428571508e-01 4.366197183098591283e-01 3.047238855622089182e-01 4.127843986998916415e-01 4.327548806941431403e-01 3.902147971360381828e-01 3.102040816326530615e-01 4.188449848024315969e-01 3.261012491781722367e-01 5.209580838323353280e-01 3.653610771113831035e-01 2.681524083393242441e-01 3.046875000000000000e-01 3.462783171521035541e-01 2.656250000000000000e-01 3.031312458361092865e-01 4.347826086956521618e-01 9.375000000000000000e-02 3.284864507600793182e-01 4.532803180914513064e-01 5.186246418338108510e-01 3.094612352168199521e-01 3.169642857142856984e-01 3.813084112149532912e-01 2.860068259385665779e-01 3.220899470899470929e-01 3.284280936454849753e-01 4.242061114439784064e-01 4.669239250275634134e-01 4.041769041769041615e-01 4.696796338672769022e-01 2.719178082191781032e-01 3.645099295323510624e-01 3.242187500000000000e-01 4.231536926147704825e-01 3.257080610021786393e-01 4.688888888888889106e-01 3.081510934393638101e-01 2.409556313993174159e-01 4.811903425042111104e-01 3.322622107969151473e-01
2.658227848101265556e-01 3.096129837702871201e-01 1.875000000000000000e-01 3.368421052631578871e-01 3.866666666666666585e-01 3.520179372197309586e-01 3.341708542713567875e-01 3.179650238473767931e-01 3.631778058007566479e-01 3.865461847389558003e-01 3.678038379530916835e-01 3.472409152086137207e-01 2.168067226890756372e-01 3.900621118012422284e-01 3.457583547557840364e-01 3.738738738738738854e-01 3.645374449339207068e-01 3.791523482245131582e-01 3.825831702544031376e-01 3.532338308457711462e-01 3.822597676874340267e-01 3.899138991389913822e-01 3.461962513781697837e-01 3.450549450549450503e-01 3.496199782844733872e-01 3.680709534368070690e-01 3.826903023983315721e-01 3.294797687861271696e-01 3.440721649484536071e-01 3.866666666666666585e-01 3.721198156682027913e-01 3.602094240837696582e-01 3.809045226130653439e-01 3.681868743047830850e-01 3.210526315789473673e-01 3.825831702544031376e-01 3.864337101747173930e-01 3.725078698845750158e-01 3.170134638922888493e-01 3.864337101747173930e-01 2.119205298013245031e-01 3.820224719101123489e-01 3.822222222222222410e-01 3.596938775510203912e-01 3.806451612903225534e-01 2.972602739726027399e-01 3.837535014005602485e-01 2.967430639324487585e-01 3.797035347776510639e-01 4.086294416243654859e-01 2.896174863387978027e-01 2.563694267515923553e-01 3.798994974874371766e-01 3.834771886559802945e-01 3.679999999999999938e-01 3.544668587896253609e-01 3.822355289421157654e-01 2.608695652173912971e-01 3.333333333333333148e-01 3.821391484942887051e-01 3.342736248236953256e-01 3.970917225950783003e-01 3.984375000000000000e-01 3.440979955456570094e-01 3.373786407766990458e-01 3.779342723004694982e-01 3.810741687979539716e-01 3.851485148514851575e-01 3.217286914765906114e-01 2.467320261437908613e-01 4.196787148594377514e-01 3.857758620689655249e-01 3.808463251670378691e-01 3.718820861678004408e-01 3.649553571428571508e-01 0.000000000000000000e+00 3.044117647058823262e-01 3.359273670557716973e-01 3.557993730407523758e-01 3.343419062027231381e-01 4.013683010262257822e-01 2.944162436548223294e-01 3.653421633554083670e-01 3.579474342928660735e-01 3.879518072289156461e-01 3.673938002296211480e-01 3.037249283667621813e-01 2.827004219409282593e-01 3.614163614163614091e-01 2.656250000000000000e-01 3.432258064516128804e-01 3.267813267813267641e-01 9.375000000000000000e-02 3.837209302325581550e-01 3.797468354430380000e-01 3.824742268041236848e-01 3.489847715736040801e-01 3.022847100175746760e-01 3.579676674364896116e-01 3.061760840998685729e-01 3.751600512163892343e-01 3.370786516853932491e-01 3.779005524861878684e-01 3.845360824742268258e-01 3.493303571428571508e-01 3.682572614107884057e-01 3.214774281805745648e-01 3.235981308411214896e-01 3.318965517241379559e-01 3.208020050125313105e-01 2.966666666666666896e-01 3.696537678207739153e-01 3.221288515406162678e-01 3.471428571428571419e-01 3.726899383983572900e-01 3.273809523809523836e-01
2.844950213371266190e-01 3.980582524271844558e-01 1.875000000000000000e-01 4.207525655644241969e-01 4.862104187946884593e-01 4.274809160305343414e-01 3.786982248520709970e-01 3.108298171589310988e-01 3.751451800232288303e-01 4.869739478957915702e-01 4.482758620689655249e-01 3.869346733668341809e-01 2.861586314152410604e-01 4.127167630057803627e-01 6.690856313497822727e-01 4.302702702702702608e-01 4.337606837606837740e-01 4.522222222222222476e-01 4.804687500000000000e-01 3.995299647473560256e-01 4.800838574423479943e-01 3.995459704880817142e-01 5.011337868480725266e-01 5.011312217194570096e-01 5.005574136008918984e-01 4.360902255639097502e-01 5.153764581124071764e-01 9.050279329608938994e-01 4.009779951100244655e-01 4.862104187946884593e-01 4.204171240395170317e-01 4.394250513347022769e-01 4.784784784784784639e-01 4.473398479913137660e-01 3.717472118959107563e-01 4.804687500000000000e-01 4.831460674157303514e-01 4.427402862985684862e-01 4.102870813397129224e-01 4.831460674157303514e-01 2.444113263785394896e-01 3.285371702637889801e-01 4.437299035369774991e-01 3.785377358490565891e-01 4.584647739221871521e-01 4.522821576763485507e-01 3.397590361445783080e-01 4.057279236276849499e-01 4.334061135371178874e-01 4.831730769230769273e-01 3.474903474903475176e-01 4.841930116472545897e-01 4.789579158316633056e-01 4.000000000000000222e-01 4.460511679644049154e-01 3.423423423423423428e-01 4.761904761904761640e-01 2.658788774002954214e-01 3.138075313807531241e-01 4.829369183040330693e-01 3.535483870967742193e-01 4.522019334049409145e-01 4.062500000000000000e-01 4.285714285714285476e-01 4.126611957796014196e-01 4.126106194690265516e-01 4.032634032634032639e-01 4.812623274161735853e-01 3.823191733639494938e-01 2.496392496392496330e-01 2.558139534883721034e-01 4.636459430979978924e-01 4.272051009564293289e-01 4.133476856835306967e-01 4.366197183098591283e-01 3.044117647058823262e-01 0.000000000000000000e+00 3.800243605359318044e-01 3.063427800269905577e-01 4.485294117647058987e-01 4.215581643543223067e-01 4.546632124352331661e-01 4.455231930960086295e-01 3.992932862190812782e-01 6.485788113695090118e-01 4.251101321585902815e-01 4.809941520467836407e-01 3.304721030042918617e-01 4.016110471806674243e-01 2.656250000000000000e-01 3.667861409796893679e-01 3.935185185185185452e-01 9.375000000000000000e-02 4.440344403444034249e-01 4.149184149184149129e-01 4.659898477157360386e-01 3.964071856287424978e-01 2.710843373493975750e-01 4.419391206313416087e-01 3.543209876543209624e-01 3.928994082840236435e-01 3.811764705882352833e-01 4.423076923076922906e-01 4.620829120323559080e-01 4.354485776805251396e-01 4.599589322381930079e-01 4.158940397350993634e-01 4.305555555555555802e-01 3.179916317991631769e-01 3.697674418604651181e-01 2.768115942028985255e-01 4.670719351570415401e-01 2.992700729927007530e-01 3.709043250327653807e-01 4.754098360655737432e-01 3.856655290102389277e-01
3.107769423558897071e-01 2.890809112333071473e-01 1.875000000000000000e-01 3.004996431120627864e-01 3.841536614645858494e-01 3.132694938440492294e-01 2.850430696945966957e-01 3.573232323232323204e-01 3.130841121495326895e-01 3.873318385650224016e-01 3.421717171717171824e-01 2.797029702970297294e-01 2.564766839378238572e-01 3.455098934550989154e-01 2.445987654320987692e-01 3.549488054607508603e-01 3.451505016722408170e-01 3.382456140350877383e-01 3.926780341023068943e-01 2.669649515287099151e-01 3.508879363135333773e-01 3.473053892215569038e-01 3.194351042367182258e-01 3.188211654387139715e-01 3.229854689564068959e-01 3.576741041244083652e-01 3.618817852834740889e-01 4.014423076923077094e-01 2.619954303122620232e-01 3.841536614645858494e-01 3.576063446286950054e-01 3.577586206896551935e-01 3.815937149270482442e-01 3.729395604395604469e-01 2.374501992031872455e-01 3.954887218045112784e-01 3.809523809523809312e-01 3.636363636363636465e-01 2.826585179526355796e-01 3.809523809523809312e-01 2.919418758256274726e-01 3.766519823788546106e-01 3.335526315789473784e-01 3.136472466081404731e-01 3.425000000000000266e-01 2.350498338870432025e-01 3.719912472647702306e-01 2.680722891566265087e-01 3.425034387895460886e-01 4.453781512605042292e-01 2.302521008403361213e-01 3.117870722433460084e-01 3.793696275071632984e-01 2.972972972972973138e-01 3.352073085031623267e-01 2.914083259521700886e-01 3.913288288288288563e-01 3.054830287206266592e-01 3.253968253968254065e-01 3.560426540284360453e-01 2.497883149872988928e-01 3.242705570291777306e-01 4.062500000000000000e-01 3.369713506139154213e-01 2.605477424130273612e-01 3.260563380281690238e-01 4.079497907949790614e-01 3.892837616183706939e-01 2.727946627131208057e-01 3.224115334207077188e-01 2.826379542395693334e-01 3.529784537389100141e-01 3.931564245810055813e-01 3.429951690821256283e-01 3.047238855622089182e-01 3.359273670557716973e-01 3.800243605359318044e-01 0.000000000000000000e+00 4.189016602809706447e-01 4.029850746268656692e-01 3.557365919891378181e-01 2.642857142857142905e-01 3.438549361987911501e-01 2.904214559386973371e-01 4.957805907172995741e-01 3.470546486870120795e-01 2.199488491048593453e-01 3.095238095238095344e-01 2.845588235294117530e-01 2.656250000000000000e-01 3.719357565511411390e-01 4.349680170575693228e-01 9.375000000000000000e-02 2.666163141993957431e-01 4.334038054968287756e-01 4.000000000000000222e-01 2.928348909657320642e-01 3.337837837837837607e-01 3.128919860627177862e-01 2.437850842020850006e-01 3.149171270718231774e-01 2.853810264385692186e-01 3.447368421052631748e-01 3.645955451348182885e-01 3.534303534303534500e-01 4.036409290646578718e-01 2.553542009884678943e-01 2.928057553956834314e-01 3.188976377952755792e-01 3.983050847457627053e-01 3.473684210526316041e-01 3.764145324597975018e-01 3.066954643628509447e-01 2.703165098374679109e-01 3.703923900118906154e-01 3.112283345892991604e-01
2.676258992805755632e-01 3.814180929095354333e-01 1.875000000000000000e-01 3.972602739726027177e-01 4.533468559837728340e-01 4.315906562847608430e-01 4.486692015209125528e-01 3.226744186046511809e-01 4.292742927429274435e-01 4.649298597194388982e-01 4.193548387096774355e-01 3.907455012853470189e-01 2.308868501529051931e-01 4.510278113663845345e-01 3.508982035928143728e-01 4.617977528089887707e-01 4.521452145214521212e-01 4.668949771689497874e-01 4.632713026444661986e-01 3.801652892561983577e-01 4.449064449064449311e-01 4.163742690058479523e-01 4.245076586433260135e-01 4.262295081967212851e-01 4.251883745963401240e-01 4.434687156970362198e-01 4.520123839009287936e-01 3.136482939632546096e-01 4.282083862770012517e-01 4.533468559837728340e-01 4.705202312138728193e-01 4.435146443514644266e-01 4.608433734939759163e-01 4.931662870159453371e-01 3.444857496902106742e-01 4.632713026444661986e-01 4.547304170905391851e-01 4.438669438669438638e-01 3.757431629013079921e-01 4.547304170905391851e-01 2.355623100303951278e-01 3.374384236453201735e-01 4.592511013215859195e-01 4.409547738693467278e-01 4.490445859872611578e-01 3.385416666666666852e-01 3.523573200992555776e-01 3.745541022592152047e-01 4.424581005586591953e-01 3.931034482758620774e-01 3.174807197943444459e-01 2.645348837209302584e-01 4.642497482376636286e-01 4.053738317757009102e-01 4.090407938257993314e-01 5.683563748079877298e-01 4.645354645354645151e-01 2.905718701700154560e-01 3.263598326359832824e-01 4.452405322415557976e-01 3.566710700132100231e-01 4.663726571113561148e-01 4.047619047619047672e-01 4.185022026431717834e-01 3.966942148760330689e-01 4.627039627039626901e-01 3.524027459954233166e-01 4.653465346534653713e-01 3.648960739030023270e-01 2.615844544095665136e-01 3.609671848013816797e-01 4.496288441145280812e-01 4.500548847420416942e-01 4.473094170403587588e-01 4.127843986998916415e-01 3.557993730407523758e-01 3.063427800269905577e-01 4.189016602809706447e-01 0.000000000000000000e+00 3.282758620689655293e-01 4.379802414928649634e-01 3.626237623762376128e-01 4.563535911602210060e-01 4.184914841849148304e-01 4.153498871331828268e-01 4.389140271493212619e-01 3.143236074270557290e-01 2.775510204081632626e-01 4.289127837514934427e-01 2.656250000000000000e-01 4.724409448818897572e-01 4.071428571428571397e-01 9.375000000000000000e-02 4.204685573366214735e-01 3.957845433255269274e-01 4.584615384615384759e-01 3.917274939172749604e-01 2.783825816485225313e-01 4.235560588901472467e-01 3.454317897371714796e-01 4.085365853658536328e-01 4.508816120906801173e-01 4.561403508771929571e-01 4.530612244897959107e-01 4.510686164229471551e-01 4.462809917355372025e-01 3.509677419354838568e-01 3.922018348623853012e-01 3.250000000000000111e-01 3.860911270983213295e-01 3.054711246200607633e-01 4.595701125895598760e-01 3.307888040712468336e-01 3.689839572192513129e-01 4.513817809621289423e-01 3.842592592592592449e-01
2.902298850574712707e-01 3.736526946107784353e-01 1.904761904761904656e-01 4.022598870056497411e-01 4.902363823227132711e-01 4.456762749445676297e-01 3.908872901678657197e-01 3.692762186115214340e-01 3.985765124555160077e-01 4.879275653923541012e-01 4.415448851774530503e-01 3.911392405063290889e-01 2.744186046511628008e-01 4.334511189634864814e-01 4.366373902132998919e-01 4.233261339092872499e-01 4.330117899249731894e-01 4.323432343234323572e-01 4.799216454456415315e-01 3.985849056603773533e-01 4.904661016949152796e-01 4.131185270425776768e-01 4.321389793702497539e-01 4.353963083604777684e-01 4.372990353697749355e-01 4.494015233949945620e-01 4.817898022892819765e-01 4.439716312056737335e-01 4.000000000000000222e-01 4.902363823227132711e-01 4.306326304106548042e-01 4.476683937823834336e-01 4.690618762475050052e-01 4.609460946094609546e-01 3.655514250309789270e-01 4.799216454456415315e-01 4.917525773195876027e-01 4.494845360824742397e-01 3.992848629320620013e-01 4.917525773195876027e-01 2.730061349693251316e-01 4.113110539845758473e-01 4.944320712694877384e-01 4.109090909090908905e-01 4.717784877529286325e-01 3.768115942028985588e-01 3.638613861386138515e-01 3.832547169811320598e-01 4.373626373626373631e-01 4.502369668246445356e-01 3.692509855453350864e-01 3.521341463414633943e-01 4.724724724724724823e-01 4.472123368920521980e-01 4.325221238938052881e-01 3.693931398416886447e-01 4.741550695825049733e-01 3.168469860896445112e-01 3.234042553191489588e-01 4.854469854469854462e-01 3.882978723404255095e-01 4.625407166123778335e-01 3.968253968253968034e-01 4.500000000000000111e-01 4.035087719298245390e-01 4.212290502793296088e-01 3.755760368663594306e-01 4.719764011799409964e-01 3.974358974358974117e-01 2.624633431085043878e-01 2.983870967741935609e-01 4.630021141649048877e-01 4.356223175965664995e-01 4.310722100656455003e-01 4.327548806941431403e-01 3.343419062027231381e-01 4.485294117647058987e-01 4.029850746268656692e-01 3.282758620689655293e-01 0.000000000000000000e+00 4.423913043478260865e-01 3.975000000000000200e-01 4.448051948051948146e-01 4.409257003654080131e-01 5.476772616136919014e-01 4.258849557522124130e-01 3.751705320600272620e-01 3.175965665236051283e-01 4.088269454123112934e-01 2.500000000000000000e-01 3.822815533980582492e-01 4.146919431279620927e-01 9.523809523809523281e-02 4.343558282208588861e-01 3.870967741935483764e-01 4.683673469387755195e-01 4.089805825242718296e-01 3.423999999999999821e-01 4.363021420518601867e-01 3.649999999999999911e-01 4.035928143712574911e-01 3.900118906064209412e-01 4.587852494577006612e-01 4.734151329243354023e-01 4.252998909487459289e-01 4.729729729729729715e-01 4.378378378378378621e-01 4.198385236447519930e-01 3.565217391304347783e-01 3.456221198156682051e-01 3.456221198156682051e-01 5.062630480167014113e-01 3.291457286432160623e-01 6.419558359621451160e-01 4.702868852459016202e-01 4.203747072599531842e-01
3.606557377049180446e-01 3.102998696219035346e-01 1.875000000000000000e-01 3.719474013775829757e-01 4.910813823857302363e-01 3.991442542787286274e-01 3.337757133377571295e-01 3.969298245614035214e-01 3.913337846987136048e-01 5.192307692307692735e-01 4.463768115942028936e-01 3.324080499653018772e-01 2.988888888888888706e-01 3.858625162127107822e-01 3.022339027595269401e-01 4.424019607843137081e-01 4.485696895922093863e-01 4.127870887647424047e-01 5.675137020428500101e-01 3.359173126614987126e-01 4.614074914869466526e-01 4.195026178010471396e-01 3.899821109123434715e-01 3.924955330553900890e-01 3.994100294985250543e-01 4.310656231186032472e-01 4.841807909604519677e-01 4.521276595744680993e-01 3.905284831846259630e-01 4.910813823857302363e-01 3.952912019826517742e-01 4.835734870317002776e-01 5.163363685056240326e-01 4.103633114949374883e-01 2.856187290969899872e-01 5.678766782695175985e-01 4.868641699273337231e-01 4.816540477577169743e-01 3.229974160206718348e-01 4.868641699273337231e-01 3.284424379232505631e-01 3.567134268537074382e-01 4.565349544072948573e-01 3.406520292747837741e-01 4.549132947976878838e-01 2.651670074982958591e-01 3.579999999999999849e-01 3.270846800258565001e-01 4.579145728643216340e-01 4.741035856573705409e-01 2.729166666666666408e-01 3.545554335894621212e-01 4.973031283710895312e-01 3.567362428842504873e-01 4.207889793362554753e-01 2.696316886726893847e-01 5.106382978723403854e-01 3.351893095768374020e-01 3.203125000000000000e-01 4.774874930516954108e-01 2.857142857142856984e-01 4.330708661417322913e-01 4.062500000000000000e-01 4.288343558282208812e-01 3.273542600896860999e-01 4.454428754813863911e-01 4.442231075697211096e-01 5.283613445378151363e-01 3.589576547231270176e-01 3.392461197339246004e-01 3.302540415704388055e-01 4.712103407755581785e-01 4.414634146341463450e-01 4.325495049504950451e-01 3.902147971360381828e-01 4.013683010262257822e-01 4.215581643543223067e-01 3.557365919891378181e-01 4.379802414928649634e-01 4.423913043478260865e-01 0.000000000000000000e+00 2.993377483443708797e-01 4.354936402180496491e-01 3.400783289817232435e-01 5.129224652087475134e-01 4.275818639798488752e-01 2.456747404844290550e-01 3.046875000000000000e-01 3.625241468126207400e-01 2.656250000000000000e-01 3.423180592991914017e-01 4.328063241106719361e-01 9.375000000000000000e-02 3.346379647749510577e-01 4.541832669322709015e-01 4.938820912124582962e-01 3.608316566063045072e-01 3.492605233219567840e-01 3.915997529339098060e-01 3.123718386876281339e-01 3.759296822177146669e-01 3.373015873015873245e-01 4.492492492492492495e-01 4.875896304467732811e-01 4.141291108404384635e-01 4.643057897695334613e-01 2.930327868852459217e-01 3.562930494677520321e-01 3.242187500000000000e-01 4.183266932270916505e-01 3.619153674832962242e-01 4.847645429362880676e-01 3.113772455089820479e-01 2.733516483516483242e-01 4.839067702552719008e-01 3.624031007751937761e-01
3.419689119170984393e-01 2.527301092043681696e-01 1.875000000000000000e-01 3.207686622320768399e-01 3.755299818291944480e-01 2.849352419904567224e-01 2.498054474708171213e-01 3.498098859315589282e-01 2.768754833720030728e-01 3.800904977375565430e-01 3.875248838752488600e-01 2.176706827309236869e-01 2.920592193808883019e-01 2.521676300578034602e-01 3.350253807106599035e-01 3.026052104208417082e-01 3.094764744864148542e-01 3.173821252638986401e-01 3.799698037242073556e-01 3.071484681853888232e-01 4.051779935275081068e-01 2.855061908230153156e-01 4.709923664122137588e-01 4.763358778625954026e-01 4.774774774774774855e-01 3.118351063829787329e-01 4.444444444444444198e-01 4.688691232528589548e-01 2.554179566563467563e-01 3.755299818291944480e-01 2.923076923076923239e-01 3.239780353874313623e-01 3.520891364902506981e-01 2.895600787918581887e-01 2.875318066157760977e-01 3.807132094424912072e-01 3.756097560975609762e-01 3.333333333333333148e-01 2.734314484895429831e-01 3.756097560975609762e-01 2.787318361955085644e-01 3.361702127659574324e-01 3.131179960448253197e-01 2.420971472629144250e-01 3.181534622582657401e-01 5.140771637122002469e-01 3.577586206896551935e-01 4.644760213143871996e-01 3.103212576896787200e-01 4.764957264957264682e-01 2.018502943650126169e-01 4.315642458100558687e-01 3.370913190529876147e-01 2.570397111913357291e-01 2.924462924462924440e-01 1.988205560235888902e-01 3.421487603305785052e-01 2.807244501940491799e-01 3.110236220472440971e-01 3.948019801980198196e-01 2.274275979557069949e-01 3.001988071570576566e-01 4.062500000000000000e-01 3.015551048005409296e-01 3.259141494435612296e-01 2.833333333333333259e-01 4.231578947368421217e-01 3.567948023822414827e-01 2.561613144137416254e-01 3.110236220472440971e-01 2.556591211717709755e-01 3.149655604257983743e-01 3.023255813953488191e-01 3.098012337217271872e-01 3.102040816326530615e-01 2.944162436548223294e-01 4.546632124352331661e-01 2.642857142857142905e-01 3.626237623762376128e-01 3.975000000000000200e-01 2.993377483443708797e-01 0.000000000000000000e+00 3.194630872483221751e-01 2.492424242424242375e-01 5.246252676659528547e-01 2.857142857142856984e-01 4.044265593561368055e-01 3.107569721115537864e-01 2.606774668630338909e-01 2.656250000000000000e-01 2.513790386130811405e-01 4.231578947368421217e-01 9.375000000000000000e-02 2.888540031397174301e-01 4.246861924686192724e-01 3.534994068801898259e-01 2.357414448669201412e-01 2.957559681697612963e-01 3.030303030303030387e-01 2.285251215559157278e-01 2.526881720430107503e-01 2.571872571872572122e-01 2.952933591231463595e-01 3.425058548009367598e-01 2.950708980418635941e-01 3.371810449574726420e-01 2.737382378100940983e-01 4.769488683989941413e-01 3.149606299212598381e-01 4.016913319238900604e-01 3.033419023136246784e-01 3.604303646144650375e-01 2.963752665245202311e-01 2.288135593220338992e-01 3.519952352590827727e-01 2.714392244593586967e-01
3.679039301310043641e-01 3.258722843976299965e-01 1.875000000000000000e-01 4.025559105431310014e-01 4.933110367892976633e-01 4.224565756823821516e-01 5.648795648795649216e-01 3.949945593035908420e-01 3.754175016700067036e-01 5.156998403406066744e-01 4.760779681039574718e-01 3.079537729435757876e-01 2.976846747519294456e-01 4.436952124072825465e-01 3.143613500992720189e-01 4.334346504559270508e-01 4.853582554517134051e-01 6.227758007117437655e-01 5.749999999999999556e-01 3.515981735159817156e-01 4.847438111686816486e-01 3.884984025559105603e-01 4.108761329305136156e-01 4.133977066988533400e-01 4.202032277346084976e-01 4.291716686674669767e-01 4.747757847533632392e-01 4.700214132762312591e-01 3.417052214144084554e-01 4.933110367892976633e-01 4.091193004372267183e-01 4.548532731376975224e-01 5.390879478827361737e-01 4.516523867809057458e-01 3.022312373225152227e-01 5.737786640079760581e-01 4.891000558971492218e-01 4.618473895582329569e-01 3.307392996108949323e-01 4.891000558971492218e-01 3.225446428571428492e-01 3.545816733067729265e-01 4.869888475836431363e-01 3.388594164456233404e-01 4.811985898942420792e-01 2.827586206896551824e-01 3.639999999999999902e-01 3.270967741935483786e-01 4.133738601823708225e-01 4.683794466403162216e-01 2.712802768166089895e-01 3.693495038588754387e-01 5.133369624387588148e-01 3.828828828828828579e-01 3.910648714810281423e-01 2.903453136011275304e-01 5.216693418940610005e-01 3.322295805739514107e-01 3.203125000000000000e-01 4.921524663677129818e-01 2.595367847411443885e-01 4.277108433734939652e-01 4.062500000000000000e-01 4.481688392302917712e-01 3.256704980842911601e-01 4.573643410852712976e-01 4.444444444444444198e-01 5.369198312236287407e-01 3.695937090432503402e-01 3.406835722160970192e-01 3.063063063063062863e-01 4.840236686390532728e-01 4.708074534161490465e-01 4.297163995067817543e-01 4.188449848024315969e-01 3.653421633554083670e-01 4.455231930960086295e-01 3.438549361987911501e-01 4.563535911602210060e-01 4.448051948051948146e-01 4.354936402180496491e-01 3.194630872483221751e-01 0.000000000000000000e+00 3.488524590163934458e-01 5.098814229249012397e-01 4.346178142766898289e-01 2.597765363128491378e-01 3.046875000000000000e-01 3.537675606641124126e-01 2.656250000000000000e-01 3.468286099865047212e-01 4.530938123752494828e-01 9.375000000000000000e-02 3.603185136031851199e-01 4.486166007905138531e-01 5.078475336322869627e-01 3.366206443129520220e-01 3.430821147356580281e-01 3.983890954151177444e-01 3.205216197666437838e-01 3.370491803278688470e-01 5.668986852281515665e-01 4.525240384615384359e-01 4.751501911523757782e-01 4.243723208818125925e-01 4.908571428571428807e-01 2.957650273224043946e-01 3.587977457733249609e-01 3.242187500000000000e-01 4.271457085828343492e-01 3.708240534521158316e-01 5.070185289163391396e-01 3.069306930693069257e-01 2.822636300897170547e-01 4.811946902654867242e-01 3.774445893089961035e-01
3.297101449275362528e-01 2.635889798957557484e-01 1.875000000000000000e-01 3.178947368421052855e-01 3.951565268753691740e-01 3.351351351351351537e-01 3.023791250959324550e-01 4.142678347934918848e-01 3.267326732673267453e-01 3.983425414364640815e-01 3.646028767979987428e-01 2.907630522088353597e-01 2.925598991172761454e-01 3.411764705882353033e-01 2.567771084337349130e-01 3.409986859395532366e-01 3.335483870967742015e-01 3.183344526527870921e-01 4.286434694906707255e-01 2.828947368421052544e-01 4.023558586484811128e-01 3.209964412811388002e-01 3.364238410596026574e-01 3.366336633663366551e-01 3.396226415094339424e-01 3.341952165481577031e-01 3.749257278669043125e-01 4.280701754385964897e-01 2.841079460269865242e-01 3.951565268753691740e-01 3.181509177430319468e-01 3.522727272727272929e-01 3.903920485919381567e-01 3.645418326693227185e-01 2.589984350547731018e-01 4.257028112449799395e-01 3.953626634958382624e-01 4.183089637635092339e-01 2.813884785819792955e-01 3.953626634958382624e-01 2.977386934673366681e-01 3.723404255319148759e-01 3.623283191628515199e-01 3.072196620583717563e-01 4.664005322687957422e-01 2.187993680884676162e-01 3.563941299790356343e-01 2.590448625180897246e-01 3.315649867374005355e-01 4.478527607361963425e-01 2.418300653594771255e-01 3.390663390663390397e-01 3.883878241262683217e-01 3.692077727952167154e-01 3.101138647019424099e-01 2.962328767123287854e-01 4.077994428969359264e-01 3.422391857506361101e-01 3.215686274509804154e-01 4.025119617224880431e-01 2.972057578323454852e-01 3.551155115511551164e-01 4.062500000000000000e-01 3.798767967145790792e-01 2.718727404193781449e-01 3.208446866485013538e-01 4.318181818181818232e-01 4.068255687973997836e-01 3.008070432868671928e-01 3.119605425400739929e-01 3.228346456692913202e-01 3.642590286425902990e-01 3.431565160445317342e-01 3.382352941176470784e-01 3.261012491781722367e-01 3.579474342928660735e-01 3.992932862190812782e-01 2.904214559386973371e-01 4.184914841849148304e-01 4.409257003654080131e-01 3.400783289817232435e-01 2.492424242424242375e-01 3.488524590163934458e-01 0.000000000000000000e+00 4.817073170731707155e-01 2.957559681697612963e-01 2.109120521172638540e-01 3.058823529411764941e-01 4.252964426877470228e-01 2.656250000000000000e-01 3.035714285714285476e-01 4.407484407484407729e-01 9.375000000000000000e-02 3.168693009118541126e-01 4.391752577319587569e-01 3.788495061011040166e-01 3.049429657794676674e-01 4.372413793103448465e-01 3.305898491083676394e-01 2.584181675802662559e-01 3.400778210116731648e-01 3.065749235474006240e-01 3.513513513513513709e-01 3.852411388727484121e-01 3.393333333333333202e-01 3.626634958382877749e-01 2.908496732026144005e-01 2.948986722571628194e-01 3.203125000000000000e-01 4.107883817427385731e-01 3.780332056194125046e-01 4.284852142426071042e-01 3.241525423728813804e-01 3.284482758620689835e-01 3.774795799299883181e-01 3.473368342085521587e-01
3.877068557919621794e-01 4.676409185803757640e-01 1.875000000000000000e-01 5.091649694501018120e-01 5.146771037181996356e-01 5.059760956175298752e-01 4.926931106471816313e-01 4.095022624434389025e-01 4.979338842975206680e-01 5.175781250000000000e-01 5.078740157480314821e-01 4.655532359081419602e-01 4.397905759162303863e-01 4.846625766871165419e-01 5.572687224669603534e-01 4.970414201183431802e-01 5.149105367793240795e-01 5.189620758483033391e-01 5.175781250000000000e-01 5.020576131687243260e-01 5.156862745098039769e-01 5.172413793103448620e-01 5.221774193548387455e-01 5.221774193548387455e-01 5.250501002004007711e-01 5.009861932938856066e-01 5.216535433070865757e-01 6.188118811881188064e-01 4.894957983193277129e-01 5.146771037181996356e-01 4.930693069306930632e-01 5.137254901960783826e-01 5.185909980430528643e-01 5.089463220675943811e-01 4.705882352941176405e-01 5.175781250000000000e-01 5.146771037181996356e-01 5.186640471512770079e-01 4.989733059548254746e-01 5.146771037181996356e-01 3.341463414634146534e-01 2.742857142857142994e-01 5.098814229249012397e-01 4.713114754098360892e-01 5.098039215686274161e-01 5.534883720930232620e-01 3.293768545994065211e-01 5.010438413361169019e-01 5.160642570281124275e-01 4.297752808988763995e-01 4.372294372294372455e-01 5.967741935483871218e-01 5.185909980430528643e-01 4.857723577235772416e-01 5.060240963855421326e-01 4.346895074946466875e-01 5.185909980430528643e-01 3.475177304964539027e-01 3.300970873786407966e-01 5.156862745098039769e-01 4.466230936819172159e-01 5.168986083499006456e-01 3.951612903225806273e-01 5.170340681362725066e-01 4.867617107942973642e-01 4.989939637826961705e-01 3.571428571428571508e-01 5.175781250000000000e-01 5.020920502092049986e-01 3.584905660377358250e-01 4.068241469816272771e-01 5.137795275590550936e-01 5.079681274900398336e-01 5.060000000000000053e-01 5.209580838323353280e-01 3.879518072289156461e-01 6.485788113695090118e-01 4.957805907172995741e-01 4.153498871331828268e-01 5.476772616136919014e-01 5.129224652087475134e-01 5.246252676659528547e-01 5.098814229249012397e-01 4.817073170731707155e-01 0.000000000000000000e+00 4.890219560878243388e-01 5.703883495145630755e-01 4.062500000000000000e-01 4.828282828282828287e-01 2.656250000000000000e-01 4.637681159420289911e-01 3.279569892473118142e-01 9.375000000000000000e-02 4.969072164948453718e-01 3.413978494623655657e-01 5.166340508806261944e-01 4.815573770491803351e-01 3.940149625935162048e-01 5.070422535211267512e-01 4.772234273318872178e-01 4.886128364389233925e-01 4.979166666666666741e-01 5.108481262327416728e-01 5.166994106090373462e-01 4.930966469428008092e-01 5.127201565557729657e-01 5.258426966292134574e-01 5.051124744376278564e-01 2.790697674418604612e-01 3.070652173913043237e-01 3.829787234042553168e-01 5.196078431372549433e-01 2.456140350877192846e-01 4.845814977973568194e-01 5.127201565557729657e-01 4.979674796747967647e-01
3.486033519553072835e-01 3.044368600682593740e-01 1.875000000000000000e-01 3.401665598975016080e-01 4.496342149690489842e-01 3.887127457197209757e-01 3.582089552238805763e-01 3.718091009988901408e-01 3.803810868031051728e-01 4.813815434430652740e-01 4.228028503562945573e-01 2.832980972515856122e-01 2.910958904109589018e-01 4.074585635359115887e-01 2.897260273972602773e-01 4.263124604680582075e-01 4.850260416666666852e-01 4.228758169934640487e-01 5.159203980099502651e-01 2.996699669966996771e-01 4.221711659965536878e-01 3.600525624178712025e-01 3.863354037267080487e-01 3.880967141971481960e-01 3.902140672782874464e-01 4.555910543130990420e-01 4.396355353075170891e-01 4.455337690631808178e-01 3.335640138408304534e-01 4.496342149690489842e-01 3.863490019317449842e-01 4.584560989982321977e-01 4.953475643130815786e-01 4.172392254840724402e-01 2.546455609084652405e-01 5.186474390850323024e-01 4.460756634669678089e-01 4.416273584905660576e-01 3.413626978664831557e-01 4.460756634669678089e-01 3.107019562715765404e-01 3.455284552845528379e-01 3.955042527339003855e-01 3.123287671232876650e-01 4.140350877192982559e-01 2.532097004279600383e-01 3.551020408163265141e-01 3.061497326203208580e-01 4.001260239445494915e-01 4.616935483870967527e-01 2.528901734104046506e-01 3.378076062639820965e-01 4.921962095875139220e-01 3.242718446601941529e-01 4.000000000000000222e-01 2.838038632986626952e-01 4.986331328594860723e-01 3.238312428734321791e-01 3.203125000000000000e-01 4.296089385474860523e-01 2.516129032258064280e-01 4.186483103879850010e-01 4.062500000000000000e-01 4.096080910240202377e-01 2.971729125575279240e-01 4.071895424836601274e-01 4.401622718052738414e-01 5.056239957150509001e-01 3.563139931740614275e-01 3.325740318906605930e-01 3.136792452830188815e-01 4.531722054380664666e-01 4.519230769230769273e-01 4.232498394348105375e-01 3.653610771113831035e-01 3.673938002296211480e-01 4.251101321585902815e-01 3.470546486870120795e-01 4.389140271493212619e-01 4.258849557522124130e-01 4.275818639798488752e-01 2.857142857142856984e-01 4.346178142766898289e-01 2.957559681697612963e-01 4.890219560878243388e-01 0.000000000000000000e+00 2.370909090909091022e-01 3.046875000000000000e-01 3.269736842105263053e-01 2.656250000000000000e-01 3.397027600849256701e-01 4.343434343434343647e-01 9.375000000000000000e-02 3.182125930941097081e-01 4.444444444444444198e-01 4.615819209039547788e-01 3.201094391244870274e-01 3.195402298850574807e-01 3.564231738035264496e-01 3.148014440433212768e-01 3.324156916724019251e-01 3.599717114568599663e-01 4.381603480422622821e-01 4.465478841870824112e-01 4.510443864229765065e-01 4.802126402835203978e-01 2.607167955024595751e-01 3.335483870967742015e-01 3.242187500000000000e-01 4.137931034482758563e-01 3.496583143507972502e-01 4.354838709677419373e-01 3.182751540041067750e-01 2.491103202846975118e-01 4.548022598870056221e-01 3.435828877005347448e-01
2.719780219780219555e-01 2.114093959731543626e-01 1.875000000000000000e-01 2.587141750580945199e-01 2.938650306748466501e-01 2.395683453237409943e-01 2.013311148086522340e-01 3.082191780821917915e-01 2.367109634551494979e-01 3.275058275058275181e-01 2.624345549738220096e-01 1.753472222222222099e-01 2.743628185907046602e-01 2.029096477794793130e-01 3.937007874015748254e-01 2.503496503496503434e-01 2.747716092761771089e-01 2.573529411764705621e-01 3.050075872534142585e-01 2.433774834437086032e-01 2.911311053984576014e-01 2.572549019607843213e-01 4.030206677265500970e-01 4.018987341772151667e-01 4.000000000000000222e-01 2.646648044692737622e-01 3.739999999999999991e-01 5.115606936416184913e-01 2.217573221757322133e-01 2.938650306748466501e-01 2.406181015452538707e-01 2.708860759493670889e-01 2.753378378378378288e-01 2.401927047487955880e-01 2.238267148014440322e-01 3.065656565656565413e-01 2.933909820877084740e-01 2.638977635782747688e-01 2.380952380952380820e-01 2.933909820877084740e-01 2.654867256637168382e-01 3.062645011600927947e-01 2.690707350901525574e-01 2.034883720930232565e-01 2.603359173126614801e-01 5.070093457943924964e-01 3.452380952380952328e-01 2.975567190226875991e-01 2.508909479686386446e-01 5.343137254901960675e-01 1.896713615023474242e-01 5.301003344481605151e-01 2.841371295758279847e-01 2.259316770186335366e-01 2.430656934306569261e-01 1.840375586854460233e-01 2.861990950226244168e-01 2.482269503546099265e-01 3.278008298755186734e-01 2.897657213316892633e-01 1.953271028037383283e-01 2.474012474012474150e-01 4.062500000000000000e-01 2.494684620836286337e-01 2.560467055879899756e-01 2.378854625550660684e-01 4.309133489461358102e-01 2.964601769911504592e-01 2.121212121212121271e-01 2.754662840746054386e-01 2.286135693215339271e-01 2.455012853470437129e-01 2.573426573426573216e-01 2.701525054466231146e-01 2.681524083393242441e-01 3.037249283667621813e-01 4.809941520467836407e-01 2.199488491048593453e-01 3.143236074270557290e-01 3.751705320600272620e-01 2.456747404844290550e-01 4.044265593561368055e-01 2.597765363128491378e-01 2.109120521172638540e-01 5.703883495145630755e-01 2.370909090909091022e-01 0.000000000000000000e+00 3.221757322175732297e-01 2.223974763406940114e-01 2.656250000000000000e-01 2.240343347639484894e-01 3.823529411764705621e-01 9.375000000000000000e-02 2.510566356720203007e-01 3.968253968253968034e-01 2.840702604482132076e-01 1.836569579288026000e-01 2.825443786982248517e-01 2.627245508982035682e-01 1.982300884955752185e-01 2.180762852404643515e-01 2.043010752688172171e-01 2.429340511440107597e-01 2.775779376498800910e-01 2.480454868514569977e-01 2.823899371069182318e-01 2.883495145631068124e-01 2.903225806451613100e-01 3.319502074688796545e-01 3.560090702947845687e-01 2.538141470180305115e-01 3.057442865966645829e-01 2.836879432624113684e-01 2.037383177570093462e-01 3.004318322023442067e-01 2.275258552108194166e-01
2.978723404255319007e-01 3.003952569169960340e-01 2.075471698113207641e-01 3.031496062992126150e-01 3.046875000000000000e-01 3.046875000000000000e-01 2.992125984251968740e-01 2.839506172839506015e-01 3.019607843137254721e-01 3.046875000000000000e-01 3.046875000000000000e-01 2.980392156862745057e-01 3.441860465116279300e-01 3.019607843137254721e-01 3.107569721115537864e-01 3.046875000000000000e-01 3.046875000000000000e-01 3.046875000000000000e-01 3.046875000000000000e-01 3.019607843137254721e-01 3.046875000000000000e-01 3.046875000000000000e-01 3.046875000000000000e-01 3.046875000000000000e-01 3.046875000000000000e-01 3.046875000000000000e-01 3.046875000000000000e-01 3.262711864406779849e-01 3.070866141732283561e-01 3.046875000000000000e-01 3.046875000000000000e-01 3.007812500000000000e-01 3.046875000000000000e-01 3.046875000000000000e-01 3.003952569169960340e-01 3.046875000000000000e-01 3.046875000000000000e-01 3.046875000000000000e-01 3.070866141732283561e-01 3.046875000000000000e-01 2.949308755760368661e-01 2.540540540540540682e-01 3.046875000000000000e-01 3.031496062992126150e-01 3.046875000000000000e-01 3.250000000000000111e-01 2.988505747126437018e-01 3.055555555555555802e-01 3.046875000000000000e-01 3.168316831683168355e-01 3.117408906882591091e-01 2.991452991452991372e-01 3.046875000000000000e-01 3.070866141732283561e-01 3.070866141732283561e-01 2.879999999999999782e-01 3.046875000000000000e-01 2.801724137931034253e-01 2.307692307692307820e-01 3.046875000000000000e-01 3.064516129032258118e-01 3.046875000000000000e-01 2.934782608695652439e-01 3.058823529411764941e-01 3.070866141732283561e-01 3.007812500000000000e-01 3.092783505154639290e-01 3.046875000000000000e-01 3.058823529411764941e-01 2.838427947598253231e-01 2.990654205607476412e-01 3.046875000000000000e-01 3.046875000000000000e-01 3.046875000000000000e-01 3.046875000000000000e-01 2.827004219409282593e-01 3.304721030042918617e-01 3.095238095238095344e-01 2.775510204081632626e-01 3.175965665236051283e-01 3.046875000000000000e-01 3.107569721115537864e-01 3.046875000000000000e-01 3.058823529411764941e-01 4.062500000000000000e-01 3.046875000000000000e-01 3.221757322175732297e-01 0.000000000000000000e+00 3.058823529411764941e-01 2.777777777777777901e-01 2.968750000000000000e-01 2.772277227722772519e-01 1.153846153846153910e-01 3.070866141732283561e-01 2.561576354679803158e-01 3.046875000000000000e-01 2.980392156862745057e-01 3.039647577092510766e-01 3.046875000000000000e-01 3.083003952569169925e-01 3.083003952569169925e-01 2.992125984251968740e-01 3.046875000000000000e-01 3.046875000000000000e-01 3.046875000000000000e-01 3.046875000000000000e-01 3.102040816326530615e-01 3.058823529411764941e-01 2.014925373134328346e-01 2.783505154639175361e-01 2.808510638297872508e-01 3.046875000000000000e-01 2.738095238095238360e-01 3.104838709677419373e-01 3.046875000000000000e-01 3.007812500000000000e-01
3.181818181818181768e-01 2.800000000000000266e-01 1.875000000000000000e-01 3.186141304347825942e-01 3.960852043753598228e-01 3.575233022636484792e-01 2.735166425470332840e-01 3.809523809523809312e-01 3.213762811127379160e-01 4.120849210669569884e-01 3.532248342374924577e-01 2.836279784780937896e-01 2.665066026410564115e-01 3.335689045936395813e-01 2.716593245227606479e-01 3.582956746287927485e-01 3.541004450095359135e-01 3.215916503587736286e-01 4.530858003010536650e-01 2.967189728958630757e-01 3.814616755793226455e-01 3.410202655485674583e-01 3.565840938722294462e-01 3.576072821846553729e-01 3.628773281952472618e-01 3.625880845611787473e-01 4.157236450268016470e-01 4.248291571753986529e-01 3.010989010989010839e-01 3.960852043753598228e-01 3.436241610738254848e-01 3.792284866468842996e-01 4.142465753424657282e-01 3.789062500000000000e-01 2.676269901440485044e-01 4.529529529529529586e-01 3.930635838150289274e-01 4.013439218081857329e-01 2.724699221514508274e-01 3.930635838150289274e-01 2.947624847746650456e-01 3.626834381551362618e-01 3.505349276274386527e-01 2.997054491899852624e-01 4.293820933165195530e-01 2.363356428021554934e-01 3.443298969072164928e-01 2.887776983559685595e-01 3.607095926412615117e-01 4.491869918699186726e-01 2.376856919468334772e-01 3.207547169811320598e-01 4.127516778523490082e-01 3.214783821478381931e-01 3.451032644903397895e-01 3.000824402308326366e-01 4.285714285714285476e-01 3.428217821782178487e-01 3.215686274509804154e-01 3.959420289855072328e-01 3.127572016460905546e-01 3.902759526938239243e-01 4.062500000000000000e-01 3.499999999999999778e-01 3.060931899641576859e-01 3.197099538562953036e-01 4.186991869918699205e-01 4.293390650188070867e-01 2.705882352941176294e-01 3.276699029126213802e-01 3.155893536121672782e-01 4.069912609238451884e-01 3.638709677419355026e-01 3.514397905759162333e-01 3.462783171521035541e-01 3.614163614163614091e-01 4.016110471806674243e-01 2.845588235294117530e-01 4.289127837514934427e-01 4.088269454123112934e-01 3.625241468126207400e-01 2.606774668630338909e-01 3.537675606641124126e-01 4.252964426877470228e-01 4.828282828282828287e-01 3.269736842105263053e-01 2.223974763406940114e-01 3.058823529411764941e-01 0.000000000000000000e+00 2.656250000000000000e-01 3.137254901960784270e-01 4.421487603305785385e-01 9.375000000000000000e-02 3.274205469327420293e-01 4.435318275154004342e-01 4.097222222222222099e-01 3.004385964912280604e-01 3.450439146800501899e-01 3.719178082191780810e-01 2.407132243684992623e-01 3.481873111782477492e-01 2.729885057471264642e-01 3.681214421252371749e-01 4.063218390804597679e-01 3.524804177545691752e-01 3.828537874339401070e-01 2.766122766122766086e-01 3.177441540577716772e-01 3.254901960784313819e-01 4.300626304801670186e-01 3.691358024691357986e-01 4.095127610208816882e-01 3.207547169811320598e-01 2.600157109190887605e-01 4.068485200232153098e-01 3.403028118240807309e-01
2.656250000000000000e-01 2.656250000000000000e-01 1.153846153846153910e-01 2.656250000000000000e-01 2.656250000000000000e-01 2.656250000000000000e-01 2.656250000000000000e-01 2.656250000000000000e-01 2.656250000000000000e-01 2.656250000000000000e-01 2.656250000000000000e-01 2.656250000000000000e-01 2.656250000000000000e-01 2.656250000000000000e-01 2.656250000000000000e-01 2.656250000000000000e-01 2.656250000000000000e-01 2.656250000000000000e-01 2.656250000000000000e-01 2.656250000000000000e-01 2.656250000000000000e-01 2.656250000000000000e-01 2.656250000000000000e-01 2.656250000000000000e-01 2.656250000000000000e-01 2.656250000000000000e-01 2.656250000000000000e-01 2.656250000000000000e-01 2.656250000000000000e-01 2.656250000000000000e-01 2.656250000000000000e-01 2.656250000000000000e-01 2.656250000000000000e-01 2.656250000000000000e-01 2.656250000000000000e-01 2.656250000000000000e-01 2.656250000000000000e-01 2.656250000000000000e-01 2.656250000000000000e-01 2.656250000000000000e-01 2.656250000000000000e-01 2.786885245901639108e-01 2.656250000000000000e-01 2.656250000000000000e-01 2.656250000000000000e-01 2.656250000000000000e-01 2.698412698412698263e-01 2.656250000000000000e-01 2.656250000000000000e-01 2.698412698412698263e-01 2.656250000000000000e-01 2.656250000000000000e-01 2.656250000000000000e-01 2.656250000000000000e-01 2.656250000000000000e-01 2.656250000000000000e-01 2.656250000000000000e-01 2.656250000000000000e-01 2.203389830508474534e-01 2.656250000000000000e-01 2.656250000000000000e-01 2.656250000000000000e-01 2.666666666666666630e-01 2.656250000000000000e-01 2.656250000000000000e-01 2.656250000000000000e-01 2.698412698412698263e-01 2.656250000000000000e-01 2.656250000000000000e-01 2.656250000000000000e-01 2.656250000000000000e-01 2.656250000000000000e-01 2.656250000000000000e-01 2.656250000000000000e-01 2.656250000000000000e-01 2.656250000000000000e-01 2.656250000000000000e-01 2.656250000000000000e-01 2.656250000000000000e-01 2.500000000000000000e-01 2.656250000000000000e-01 2.656250000000000000e-01 2.656250000000000000e-01 2.656250000000000000e-01 2.656250000000000000e-01 2.656250000000000000e-01 2.656250000000000000e-01 2.777777777777777901e-01 2.656250000000000000e-01 0.000000000000000000e+00 2.656250000000000000e-01 2.656250000000000000e-01 0.000000000000000000e+00 2.656250000000000000e-01 2.539682539682539542e-01 2.656250000000000000e-01 2.656250000000000000e-01 2.656250000000000000e-01 2.656250000000000000e-01 2.656250000000000000e-01 2.656250000000000000e-01 2.656250000000000000e-01 2.656250000000000000e-01 2.656250000000000000e-01 2.656250000000000000e-01 2.656250000000000000e-01 2.656250000000000000e-01 2.656250000000000000e-01 2.641509433962264120e-01 2.343750000000000000e-01 2.656250000000000000e-01 2.656250000000000000e-01 2.580645161290322509e-01 2.656250000000000000e-01 2.656250000000000000e-01 2.656250000000000000e-01
3.345959595959596133e-01 2.871754523996852826e-01 1.875000000000000000e-01 2.987848463187991466e-01 3.696428571428571619e-01 3.261772853185595511e-01 3.046251993620414655e-01 3.524283935242839561e-01 3.102104442712392829e-01 3.837535014005602485e-01 3.348017621145374378e-01 2.548701298701298579e-01 2.740259740259740062e-01 3.499234303215926767e-01 2.523364485981308136e-01 3.645761543762922052e-01 3.749143248800548278e-01 3.300699300699300731e-01 3.971774193548386900e-01 2.775263951734540102e-01 3.494788473329246137e-01 3.465866466616654429e-01 3.187331536388139930e-01 3.216689098250336554e-01 3.258128732581287434e-01 3.524645509790682030e-01 3.613293051359516839e-01 3.962040332147093724e-01 2.717474980754426284e-01 3.696428571428571619e-01 3.559566787003610178e-01 3.325257419745608622e-01 3.665183537263626001e-01 4.335010783608914675e-01 2.403846153846153910e-01 4.007056451612903136e-01 3.688622754491017730e-01 3.682219419924337989e-01 2.788388082505729448e-01 3.688622754491017730e-01 2.728442728442728171e-01 3.455723542116630465e-01 3.552278820375335266e-01 3.309002433090024176e-01 3.623649078194532969e-01 2.247933884297520779e-01 3.528138528138528018e-01 2.662141779788838591e-01 3.290102389078498057e-01 4.351464435146443765e-01 2.168473728106755649e-01 3.157232704402515577e-01 3.860357761107905405e-01 2.964860907759883091e-01 3.123268698060941984e-01 3.785578747628083329e-01 4.035287421741605152e-01 2.944942381562100087e-01 3.125000000000000000e-01 3.571004159239453135e-01 2.434488588334742243e-01 3.262316910785619251e-01 4.062500000000000000e-01 3.436426116838487976e-01 2.662192393736018126e-01 3.328601845280340643e-01 4.156118143459915371e-01 3.926414058209775071e-01 2.747580044676098399e-01 3.246753246753246724e-01 2.768211920529801140e-01 3.813229571984435573e-01 3.667582417582417320e-01 3.413959917069799843e-01 3.031312458361092865e-01 3.432258064516128804e-01 3.667861409796893679e-01 3.719357565511411390e-01 4.724409448818897572e-01 3.822815533980582492e-01 3.423180592991914017e-01 2.513790386130811405e-01 3.468286099865047212e-01 3.035714285714285476e-01 4.637681159420289911e-01 3.397027600849256701e-01 2.240343347639484894e-01 2.968750000000000000e-01 3.137254901960784270e-01 2.656250000000000000e-01 0.000000000000000000e+00 4.337606837606837740e-01 9.375000000000000000e-02 2.921174652241113057e-01 4.444444444444444198e-01 4.280420012353304271e-01 2.701458173445894229e-01 3.306666666666666643e-01 3.103207810320781079e-01 2.457695406929895354e-01 3.203497615262321241e-01 3.089753772835583945e-01 3.432147562582344991e-01 3.561004086398131818e-01 3.757062146892655163e-01 3.780111179740580640e-01 2.450819672131147597e-01 2.882818116462976255e-01 3.267716535433070613e-01 3.911205073995771553e-01 3.303341902313624567e-01 3.556731334509112274e-01 3.108695652173912860e-01 2.426532325776658283e-01 3.755980861244019309e-01 3.274674827850038161e-01
3.571428571428571508e-01 4.071729957805907407e-01 1.875000000000000000e-01 4.476386036960985360e-01 4.499017681728880169e-01 4.486921529175050272e-01 4.477611940298507620e-01 4.352078239608802024e-01 4.324324324324324564e-01 4.472656250000000000e-01 4.512922465208747402e-01 4.261241970021413250e-01 3.854447439353099747e-01 4.465408805031446660e-01 4.156118143459915371e-01 4.431137724550898160e-01 4.520000000000000129e-01 4.529058116232465014e-01 4.472656250000000000e-01 4.309278350515464151e-01 4.479371316306483553e-01 4.354838709677419373e-01 4.525252525252525526e-01 4.525252525252525526e-01 4.558232931726907688e-01 4.442231075697211096e-01 4.507874015748031260e-01 3.918918918918918859e-01 4.473118279569892608e-01 4.499017681728880169e-01 4.388777555110220385e-01 4.431372549019607643e-01 4.481409001956946914e-01 4.547283702213279488e-01 4.248927038626609254e-01 4.472656250000000000e-01 4.499017681728880169e-01 4.479371316306483553e-01 4.309278350515464151e-01 4.499017681728880169e-01 3.482849604221636142e-01 2.772585669781931217e-01 4.530938123752494828e-01 4.267782426778242710e-01 4.448818897637795144e-01 3.920704845814977912e-01 2.955974842767295496e-01 4.501061571125265504e-01 4.495967741935483764e-01 3.249299719887955296e-01 3.955555555555555491e-01 3.777777777777777679e-01 4.453125000000000000e-01 4.509394572025052228e-01 4.395161290322580627e-01 4.120267260579064672e-01 4.453125000000000000e-01 3.553299492385786906e-01 2.843137254901960675e-01 4.479371316306483553e-01 3.802197802197802012e-01 4.424603174603174427e-01 3.781512605042016695e-01 4.507042253521126862e-01 4.338842975206611552e-01 4.294354838709677491e-01 3.352769679300291461e-01 4.472656250000000000e-01 4.635193133047210146e-01 3.466334164588528721e-01 3.404825737265415597e-01 4.543650793650793607e-01 4.477911646586345551e-01 4.368737474949899724e-01 4.347826086956521618e-01 3.267813267813267641e-01 3.935185185185185452e-01 4.349680170575693228e-01 4.071428571428571397e-01 4.146919431279620927e-01 4.328063241106719361e-01 4.231578947368421217e-01 4.530938123752494828e-01 4.407484407484407729e-01 3.279569892473118142e-01 4.343434343434343647e-01 3.823529411764705621e-01 2.772277227722772519e-01 4.421487603305785385e-01 2.656250000000000000e-01 4.337606837606837740e-01 0.000000000000000000e+00 9.375000000000000000e-02 4.405010438413360929e-01 3.190883190883190834e-01 4.461839530332680770e-01 4.342379958246346816e-01 3.909574468085106336e-01 4.462474645030425902e-01 4.365256124721603737e-01 4.111570247933884481e-01 4.470338983050847204e-01 4.484126984126984294e-01 4.488188976377952555e-01 4.305555555555555802e-01 4.479371316306483553e-01 4.320712694877505422e-01 4.432989690721649279e-01 3.282828282828282873e-01 3.204747774480712352e-01 4.601063829787234161e-01 4.490196078431372695e-01 2.540192926045016231e-01 3.991228070175438791e-01 4.479371316306483553e-01 4.543568464730290413e-01
9.375000000000000000e-02 9.375000000000000000e-02 1.250000000000000000e-01 9.375000000000000000e-02 9.375000000000000000e-02 9.375000000000000000e-02 9.375000000000000000e-02 9.375000000000000000e-02 9.375000000000000000e-02 9.375000000000000000e-02 9.375000000000000000e-02 9.375000000000000000e-02 9.375000000000000000e-02 9.375000000000000000e-02 9.375000000000000000e-02 9.375000000000000000e-02 9.375000000000000000e-02 9.375000000000000000e-02 9.375000000000000000e-02 9.375000000000000000e-02 9.375000000000000000e-02 9.375000000000000000e-02 9.375000000000000000e-02 9.375000000000000000e-02 9.375000000000000000e-02 9.375000000000000000e-02 9.375000000000000000e-02 9.375000000000000000e-02 9.375000000000000000e-02 9.375000000000000000e-02 9.375000000000000000e-02 9.375000000000000000e-02 9.375000000000000000e-02 9.375000000000000000e-02 9.375000000000000000e-02 9.375000000000000000e-02 9.375000000000000000e-02 9.375000000000000000e-02 9.375000000000000000e-02 9.375000000000000000e-02 9.375000000000000000e-02 8.064516129032257841e-02 9.375000000000000000e-02 9.375000000000000000e-02 9.375000000000000000e-02 9.375000000000000000e-02 9.523809523809523281e-02 9.375000000000000000e-02 9.375000000000000000e-02 9.523809523809523281e-02 9.375000000000000000e-02 9.375000000000000000e-02 9.375000000000000000e-02 9.375000000000000000e-02 9.375000000000000000e-02 9.375000000000000000e-02 9.375000000000000000e-02 9.375000000000000000e-02 1.090909090909090856e-01 9.375000000000000000e-02 9.375000000000000000e-02 9.375000000000000000e-02 1.219512195121951192e-01 9.375000000000000000e-02 9.375000000000000000e-02 9.375000000000000000e-02 9.523809523809523281e-02 9.375000000000000000e-02 9.375000000000000000e-02 9.375000000000000000e-02 9.375000000000000000e-02 9.375000000000000000e-02 9.375000000000000000e-02 9.375000000000000000e-02 9.375000000000000000e-02 9.375000000000000000e-02 9.375000000000000000e-02 9.375000000000000000e-02 9.375000000000000000e-02 9.523809523809523281e-02 9.375000000000000000e-02 9.375000000000000000e-02 9.375000000000000000e-02 9.375000000000000000e-02 9.375000000000000000e-02 9.375000000000000000e-02 9.375000000000000000e-02 1.153846153846153910e-01 9.375000000000000000e-02 0.000000000000000000e+00 9.375000000000000000e-02 9.375000000000000000e-02 0.000000000000000000e+00 9.375000000000000000e-02 9.677419354838709409e-02 9.375000000000000000e-02 9.375000000000000000e-02 9.375000000000000000e-02 9.375000000000000000e-02 9.375000000000000000e-02 9.375000000000000000e-02 9.375000000000000000e-02 9.375000000000000000e-02 9.375000000000000000e-02 9.375000000000000000e-02 9.375000000000000000e-02 9.375000000000000000e-02 9.375000000000000000e-02 9.803921568627450844e-02 9.677419354838709409e-02 9.375000000000000000e-02 9.375000000000000000e-02 9.836065573770491621e-02 9.375000000000000000e-02 9.375000000000000000e-02 9.375000000000000000e-02
3.304773561811505389e-01 2.527798369162342351e-01 1.875000000000000000e-01 3.129824561403508620e-01 3.984560570071258856e-01 3.376358695652174058e-01 2.706766917293232932e-01 3.863354037267080487e-01 3.015753938484621033e-01 4.195725534308211713e-01 3.368162261831592064e-01 2.588512981904012578e-01 2.878980891719745139e-01 3.025089605734767040e-01 2.903726708074534368e-01 3.055198973042361765e-01 3.552631578947368363e-01 3.288043478260869734e-01 4.208144796380090535e-01 2.919438285291943713e-01 3.766788766788766729e-01 3.311735061195104635e-01 4.082633053221288444e-01 4.082344731332868126e-01 4.103092783505154495e-01 3.348475016223231848e-01 3.847539015606242230e-01 4.612590799031476840e-01 2.798199549887471771e-01 3.984560570071258856e-01 2.914438502673796783e-01 3.416666666666666741e-01 3.713817586018569039e-01 3.626081170991350411e-01 2.634069400630915103e-01 4.214751630707476160e-01 3.986849970113568453e-01 3.610771113831089396e-01 2.705882352941176294e-01 3.986849970113568453e-01 2.964376590330788930e-01 3.402922755741127347e-01 3.721083939193655099e-01 2.870159453302961183e-01 3.817610062893082024e-01 2.757475083056478149e-01 3.673036093418258763e-01 3.269525267993874662e-01 3.411528150134048309e-01 4.536082474226804107e-01 2.330888345558272123e-01 3.433208489388264728e-01 3.891402714932126750e-01 3.045032165832737836e-01 3.600837404047452783e-01 2.610878661087865926e-01 3.976705490848585489e-01 3.312020460358056084e-01 3.125000000000000000e-01 3.834319526627218977e-01 2.603305785123967153e-01 3.630912724850099971e-01 4.062500000000000000e-01 3.234519104084321306e-01 3.094170403587443996e-01 3.269230769230769273e-01 4.405010438413360929e-01 4.076086956521738913e-01 2.723342939481268044e-01 3.207547169811320598e-01 3.432432432432432345e-01 3.727215587680703934e-01 3.324641460234680768e-01 3.255813953488372325e-01 3.284864507600793182e-01 3.837209302325581550e-01 4.440344403444034249e-01 2.666163141993957431e-01 4.204685573366214735e-01 4.343558282208588861e-01 3.346379647749510577e-01 2.888540031397174301e-01 3.603185136031851199e-01 3.168693009118541126e-01 4.969072164948453718e-01 3.182125930941097081e-01 2.510566356720203007e-01 3.070866141732283561e-01 3.274205469327420293e-01 2.656250000000000000e-01 2.921174652241113057e-01 4.405010438413360929e-01 9.375000000000000000e-02 0.000000000000000000e+00 4.724576271186440857e-01 4.049881235154394465e-01 2.715773809523809312e-01 3.298835705045278233e-01 4.522915101427498197e-01 2.490241998438719739e-01 3.753007217321571720e-01 2.749063670411985294e-01 3.399487836107554228e-01 3.771726535341830555e-01 3.337774816788807719e-01 3.756773028296206962e-01 2.882882882882882858e-01 3.328519855595667987e-01 3.267716535433070613e-01 4.222689075630252087e-01 3.618925831202046139e-01 4.081145584725536790e-01 3.234042553191489588e-01 3.055319148936170293e-01 3.717948717948718063e-01 3.144746509919176813e-01
3.594132029339853207e-01 4.088050314465409008e-01 1.935483870967741882e-01 4.430894308943089666e-01 4.568627450980392024e-01 4.616935483870967527e-01 4.190871369294605908e-01 3.929411764705882382e-01 4.488517745302714190e-01 4.570312500000000000e-01 4.583333333333333148e-01 4.307036247334754542e-01 3.445595854922279822e-01 4.509394572025052228e-01 4.444444444444444198e-01 4.530938123752494828e-01 4.503968253968254065e-01 4.455445544554455517e-01 4.570312500000000000e-01 4.472049689440993903e-01 4.549019607843137192e-01 4.602851323828920371e-01 4.655870445344129638e-01 4.655870445344129638e-01 4.658634538152610638e-01 4.398422090729783296e-01 4.520547945205479201e-01 4.031531531531531432e-01 4.456289978678038555e-01 4.568627450980392024e-01 4.488977955911823692e-01 4.586614173228346636e-01 4.579256360078277632e-01 4.473161033797216635e-01 4.387096774193548487e-01 4.570312500000000000e-01 4.568627450980392024e-01 4.549019607843137192e-01 4.562499999999999889e-01 4.568627450980392024e-01 3.578947368421052655e-01 2.652439024390244038e-01 4.543650793650793607e-01 4.282744282744282982e-01 4.575936883629191376e-01 4.092920353982301140e-01 2.830769230769230593e-01 4.484210526315789425e-01 4.567404426559356079e-01 3.168044077134986036e-01 4.035476718403547824e-01 3.665048543689320426e-01 4.550781250000000000e-01 4.227642276422764467e-01 4.703476482617586774e-01 4.168514412416851611e-01 4.550781250000000000e-01 3.441396508728179482e-01 2.885572139303482775e-01 4.549019607843137192e-01 4.224719101123595721e-01 4.581673306772908183e-01 3.666666666666666408e-01 4.319526627218934767e-01 4.412371134020618424e-01 4.512195121951219634e-01 3.420289855072463636e-01 4.570312500000000000e-01 4.312500000000000222e-01 3.659147869674185261e-01 3.359788359788359879e-01 4.527559055118109965e-01 4.520000000000000129e-01 4.556451612903225645e-01 4.532803180914513064e-01 3.797468354430380000e-01 4.149184149184149129e-01 4.334038054968287756e-01 3.957845433255269274e-01 3.870967741935483764e-01 4.541832669322709015e-01 4.246861924686192724e-01 4.486166007905138531e-01 4.391752577319587569e-01 3.413978494623655657e-01 4.444444444444444198e-01 3.968253968253968034e-01 2.561576354679803158e-01 4.435318275154004342e-01 2.539682539682539542e-01 4.444444444444444198e-01 3.190883190883190834e-01 9.677419354838709409e-02 4.724576271186440857e-01 0.000000000000000000e+00 4.559686888454011489e-01 4.446764091858037560e-01 3.858267716535432879e-01 4.683026584867075459e-01 4.254385964912280604e-01 4.638297872340425565e-01 4.185567010309278468e-01 4.525691699604743046e-01 4.586614173228346636e-01 4.433399602385685867e-01 4.520547945205479201e-01 4.086956521739130710e-01 4.329268292682926789e-01 3.197969543147208271e-01 3.119533527696792818e-01 3.815461346633416406e-01 4.588235294117646856e-01 2.267080745341615022e-01 4.131868131868131622e-01 4.577603143418467746e-01 4.320486815415821580e-01
3.903688524590163689e-01 3.452655889145496704e-01 1.875000000000000000e-01 4.548088064889919124e-01 5.947816826411075342e-01 4.640852974186307489e-01 3.778829095209935152e-01 4.071065989847715838e-01 3.970588235294117418e-01 6.402280974598237862e-01 5.357337697763229212e-01 3.325401546698393829e-01 3.138461538461538303e-01 4.452941176470588402e-01 3.422740524781340832e-01 4.955257270693512184e-01 5.168539325842697041e-01 4.800456100342075372e-01 7.149925779317169994e-01 4.333733493397358694e-01 5.547798066595058808e-01 4.395604395604395531e-01 4.910011248593925681e-01 4.940978077571669402e-01 5.089686098654708779e-01 5.211505922165821092e-01 5.793140407288317473e-01 4.904137235116044491e-01 3.623693379790940972e-01 5.947816826411075342e-01 4.697142857142856953e-01 5.459401709401708880e-01 6.368831168831168288e-01 5.351227869788691693e-01 3.662400975015234761e-01 7.193069306930692797e-01 5.918803418803418870e-01 5.590636908002177830e-01 3.815635939323220316e-01 5.918803418803418870e-01 3.193449334698055253e-01 3.522504892367905871e-01 4.939493949394939687e-01 3.931980906921240804e-01 5.335135135135135043e-01 3.100541842263696557e-01 3.561643835616438158e-01 3.942420681551116468e-01 4.762437115707098823e-01 4.784313725490196290e-01 2.876794258373205904e-01 3.748723186925433937e-01 6.441848114710567730e-01 4.061608670849971570e-01 4.544943820224718878e-01 3.302354399008674002e-01 6.622830089426617883e-01 3.391215526046986728e-01 3.203125000000000000e-01 5.764955002646903193e-01 3.193174893357708655e-01 4.864416159380188232e-01 4.062500000000000000e-01 4.890387858347386429e-01 4.004683840749414525e-01 4.663625997719498262e-01 4.490196078431372695e-01 6.796671866874675061e-01 3.947826086956521818e-01 3.524590163934426257e-01 3.044375644994840036e-01 5.499451152579583058e-01 5.163841807909604897e-01 4.836711711711711437e-01 5.186246418338108510e-01 3.824742268041236848e-01 4.659898477157360386e-01 4.000000000000000222e-01 4.584615384615384759e-01 4.683673469387755195e-01 4.938820912124582962e-01 3.534994068801898259e-01 5.078475336322869627e-01 3.788495061011040166e-01 5.166340508806261944e-01 4.615819209039547788e-01 2.840702604482132076e-01 3.046875000000000000e-01 4.097222222222222099e-01 2.656250000000000000e-01 4.280420012353304271e-01 4.461839530332680770e-01 9.375000000000000000e-02 4.049881235154394465e-01 4.559686888454011489e-01 0.000000000000000000e+00 3.704784130688448252e-01 3.271983640081799760e-01 4.611016467915957096e-01 3.381123058542413462e-01 4.152644230769230727e-01 3.841607565011820324e-01 5.041276829939460580e-01 6.030818278427204637e-01 5.088520845231296885e-01 5.658458244111349567e-01 3.219832735961768444e-01 4.394904458598726249e-01 3.242187500000000000e-01 4.207436399217220901e-01 3.664278403275332829e-01 5.797788309636651150e-01 3.131115459882582996e-01 3.017964071856287234e-01 6.036422067487948739e-01 4.271445358401880221e-01
3.255528255528255532e-01 2.810107197549770452e-01 1.875000000000000000e-01 2.866065232477446045e-01 3.648569760653823657e-01 3.527373527373527384e-01 3.029595015576324046e-01 3.746898263027295117e-01 3.307513555383423953e-01 3.805066079295154058e-01 3.479075577763897642e-01 8.711583924349881602e-01 2.664141414141414366e-01 4.184397163120567309e-01 2.359128474830954059e-01 3.900758097863542551e-01 3.431952662721893255e-01 3.521617852161785245e-01 4.073146292585170247e-01 2.598253275109170257e-01 3.481927710843373269e-01 3.362509117432531114e-01 2.973324658425504086e-01 2.968243681140634860e-01 3.011508951406649537e-01 3.289902280130292955e-01 3.704368641532016504e-01 4.122497055359246043e-01 3.665048543689320426e-01 3.648569760653823657e-01 3.698140200286123003e-01 3.665241295051924197e-01 3.909648633575014132e-01 3.274509803921568651e-01 2.315462315462315512e-01 4.065934065934065922e-01 3.616647127784290983e-01 3.733665214685749634e-01 2.674074074074074270e-01 3.616647127784290983e-01 2.928388746803068932e-01 3.683083511777301977e-01 3.466317854807063337e-01 3.068535825545171125e-01 3.624999999999999889e-01 2.055555555555555469e-01 3.580508474576271083e-01 2.562225475841873878e-01 4.304253785147800770e-01 4.474226804123711543e-01 2.123176661264181420e-01 2.851985559566787010e-01 3.779661016949152352e-01 2.988505747126437018e-01 3.324137931034482629e-01 2.584459459459459429e-01 3.813465783664459208e-01 3.159235668789808771e-01 3.188976377952755792e-01 3.549328663164039721e-01 2.514522821576763434e-01 3.644922663080026881e-01 4.062500000000000000e-01 3.342263898191560889e-01 2.636562272396212880e-01 3.216011042097998707e-01 4.223602484472049889e-01 3.885590933621154708e-01 3.101123595505618225e-01 3.090452261306532722e-01 3.164218958611482169e-01 3.535290443472829391e-01 3.640646029609690415e-01 3.959068454481298738e-01 3.094612352168199521e-01 3.489847715736040801e-01 3.964071856287424978e-01 2.928348909657320642e-01 3.917274939172749604e-01 4.089805825242718296e-01 3.608316566063045072e-01 2.357414448669201412e-01 3.366206443129520220e-01 3.049429657794676674e-01 4.815573770491803351e-01 3.201094391244870274e-01 1.836569579288026000e-01 2.980392156862745057e-01 3.004385964912280604e-01 2.656250000000000000e-01 2.701458173445894229e-01 4.342379958246346816e-01 9.375000000000000000e-02 2.715773809523809312e-01 4.446764091858037560e-01 3.704784130688448252e-01 0.000000000000000000e+00 3.350785340314136329e-01 3.195592286501377499e-01 2.613545816733067739e-01 2.961832061068702115e-01 3.031709203402939146e-01 3.923541247484909622e-01 3.665315576143601817e-01 3.367003367003367220e-01 3.629807692307692180e-01 2.743652743652743586e-01 2.781271837875611275e-01 3.280632411067193610e-01 4.041666666666666741e-01 3.691709844559585285e-01 3.774250440917107374e-01 3.170212765957446943e-01 2.557947019867549687e-01 3.836589698046181107e-01 3.164933135215453053e-01
2.680067001675041638e-01 2.798982188295165430e-01 1.875000000000000000e-01 3.237063778580023810e-01 3.494845360824742064e-01 3.141242937853107597e-01 3.407894736842105310e-01 3.528399311531841831e-01 3.341902313624678933e-01 3.460764587525150815e-01 3.449023861171366390e-01 3.379888268156424624e-01 2.270270270270270396e-01 3.551637279596977503e-01 2.988357050452781216e-01 3.269447576099210884e-01 3.333333333333333148e-01 3.329506314580941706e-01 3.418217433888344758e-01 3.095238095238095344e-01 3.511205976520810901e-01 3.272283272283272315e-01 3.295711060948081084e-01 3.314543404735061927e-01 3.303769401330376998e-01 3.248053392658509231e-01 3.392484342379958329e-01 2.821637426900585055e-01 2.953367875647668339e-01 3.494845360824742064e-01 3.180252583237657693e-01 3.207150368033648835e-01 3.376884422110552619e-01 3.262569832402234526e-01 2.813333333333333242e-01 3.418217433888344758e-01 3.463917525773195782e-01 3.343881856540084629e-01 3.176020408163265363e-01 3.463917525773195782e-01 2.087719298245614141e-01 3.808139534883721034e-01 3.389074693422519657e-01 3.372549019607843368e-01 3.533260632497273734e-01 2.877492877492877632e-01 3.667621776504297881e-01 3.030303030303030387e-01 3.367697594501718461e-01 3.794871794871794712e-01 2.834757834757834494e-01 2.433333333333333459e-01 3.326653306613226446e-01 3.572327044025156995e-01 3.203661327231121514e-01 3.171806167400881282e-01 3.379860418743768635e-01 2.764811490125673177e-01 2.931034482758620441e-01 3.501048218029350068e-01 3.338257016248153408e-01 3.223684210526315819e-01 3.937007874015748254e-01 3.598130841121495171e-01 3.041871921182265903e-01 3.337264150943396457e-01 3.549222797927460982e-01 3.412462908011869578e-01 3.358585858585858563e-01 2.521739130434782483e-01 2.769230769230769384e-01 3.336909871244635450e-01 3.329621380846325418e-01 3.261363636363636131e-01 3.169642857142856984e-01 3.022847100175746760e-01 2.710843373493975750e-01 3.337837837837837607e-01 2.783825816485225313e-01 3.423999999999999821e-01 3.492605233219567840e-01 2.957559681697612963e-01 3.430821147356580281e-01 4.372413793103448465e-01 3.940149625935162048e-01 3.195402298850574807e-01 2.825443786982248517e-01 3.039647577092510766e-01 3.450439146800501899e-01 2.656250000000000000e-01 3.306666666666666643e-01 3.909574468085106336e-01 9.375000000000000000e-02 3.298835705045278233e-01 3.858267716535432879e-01 3.271983640081799760e-01 3.350785340314136329e-01 0.000000000000000000e+00 3.472057074910820385e-01 3.081155433287482981e-01 3.637566137566137781e-01 3.420365535248041655e-01 3.422519509476031341e-01 3.443640124095139754e-01 3.310502283105022925e-01 3.347280334728033324e-01 3.357452966714906117e-01 3.164251207729468773e-01 3.437500000000000000e-01 3.456464379947229437e-01 3.387978142076502608e-01 3.520249221183800459e-01 3.074712643678160773e-01 3.513513513513513709e-01 3.312757201646090444e-01 3.518284993694829610e-01
3.654066437571591996e-01 2.895989123045547009e-01 1.875000000000000000e-01 3.432449903038138350e-01 4.598290598290598052e-01 3.780873970867637546e-01 3.046767537826685079e-01 4.002293577981651529e-01 3.476752255378209311e-01 4.858541893362350317e-01 4.119739181979845677e-01 2.962697274031563799e-01 2.931633835457705950e-01 3.611297915265635483e-01 3.015320334261838431e-01 3.723208818126148012e-01 3.950769230769231033e-01 3.715916296766011429e-01 5.180180180180180560e-01 3.147276395427034412e-01 4.414519906323184917e-01 3.798657718120805327e-01 4.082539682539682580e-01 4.109067850348763207e-01 4.180790960451977178e-01 3.940886699507389346e-01 4.658892128279883416e-01 4.610244988864142801e-01 3.138736263736263687e-01 4.598290598290598052e-01 3.615531508593252674e-01 4.299825682742591249e-01 4.558114622388859116e-01 4.182389937106918421e-01 2.848011363636363535e-01 5.207603801900950735e-01 4.579278763594734070e-01 4.342182890855457167e-01 3.217213114754098324e-01 4.579278763594734070e-01 2.949308755760368661e-01 3.599182004089979681e-01 4.197761194029850929e-01 3.199167244968771917e-01 4.473208910295002894e-01 2.704081632653061451e-01 3.724279835390946758e-01 3.710247349823321827e-01 3.939393939393939226e-01 4.707070707070706850e-01 2.472806381435823098e-01 3.653179190751444927e-01 4.720840243228303090e-01 3.519627411842980447e-01 4.174884944115713203e-01 2.791044776119402937e-01 4.820652173913043681e-01 3.294663573085847008e-01 3.203125000000000000e-01 4.601262191623637365e-01 3.131159969673995569e-01 4.152010050251256357e-01 4.062500000000000000e-01 3.798256537982565573e-01 3.191919191919191934e-01 3.685220729366602832e-01 4.404040404040404089e-01 4.909381663113006611e-01 3.295148247978436640e-01 3.508771929824561209e-01 3.272946859903381744e-01 4.343131373725254707e-01 3.742368742368742396e-01 3.805642633228840110e-01 3.813084112149532912e-01 3.579676674364896116e-01 4.419391206313416087e-01 3.128919860627177862e-01 4.235560588901472467e-01 4.363021420518601867e-01 3.915997529339098060e-01 3.030303030303030387e-01 3.983890954151177444e-01 3.305898491083676394e-01 5.070422535211267512e-01 3.564231738035264496e-01 2.627245508982035682e-01 3.046875000000000000e-01 3.719178082191780810e-01 2.656250000000000000e-01 3.103207810320781079e-01 4.462474645030425902e-01 9.375000000000000000e-02 4.522915101427498197e-01 4.683026584867075459e-01 4.611016467915957096e-01 3.195592286501377499e-01 3.472057074910820385e-01 0.000000000000000000e+00 2.870370370370370350e-01 3.897324656543745269e-01 3.075342465753424515e-01 3.880506940253470316e-01 4.565952649379932393e-01 3.729024238657551171e-01 4.256292906178489877e-01 2.917271407837445651e-01 3.677548301132578246e-01 3.242187500000000000e-01 4.141414141414141437e-01 3.668224299065420690e-01 4.744399770246984227e-01 3.244353182751539832e-01 3.149546827794562076e-01 4.600912200684150744e-01 3.578231292517006779e-01
3.082901554404144928e-01 2.353870458135861043e-01 1.875000000000000000e-01 2.793255131964809124e-01 3.236342042755344650e-01 2.933333333333333348e-01 2.725793327908869190e-01 3.423772609819121238e-01 2.649371069182390181e-01 3.337041156840934164e-01 5.617378048780488076e-01 2.534013605442176909e-01 2.724795640326975743e-01 2.810606060606060663e-01 2.258579409417398320e-01 3.006134969325153228e-01 3.228454172366621022e-01 2.969525159461374741e-01 3.581488933601609803e-01 2.602952602952602890e-01 3.248288736776602237e-01 2.521802325581395388e-01 2.745098039215686514e-01 2.766531713900134970e-01 2.797342192691029683e-01 3.198906356801093920e-01 3.067705212702216966e-01 3.696969696969696906e-01 2.490118577075098871e-01 3.236342042755344650e-01 2.718309859154929842e-01 3.225605966438782057e-01 3.264738598442714079e-01 3.137388926862610949e-01 2.320534223706176846e-01 3.562124248496993939e-01 3.241626794258373190e-01 3.178391959798995137e-01 2.644041041831097227e-01 3.241626794258373190e-01 2.509960159362549792e-01 3.207964601769911495e-01 3.113651647612643014e-01 2.472178060413354472e-01 3.107594936708860667e-01 2.061591103507271205e-01 3.252212389380531032e-01 2.428460943542150030e-01 2.948895027624309217e-01 4.254859611231101568e-01 1.987899740708729546e-01 2.940414507772020625e-01 3.429394812680115479e-01 2.851739788199697534e-01 2.956645344705046141e-01 2.319357716324710050e-01 3.472144063027574612e-01 3.027027027027027195e-01 3.188976377952755792e-01 3.293269230769230727e-01 1.886151231945624451e-01 2.834224598930481509e-01 4.062500000000000000e-01 3.411680911680911588e-01 2.421695951107715739e-01 2.844950213371266190e-01 4.238410596026490063e-01 3.486590038314176243e-01 8.161683277962348271e-01 2.652795838751625390e-01 2.630853994490358061e-01 3.108280254777069929e-01 2.803738317757009102e-01 2.979166666666666630e-01 2.860068259385665779e-01 3.061760840998685729e-01 3.543209876543209624e-01 2.437850842020850006e-01 3.454317897371714796e-01 3.649999999999999911e-01 3.123718386876281339e-01 2.285251215559157278e-01 3.205216197666437838e-01 2.584181675802662559e-01 4.772234273318872178e-01 3.148014440433212768e-01 1.982300884955752185e-01 3.083003952569169925e-01 2.407132243684992623e-01 2.656250000000000000e-01 2.457695406929895354e-01 4.365256124721603737e-01 9.375000000000000000e-02 2.490241998438719739e-01 4.254385964912280604e-01 3.381123058542413462e-01 2.613545816733067739e-01 3.081155433287482981e-01 2.870370370370370350e-01 0.000000000000000000e+00 2.433489827856024912e-01 2.761133603238866141e-01 3.227975790181573656e-01 3.319526627218934989e-01 3.100558659217876878e-01 3.286153846153846425e-01 2.441960447119518596e-01 2.647058823529411797e-01 3.280632411067193610e-01 3.859649122807017330e-01 3.297442799461641760e-01 3.195510927347903207e-01 3.054298642533936903e-01 2.065124250214224466e-01 3.199052132701421525e-01 3.063629222309505185e-01
3.341493268053855603e-01 2.748671222475322917e-01 1.875000000000000000e-01 3.126323218066337506e-01 3.715623171445289752e-01 3.292600135777324910e-01 2.797256097560975596e-01 3.629719853836784194e-01 3.628458498023715562e-01 3.876311430149088633e-01 3.499688084840923419e-01 2.866396761133603310e-01 2.596273291925466076e-01 3.417533432392273474e-01 2.488653555219364488e-01 3.379629629629629650e-01 3.623670212765957577e-01 3.124156545209176850e-01 4.152840623428858957e-01 2.904903417533432619e-01 3.624772313296903414e-01 4.030534351145038108e-01 3.413816230717638955e-01 3.415775401069518491e-01 3.436471362738643953e-01 3.390052356020942237e-01 3.798076923076922906e-01 4.069767441860465129e-01 3.018433179723502557e-01 3.715623171445289752e-01 3.294117647058823484e-01 3.463385354141656491e-01 3.896609227348526994e-01 3.543882978723404409e-01 2.587025316455696111e-01 4.166666666666666852e-01 3.691945914168136555e-01 3.979785217940619013e-01 2.746844840386042930e-01 3.691945914168136555e-01 2.986022871664548717e-01 3.396624472573839815e-01 3.693633952254641861e-01 3.156249999999999889e-01 4.112330535829567535e-01 2.298387096774193450e-01 3.495762711864406902e-01 2.850746268656716431e-01 3.771626297577854725e-01 4.421487603305785385e-01 2.382522671063478925e-01 3.239263803680981768e-01 3.907849829351535687e-01 2.911032028469751065e-01 3.667136812411847524e-01 2.841201716738197547e-01 3.993307306190742034e-01 3.282442748091602969e-01 3.241106719367589095e-01 3.736717827626918620e-01 3.018056749785038573e-01 3.657718120805369399e-01 4.062500000000000000e-01 3.136094674556212936e-01 2.792064658339456495e-01 3.184625943719972541e-01 4.229166666666666630e-01 4.001085776330076116e-01 2.782228696285506397e-01 3.261964735516372782e-01 3.118421052631579204e-01 3.956326268464996909e-01 3.616878767582049625e-01 3.720608575380359717e-01 3.220899470899470929e-01 3.751600512163892343e-01 3.928994082840236435e-01 3.149171270718231774e-01 4.085365853658536328e-01 4.035928143712574911e-01 3.759296822177146669e-01 2.526881720430107503e-01 3.370491803278688470e-01 3.400778210116731648e-01 4.886128364389233925e-01 3.324156916724019251e-01 2.180762852404643515e-01 3.083003952569169925e-01 3.481873111782477492e-01 2.656250000000000000e-01 3.203497615262321241e-01 4.111570247933884481e-01 9.375000000000000000e-02 3.753007217321571720e-01 4.638297872340425565e-01 4.152644230769230727e-01 2.961832061068702115e-01 3.637566137566137781e-01 3.897324656543745269e-01 2.433489827856024912e-01 0.000000000000000000e+00 2.830045523520485773e-01 3.467011642949547334e-01 3.787878787878787845e-01 3.544217687074829870e-01 3.624925104853205515e-01 2.709519934906428063e-01 3.023420865862313511e-01 3.176470588235293935e-01 4.046121593291404639e-01 3.350000000000000200e-01 3.570190641247833474e-01 3.057324840764331086e-01 2.545304777594727952e-01 3.645894001164822207e-01 3.740340030911901148e-01
3.304773561811505389e-01 2.564102564102563875e-01 1.875000000000000000e-01 3.155270655270655533e-01 3.719835197174808927e-01 3.413793103448276023e-01 9.856972586412395820e-01 3.609756097560975485e-01 3.212355212355212375e-01 3.789299503585217832e-01 3.726866624122527338e-01 2.865306122448979531e-01 2.878980891719745139e-01 3.707951070336391597e-01 2.456273764258555259e-01 3.636363636363636465e-01 3.878663940013633016e-01 5.694557270511778624e-01 4.059207225288509746e-01 2.884902840059790918e-01 3.578819233110164255e-01 3.063707945597709537e-01 3.115511551155115688e-01 3.153034300791556777e-01 3.185955786736020534e-01 3.535286284953395586e-01 3.540925266903914848e-01 3.921568627450980338e-01 2.928516525749423338e-01 3.719835197174808927e-01 3.531914893617021378e-01 3.605857230018303938e-01 4.179019384264538450e-01 3.796864349011588313e-01 2.386185243328100558e-01 4.052026013006503335e-01 3.696037847427557921e-01 3.546798029556650356e-01 2.792792792792792578e-01 3.696037847427557921e-01 2.833753148614609474e-01 3.568376068376068466e-01 3.874239350912778712e-01 3.075117370892018753e-01 3.538940809968847412e-01 2.272727272727272652e-01 3.495762711864406902e-01 2.706319702602230648e-01 3.232931726907630754e-01 4.421487603305785385e-01 2.275350370981038817e-01 3.234932349323493272e-01 3.889206167904054601e-01 3.232916972814107170e-01 3.033175355450237198e-01 2.675213675213675146e-01 3.897550111358574765e-01 3.193916349809886035e-01 3.201581027667984025e-01 3.619776339022954814e-01 2.253061224489796011e-01 3.293885601577909439e-01 4.062500000000000000e-01 3.813500347947111901e-01 2.603938730853391781e-01 4.185873605947955656e-01 4.229166666666666630e-01 3.976034858387799686e-01 3.117469879518072196e-01 3.207547169811320598e-01 2.976501305483028603e-01 3.731722822631913794e-01 3.797814207650273000e-01 3.565037852718513367e-01 3.284280936454849753e-01 3.370786516853932491e-01 3.811764705882352833e-01 2.853810264385692186e-01 4.508816120906801173e-01 3.900118906064209412e-01 3.373015873015873245e-01 2.571872571872572122e-01 5.668986852281515665e-01 3.065749235474006240e-01 4.979166666666666741e-01 3.599717114568599663e-01 2.043010752688172171e-01 2.992125984251968740e-01 2.729885057471264642e-01 2.656250000000000000e-01 3.089753772835583945e-01 4.470338983050847204e-01 9.375000000000000000e-02 2.749063670411985294e-01 4.185567010309278468e-01 3.841607565011820324e-01 3.031709203402939146e-01 3.420365535248041655e-01 3.075342465753424515e-01 2.761133603238866141e-01 2.830045523520485773e-01 0.000000000000000000e+00 3.674818241903503035e-01 3.624782860451650213e-01 3.455782312925170241e-01 3.913846153846153864e-01 2.583265637692932493e-01 2.949538024164889971e-01 3.241106719367589095e-01 4.046121593291404639e-01 3.481012658227848333e-01 3.692848769050410263e-01 3.141025641025640969e-01 2.417763157894736725e-01 3.562281722933643979e-01 3.211077844311377438e-01
3.624595469255663671e-01 3.305304010349288668e-01 1.875000000000000000e-01 3.840445269016697361e-01 5.022075055187638082e-01 4.384236453201970640e-01 3.640583554376657927e-01 4.182217343578485402e-01 3.892927957699933716e-01 5.288207297726070788e-01 4.659746251441753140e-01 3.593642017968209923e-01 3.001095290251916681e-01 4.035989717223650297e-01 2.989756722151088453e-01 4.472573839662447037e-01 4.862216778934476680e-01 4.321824907521578107e-01 5.909317389138016852e-01 3.488520408163265363e-01 4.813559322033898469e-01 3.981072555205047436e-01 3.955399061032863761e-01 3.971880492091388604e-01 4.063953488372092915e-01 4.602409638554216809e-01 4.765323025952512559e-01 4.665959703075291398e-01 3.469785575048732751e-01 5.022075055187638082e-01 4.043982895540623179e-01 4.908987485779294779e-01 5.259809119830328727e-01 4.273049645390070705e-01 2.971014492753623060e-01 5.904572564612325936e-01 4.972345132743362650e-01 4.839633447880870576e-01 3.481338481338481228e-01 4.972345132743362650e-01 3.160792951541850360e-01 3.478260869565217295e-01 4.404481132075471761e-01 3.201024327784890988e-01 4.744105807935595220e-01 2.527978933508887582e-01 3.544554455445544372e-01 3.341804320203303758e-01 4.509803921568627527e-01 4.636542239685658151e-01 2.694125590817015303e-01 3.476856835306781357e-01 5.284244721169464309e-01 3.838383838383838120e-01 4.305126621371216933e-01 2.897453544390915514e-01 5.389125799573560860e-01 3.329682365826944213e-01 3.203125000000000000e-01 5.002773155851358844e-01 2.809749492213947097e-01 4.492492492492492495e-01 4.062500000000000000e-01 4.470158343483556784e-01 3.310301507537688481e-01 4.165126309303758267e-01 4.484126984126984294e-01 5.554971067859021394e-01 3.779069767441860517e-01 3.398907103825136722e-01 3.160854893138357880e-01 5.157456922162804158e-01 4.480480480480480421e-01 4.526445264452644279e-01 4.242061114439784064e-01 3.779005524861878684e-01 4.423076923076922906e-01 3.447368421052631748e-01 4.561403508771929571e-01 4.587852494577006612e-01 4.492492492492492495e-01 2.952933591231463595e-01 4.525240384615384359e-01 3.513513513513513709e-01 5.108481262327416728e-01 4.381603480422622821e-01 2.429340511440107597e-01 3.046875000000000000e-01 3.681214421252371749e-01 2.656250000000000000e-01 3.432147562582344991e-01 4.484126984126984294e-01 9.375000000000000000e-02 3.399487836107554228e-01 4.525691699604743046e-01 5.041276829939460580e-01 3.923541247484909622e-01 3.422519509476031341e-01 3.880506940253470316e-01 3.227975790181573656e-01 3.467011642949547334e-01 3.674818241903503035e-01 0.000000000000000000e+00 4.896851248642779542e-01 4.305555555555555802e-01 5.016987542468855921e-01 2.941961307538358827e-01 3.660493827160493652e-01 3.242187500000000000e-01 4.226190476190476164e-01 3.727876106194690231e-01 5.016519823788546661e-01 3.134920634920634885e-01 2.809973045822102278e-01 5.184151785714286031e-01 3.654211526282457045e-01
3.952772073921971274e-01 3.626309662398137235e-01 1.875000000000000000e-01 4.297052154195011298e-01 5.972369819341126762e-01 4.686098654708520383e-01 3.555298204979733812e-01 4.148827726809378169e-01 3.704767375071797986e-01 6.307139188495121118e-01 5.218093699515347073e-01 3.248969982342554408e-01 3.132036847492323250e-01 4.046670461013090470e-01 3.369942196531792167e-01 4.991624790619765273e-01 4.822307271733187739e-01 4.451219512195122019e-01 7.153428712382832177e-01 3.732112192329707923e-01 5.742145178764896940e-01 4.092446448703495054e-01 4.723451327433628166e-01 4.745856353591160204e-01 4.876169510181618261e-01 5.077951002227171218e-01 5.717321997874601491e-01 4.894259818731117595e-01 3.647944412275622716e-01 5.972369819341126762e-01 4.684479818078453595e-01 5.534759358288769970e-01 6.265432098765432167e-01 4.837822979659153200e-01 3.260741612713360937e-01 7.154111275233875356e-01 5.935002663825252878e-01 5.366114377338321306e-01 3.672413793103448398e-01 5.935002663825252878e-01 3.281893004115226109e-01 3.516699410609037124e-01 4.836779107725788784e-01 3.615786419036564059e-01 5.386277687736358288e-01 3.072325164375373507e-01 3.529411764705882582e-01 3.669724770642202039e-01 4.668141592920354022e-01 4.725490196078431238e-01 2.919402985074626700e-01 3.811475409836065364e-01 6.040268456375839090e-01 4.108262108262108470e-01 4.492753623188405765e-01 2.845238095238095122e-01 6.294964028776978138e-01 3.550051599587203399e-01 3.203125000000000000e-01 5.975414216996258743e-01 3.069069069069069178e-01 4.562634989200863855e-01 4.062500000000000000e-01 4.802448525319977790e-01 3.874133949191685966e-01 4.486819966348850053e-01 4.488188976377952555e-01 6.426761277242777348e-01 3.898792409430707484e-01 3.489795918367347149e-01 3.065015479876160853e-01 5.441176470588234837e-01 4.939024390243902385e-01 4.634955752212389646e-01 4.669239250275634134e-01 3.845360824742268258e-01 4.620829120323559080e-01 3.645955451348182885e-01 4.530612244897959107e-01 4.734151329243354023e-01 4.875896304467732811e-01 3.425058548009367598e-01 4.751501911523757782e-01 3.852411388727484121e-01 5.166994106090373462e-01 4.465478841870824112e-01 2.775779376498800910e-01 3.046875000000000000e-01 4.063218390804597679e-01 2.656250000000000000e-01 3.561004086398131818e-01 4.488188976377952555e-01 9.375000000000000000e-02 3.771726535341830555e-01 4.586614173228346636e-01 6.030818278427204637e-01 3.665315576143601817e-01 3.443640124095139754e-01 4.565952649379932393e-01 3.319526627218934989e-01 3.787878787878787845e-01 3.624782860451650213e-01 4.896851248642779542e-01 0.000000000000000000e+00 4.929656724817107483e-01 5.550847457627118287e-01 3.269689737470167223e-01 4.187500000000000111e-01 3.242187500000000000e-01 4.176470588235294268e-01 3.684749232343910164e-01 5.872430152872957221e-01 3.123772102161100350e-01 3.044776119402984871e-01 5.907887771307570590e-01 4.006888633754305262e-01
3.476347634763476413e-01 3.456536618754277868e-01 1.875000000000000000e-01 3.597213426219125765e-01 4.764309764309764272e-01 4.146187775677378506e-01 3.438140806561859053e-01 4.074074074074073848e-01 3.597025016903312999e-01 5.021459227467811592e-01 4.528749259039715480e-01 3.155680224403927259e-01 2.983050847457627275e-01 4.238095238095238027e-01 2.989276139410187438e-01 4.922480620155038622e-01 4.784810126582278444e-01 4.064272211720226791e-01 5.486769845232152276e-01 3.333333333333333148e-01 4.571099597006332838e-01 3.925294888597640752e-01 3.979217603911980317e-01 3.979280926264472940e-01 4.057971014492753881e-01 4.793912492073557630e-01 4.511235955056179803e-01 4.651416122004357057e-01 3.310946944257890934e-01 4.764309764309764272e-01 4.393741851368970219e-01 4.726426076833527556e-01 5.097508125677139290e-01 4.534083802376485117e-01 2.907216494845361043e-01 5.490782262082710696e-01 4.738028169014084634e-01 4.740566037735848837e-01 3.540540540540540460e-01 4.738028169014084634e-01 3.014623172103487181e-01 3.514056224899598235e-01 4.050179211469533969e-01 3.444747612551159466e-01 4.581367924528301772e-01 2.644801116538729735e-01 3.554216867469879304e-01 3.003236245954692407e-01 3.935128518971848233e-01 4.603174603174602919e-01 2.572030920590301917e-01 3.579418344519015860e-01 5.135734072022161145e-01 3.642857142857142683e-01 3.914946841776110187e-01 3.139277818717760016e-01 5.278688524590163800e-01 3.474285714285714199e-01 3.203125000000000000e-01 4.693648116919617586e-01 3.069666182873729832e-01 4.081261370527592414e-01 4.062500000000000000e-01 4.600638977635782556e-01 3.333333333333333148e-01 4.019047619047619313e-01 4.362549800796812760e-01 5.293489861259338403e-01 3.604263824117255322e-01 3.561643835616438158e-01 2.790960451977401169e-01 4.530419373892498602e-01 4.409937888198757761e-01 4.211514392991239086e-01 4.041769041769041615e-01 3.493303571428571508e-01 4.354485776805251396e-01 3.534303534303534500e-01 4.510686164229471551e-01 4.252998909487459289e-01 4.141291108404384635e-01 2.950708980418635941e-01 4.243723208818125925e-01 3.393333333333333202e-01 4.930966469428008092e-01 4.510443864229765065e-01 2.480454868514569977e-01 3.046875000000000000e-01 3.524804177545691752e-01 2.656250000000000000e-01 3.757062146892655163e-01 4.305555555555555802e-01 9.375000000000000000e-02 3.337774816788807719e-01 4.433399602385685867e-01 5.088520845231296885e-01 3.367003367003367220e-01 3.310502283105022925e-01 3.729024238657551171e-01 3.100558659217876878e-01 3.544217687074829870e-01 3.455782312925170241e-01 4.305555555555555802e-01 4.929656724817107483e-01 0.000000000000000000e+00 4.846376811594202971e-01 2.921034241788958985e-01 3.473015873015872779e-01 3.242187500000000000e-01 4.188376753507013772e-01 3.608597285067873250e-01 4.628190899001110026e-01 3.112449799196786993e-01 2.595685455810716746e-01 4.960182025028441188e-01 3.585526315789473450e-01
3.906250000000000000e-01 3.572721786360893437e-01 1.875000000000000000e-01 4.103308183401044862e-01 5.599571734475374818e-01 4.553828439838802367e-01 3.865598027127003511e-01 4.090909090909091161e-01 3.936816524908869908e-01 5.965820818228897426e-01 5.197331851028349492e-01 3.269821757836509080e-01 3.114583333333333370e-01 4.356495468277945537e-01 3.307369682444577519e-01 4.876649454962708186e-01 5.147484094852515790e-01 4.605110336817653804e-01 6.765725606736008313e-01 3.667061611374407559e-01 5.393873085339168094e-01 4.384707287933094499e-01 4.552661381653453909e-01 4.592298980747451798e-01 4.668539325842696597e-01 4.914481185860889445e-01 5.433494884221863330e-01 4.907786885245901676e-01 3.490172721858249005e-01 5.599571734475374818e-01 4.373918061165608662e-01 5.481563015960374541e-01 6.098584163607760900e-01 4.956970740103270323e-01 3.144768856447688332e-01 6.792079207920792561e-01 5.527584359935725500e-01 5.232621784345922178e-01 3.810386473429951959e-01 5.527584359935725500e-01 3.322818086225026168e-01 3.509803921568627194e-01 4.903846153846153633e-01 3.578313253012048167e-01 5.159515951595159411e-01 2.996277915632754585e-01 3.575638506876228084e-01 3.586247777119146440e-01 4.471452798191068445e-01 4.745098039215686070e-01 2.917705735660847677e-01 3.734439834024896321e-01 6.157556270096462558e-01 4.040047114252061089e-01 4.513888888888888951e-01 3.134138588684043381e-01 6.273784355179704564e-01 3.371369294605809364e-01 3.203125000000000000e-01 5.583647122108660321e-01 2.880098887515450956e-01 4.659538548114799950e-01 4.062500000000000000e-01 4.982497082847140990e-01 3.747769185008923420e-01 4.516317016317016320e-01 4.479371316306483553e-01 6.443864229765012830e-01 3.880597014925373234e-01 3.577405857740585948e-01 2.924037460978147762e-01 5.154696132596685576e-01 4.664788732394365978e-01 4.745958429561201175e-01 4.696796338672769022e-01 3.682572614107884057e-01 4.599589322381930079e-01 4.036409290646578718e-01 4.462809917355372025e-01 4.729729729729729715e-01 4.643057897695334613e-01 3.371810449574726420e-01 4.908571428571428807e-01 3.626634958382877749e-01 5.127201565557729657e-01 4.802126402835203978e-01 2.823899371069182318e-01 3.046875000000000000e-01 3.828537874339401070e-01 2.656250000000000000e-01 3.780111179740580640e-01 4.479371316306483553e-01 9.375000000000000000e-02 3.756773028296206962e-01 4.520547945205479201e-01 5.658458244111349567e-01 3.629807692307692180e-01 3.347280334728033324e-01 4.256292906178489877e-01 3.286153846153846425e-01 3.624925104853205515e-01 3.913846153846153864e-01 5.016987542468855921e-01 5.550847457627118287e-01 4.846376811594202971e-01 0.000000000000000000e+00 3.176761433868974249e-01 3.982558139534883579e-01 3.242187500000000000e-01 4.223968565815324205e-01 3.719958202716823203e-01 5.710441334768567856e-01 3.117647058823529438e-01 2.975821450712957117e-01 5.780065005417117652e-01 3.844339622641509413e-01
3.415300546448087338e-01 2.415185783521809348e-01 1.875000000000000000e-01 2.754268745360059500e-01 3.567467652495379116e-01 3.111913357400721836e-01 2.536704730831974008e-01 3.699186991869918839e-01 2.717041800643086868e-01 3.471590909090909172e-01 3.112840466926070082e-01 2.659667541557305115e-01 2.778561354019746243e-01 2.711993888464476754e-01 2.941680960548885282e-01 2.883561643835616528e-01 2.946367956551255718e-01 2.851033499643620961e-01 3.425414364640884113e-01 2.608695652173912971e-01 3.693811074918566528e-01 2.887537993920972768e-01 3.066104078762306728e-01 3.069376313945340051e-01 3.069511355815554010e-01 3.032169746748802353e-01 3.564231738035264496e-01 4.348958333333333148e-01 2.534301856335754444e-01 3.567467652495379116e-01 2.752688172043010750e-01 2.977146386658431343e-01 3.099999999999999978e-01 2.917518745739604569e-01 2.416452442159383041e-01 3.413413413413413644e-01 3.550185873605947728e-01 3.250159948816378486e-01 2.430939226519336915e-01 3.550185873605947728e-01 2.765363128491620248e-01 3.741339491916859106e-01 3.126279863481228882e-01 2.536585365853658569e-01 3.060702875399360923e-01 2.925233644859813187e-01 3.630136986301369939e-01 2.480252764612954075e-01 2.932120363890832748e-01 4.622222222222222010e-01 2.078152753108348239e-01 3.228882833787465878e-01 3.452102803738317793e-01 3.462157809983896772e-01 2.883787661406025937e-01 2.154398563734290784e-01 3.479498861047836122e-01 3.276595744680850797e-01 3.104838709677419373e-01 3.596764156813939128e-01 2.217275155832591216e-01 3.037190082644627975e-01 4.062500000000000000e-01 3.116607773851590157e-01 2.511737089201878104e-01 2.743553008595988607e-01 4.449438202247191221e-01 3.508869179600886956e-01 2.690794649881982914e-01 2.633689839572192493e-01 2.978102189781021703e-01 3.044315992292870865e-01 2.996563573883161413e-01 2.908199018920812895e-01 2.719178082191781032e-01 3.214774281805745648e-01 4.158940397350993634e-01 2.553542009884678943e-01 3.509677419354838568e-01 4.378378378378378621e-01 2.930327868852459217e-01 2.737382378100940983e-01 2.957650273224043946e-01 2.908496732026144005e-01 5.258426966292134574e-01 2.607167955024595751e-01 2.883495145631068124e-01 3.102040816326530615e-01 2.766122766122766086e-01 2.656250000000000000e-01 2.450819672131147597e-01 4.320712694877505422e-01 9.375000000000000000e-02 2.882882882882882858e-01 4.086956521739130710e-01 3.219832735961768444e-01 2.743652743652743586e-01 3.357452966714906117e-01 2.917271407837445651e-01 2.441960447119518596e-01 2.709519934906428063e-01 2.583265637692932493e-01 2.941961307538358827e-01 3.269689737470167223e-01 2.921034241788958985e-01 3.176761433868974249e-01 0.000000000000000000e+00 2.568671121009651337e-01 3.306122448979592066e-01 4.031180400890868598e-01 3.636363636363636465e-01 3.375757575757575846e-01 3.157894736842105088e-01 2.681359044995408891e-01 3.187537447573397520e-01 2.851531814611154569e-01
3.744019138755980691e-01 2.836879432624113684e-01 1.875000000000000000e-01 3.407407407407407329e-01 4.533176746917205180e-01 3.305732484076432942e-01 2.873399715504978413e-01 3.826291079812206841e-01 2.990196078431372473e-01 4.575523704520396695e-01 4.415829145728643046e-01 2.563915266617969313e-01 2.896634615384615641e-01 3.105548037889039326e-01 2.913043478260869401e-01 3.454091193004372173e-01 3.591022443890274363e-01 3.515625000000000000e-01 4.804020100502512380e-01 3.201413427561837222e-01 4.606396063960639387e-01 3.358208955223880854e-01 4.536152796725784198e-01 4.583901773533424207e-01 4.626262626262626076e-01 3.555417185554171633e-01 4.567827130852341044e-01 4.469783352337514115e-01 2.850105559465165306e-01 4.533176746917205180e-01 3.324675324675324672e-01 3.858727378867484181e-01 4.260162601626016343e-01 3.424148606811145412e-01 3.035579106737320010e-01 4.816859006522830056e-01 4.539007092198581450e-01 3.902728351126927842e-01 2.887029288702928631e-01 4.539007092198581450e-01 2.961630695443644989e-01 3.471074380165289353e-01 3.854889589905362568e-01 2.612925642807505389e-01 3.890887290167865942e-01 3.322606596942880297e-01 3.429158110882956634e-01 6.225919439579684633e-01 3.596153846153846145e-01 4.591836734693877653e-01 2.456140350877192846e-01 3.777239709443099280e-01 4.169416941694169543e-01 3.044936284372903867e-01 3.452535760728218661e-01 2.279245283018867807e-01 4.239482200647249344e-01 3.037825059101654790e-01 3.164062500000000000e-01 4.604872251931075300e-01 2.557251908396946383e-01 3.486924034869240407e-01 4.062500000000000000e-01 3.577806122448979331e-01 3.428981348637015758e-01 3.230174081237910944e-01 4.403292181069958788e-01 4.407230196703880720e-01 3.033863165169315979e-01 3.365384615384615641e-01 2.846715328467153139e-01 3.722453841572364586e-01 3.440993788819876054e-01 3.462762571610439322e-01 3.645099295323510624e-01 3.235981308411214896e-01 4.305555555555555802e-01 2.928057553956834314e-01 3.922018348623853012e-01 4.198385236447519930e-01 3.562930494677520321e-01 4.769488683989941413e-01 3.587977457733249609e-01 2.948986722571628194e-01 5.051124744376278564e-01 3.335483870967742015e-01 2.903225806451613100e-01 3.058823529411764941e-01 3.177441540577716772e-01 2.656250000000000000e-01 2.882818116462976255e-01 4.432989690721649279e-01 9.375000000000000000e-02 3.328519855595667987e-01 4.329268292682926789e-01 4.394904458598726249e-01 2.781271837875611275e-01 3.164251207729468773e-01 3.677548301132578246e-01 2.647058823529411797e-01 3.023420865862313511e-01 2.949538024164889971e-01 3.660493827160493652e-01 4.187500000000000111e-01 3.473015873015872779e-01 3.982558139534883579e-01 2.568671121009651337e-01 0.000000000000000000e+00 3.203125000000000000e-01 4.253112033195020625e-01 3.400713436385255917e-01 4.203894616265750339e-01 3.084886128364389135e-01 2.464204973624717354e-01 4.169530355097365582e-01 3.165517241379310343e-01
3.080168776371308148e-01 3.201581027667984025e-01 2.399999999999999911e-01 3.228346456692913202e-01 3.242187500000000000e-01 3.242187500000000000e-01 3.241106719367589095e-01 3.489361702127659615e-01 3.215686274509804154e-01 3.242187500000000000e-01 3.242187500000000000e-01 3.280632411067193610e-01 3.066666666666666430e-01 3.267716535433070613e-01 3.253968253968254065e-01 3.242187500000000000e-01 3.242187500000000000e-01 3.242187500000000000e-01 3.242187500000000000e-01 3.267716535433070613e-01 3.242187500000000000e-01 3.242187500000000000e-01 3.242187500000000000e-01 3.242187500000000000e-01 3.242187500000000000e-01 3.242187500000000000e-01 3.242187500000000000e-01 3.305439330543932797e-01 3.267716535433070613e-01 3.242187500000000000e-01 3.242187500000000000e-01 3.254901960784313819e-01 3.242187500000000000e-01 3.242187500000000000e-01 3.149606299212598381e-01 3.242187500000000000e-01 3.242187500000000000e-01 3.242187500000000000e-01 3.267716535433070613e-01 3.242187500000000000e-01 3.059360730593607136e-01 3.465909090909091161e-01 3.242187500000000000e-01 3.176470588235293935e-01 3.242187500000000000e-01 3.130081300813007950e-01 2.692307692307692180e-01 3.149606299212598381e-01 3.242187500000000000e-01 3.284313725490196068e-01 3.212851405622489942e-01 2.983193277310924318e-01 3.242187500000000000e-01 3.267716535433070613e-01 3.215686274509804154e-01 3.401639344262294973e-01 3.242187500000000000e-01 3.542600896860986781e-01 2.406015037593984829e-01 3.242187500000000000e-01 3.319838056680162186e-01 3.242187500000000000e-01 3.777777777777777679e-01 3.254901960784313819e-01 3.267716535433070613e-01 3.254901960784313819e-01 2.885572139303482775e-01 3.242187500000000000e-01 3.254901960784313819e-01 3.288888888888888973e-01 3.286384976525821844e-01 3.242187500000000000e-01 3.242187500000000000e-01 3.242187500000000000e-01 3.242187500000000000e-01 3.318965517241379559e-01 3.179916317991631769e-01 3.188976377952755792e-01 3.250000000000000111e-01 3.565217391304347783e-01 3.242187500000000000e-01 3.149606299212598381e-01 3.242187500000000000e-01 3.203125000000000000e-01 2.790697674418604612e-01 3.242187500000000000e-01 3.319502074688796545e-01 2.014925373134328346e-01 3.254901960784313819e-01 2.641509433962264120e-01 3.267716535433070613e-01 3.282828282828282873e-01 9.803921568627450844e-02 3.267716535433070613e-01 3.197969543147208271e-01 3.242187500000000000e-01 3.280632411067193610e-01 3.437500000000000000e-01 3.242187500000000000e-01 3.280632411067193610e-01 3.176470588235293935e-01 3.241106719367589095e-01 3.242187500000000000e-01 3.242187500000000000e-01 3.242187500000000000e-01 3.242187500000000000e-01 3.306122448979592066e-01 3.203125000000000000e-01 0.000000000000000000e+00 2.524752475247524774e-01 3.362445414847161640e-01 3.242187500000000000e-01 3.602484472049689579e-01 3.306451612903225645e-01 3.242187500000000000e-01 3.254901960784313819e-01
3.724489795918367596e-01 3.855932203389830781e-01 1.746031746031745935e-01 4.180327868852459217e-01 4.243614931237720822e-01 4.139999999999999791e-01 4.080338266384778145e-01 3.411214953271027861e-01 4.171907756813417190e-01 4.218750000000000000e-01 4.198019801980197863e-01 4.073275862068965747e-01 3.395721925133690089e-01 4.133611691022964774e-01 4.029850746268656692e-01 4.171656686626746269e-01 4.118811881188118584e-01 4.099009900990098765e-01 4.218750000000000000e-01 4.099378881987577605e-01 4.168297455968688614e-01 4.121212121212121104e-01 4.233870967741935609e-01 4.233870967741935609e-01 4.239999999999999880e-01 4.239999999999999880e-01 4.251968503937008093e-01 3.750000000000000000e-01 4.132762312633833091e-01 4.243614931237720822e-01 4.156626506024096446e-01 4.204322200392927034e-01 4.199218750000000000e-01 4.199999999999999845e-01 4.183006535947712545e-01 4.218750000000000000e-01 4.243614931237720822e-01 4.223968565815324205e-01 3.983572895277207593e-01 4.243614931237720822e-01 3.280000000000000138e-01 2.445141065830720994e-01 4.158415841584158223e-01 3.879668049792531215e-01 4.220907297830374660e-01 3.847874720357941647e-01 2.547169811320754707e-01 4.225053078556263442e-01 4.091816367265468934e-01 2.994350282485875869e-01 3.666666666666666408e-01 3.523573200992555776e-01 4.227005870841487045e-01 3.975409836065573743e-01 4.219066937119675398e-01 3.648351648351648158e-01 4.227005870841487045e-01 3.603133159268929742e-01 2.923076923076923239e-01 4.168297455968688614e-01 3.727678571428571508e-01 4.251497005988024158e-01 4.210526315789473450e-01 4.188376753507013772e-01 4.128630705394190636e-01 4.233128834355828207e-01 3.323353293413173759e-01 4.218750000000000000e-01 4.054621848739495826e-01 3.308080808080808288e-01 3.162162162162162060e-01 4.229249011857707519e-01 4.188376753507013772e-01 4.164989939637827043e-01 4.231536926147704825e-01 3.208020050125313105e-01 3.697674418604651181e-01 3.983050847457627053e-01 3.860911270983213295e-01 3.456221198156682051e-01 4.183266932270916505e-01 4.016913319238900604e-01 4.271457085828343492e-01 4.107883817427385731e-01 3.070652173913043237e-01 4.137931034482758563e-01 3.560090702947845687e-01 2.783505154639175361e-01 4.300626304801670186e-01 2.343750000000000000e-01 3.911205073995771553e-01 3.204747774480712352e-01 9.677419354838709409e-02 4.222689075630252087e-01 3.119533527696792818e-01 4.207436399217220901e-01 4.041666666666666741e-01 3.456464379947229437e-01 4.141414141414141437e-01 3.859649122807017330e-01 4.046121593291404639e-01 4.046121593291404639e-01 4.226190476190476164e-01 4.176470588235294268e-01 4.188376753507013772e-01 4.223968565815324205e-01 4.031180400890868598e-01 4.253112033195020625e-01 2.524752475247524774e-01 0.000000000000000000e+00 3.501259445843828977e-01 4.207436399217220901e-01 2.401315789473684181e-01 3.766519823788546106e-01 4.196078431372549100e-01 4.127310061601642821e-01
2.484276729559748431e-01 3.252858958068615136e-01 1.875000000000000000e-01 3.129330254041570170e-01 3.904958677685950175e-01 3.904982618771726810e-01 3.469387755102040782e-01 3.949152542372881269e-01 3.255240443896424418e-01 3.695219123505976144e-01 3.716433941997852042e-01 3.611491108071135381e-01 2.210884353741496555e-01 3.740740740740740589e-01 3.244274809160305195e-01 3.503893214682980983e-01 3.609271523178808061e-01 3.629124004550625671e-01 3.780607247796278214e-01 3.163017031630170339e-01 3.817603393425238467e-01 3.640776699029126262e-01 3.545150501672240662e-01 3.548387096774193727e-01 3.578485181119648861e-01 3.659621802002224755e-01 3.793103448275861878e-01 2.765363128491620248e-01 3.662714097496705956e-01 3.904958677685950175e-01 3.420158550396376063e-01 3.668076109936574958e-01 3.693693693693693714e-01 3.645484949832775712e-01 3.011734028683181186e-01 3.780607247796278214e-01 3.917098445595855183e-01 3.910256410256410242e-01 3.080684596577016876e-01 3.917098445595855183e-01 2.474226804123711432e-01 4.192634560906515762e-01 3.832402234636871352e-01 3.400758533501896386e-01 3.846153846153846367e-01 2.647849462365591267e-01 3.521505376344086224e-01 3.181257706535141616e-01 3.791523482245131582e-01 3.590361445783132321e-01 3.118881118881118852e-01 2.196261682242990620e-01 3.738693467336683396e-01 4.455958549222797660e-01 3.534090909090908950e-01 3.400286944045911031e-01 3.762475049900199653e-01 2.764505119453924964e-01 3.090128755364807134e-01 3.759086188992731281e-01 3.220815752461322345e-01 3.811111111111111227e-01 4.000000000000000222e-01 3.820483314154200505e-01 3.300970873786407966e-01 3.487297921478060281e-01 3.488943488943488935e-01 3.778437190900099107e-01 3.568773234200743327e-01 2.616666666666666585e-01 3.078358208955223607e-01 3.646055437100212959e-01 3.515881708652793258e-01 3.467561521252796597e-01 3.257080610021786393e-01 2.966666666666666896e-01 2.768115942028985255e-01 3.473684210526316041e-01 3.054711246200607633e-01 3.456221198156682051e-01 3.619153674832962242e-01 3.033419023136246784e-01 3.708240534521158316e-01 3.780332056194125046e-01 3.829787234042553168e-01 3.496583143507972502e-01 2.538141470180305115e-01 2.808510638297872508e-01 3.691358024691357986e-01 2.656250000000000000e-01 3.303341902313624567e-01 4.601063829787234161e-01 9.375000000000000000e-02 3.618925831202046139e-01 3.815461346633416406e-01 3.664278403275332829e-01 3.691709844559585285e-01 3.387978142076502608e-01 3.668224299065420690e-01 3.297442799461641760e-01 3.350000000000000200e-01 3.481012658227848333e-01 3.727876106194690231e-01 3.684749232343910164e-01 3.608597285067873250e-01 3.719958202716823203e-01 3.636363636363636465e-01 3.400713436385255917e-01 3.362445414847161640e-01 3.501259445843828977e-01 0.000000000000000000e+00 3.789907312049433652e-01 3.070652173913043237e-01 3.639010189228529812e-01 3.665297741273100818e-01 3.914680050188205640e-01
3.887755102040816313e-01 3.456861609727851503e-01 1.875000000000000000e-01 4.347079037800687384e-01 6.262241566920565550e-01 4.706214689265536544e-01 3.670588235294117707e-01 4.271047227926078049e-01 3.781268179173938315e-01 6.914836636314943830e-01 5.291235710397387271e-01 3.401319736052789700e-01 3.220164609053497995e-01 4.094307073030477029e-01 3.740275284260921596e-01 4.772978959025470647e-01 4.883977900552486373e-01 4.591549295774647876e-01 7.256857855361595888e-01 3.864959254947613609e-01 5.908590308370044175e-01 4.124004550625711141e-01 5.097031963470319837e-01 5.128351397604107298e-01 5.226757369614511983e-01 4.933407325194228421e-01 5.931744312026002719e-01 4.974721941354903754e-01 3.557358053302433487e-01 6.262241566920565550e-01 4.472645234066554010e-01 5.361702127659574435e-01 6.202988150437918069e-01 5.025210084033613356e-01 3.301606186793575315e-01 7.248756218905472171e-01 6.207084468664849641e-01 5.415318230852211867e-01 3.748544819557625418e-01 6.207084468664849641e-01 3.220858895705521197e-01 3.549019607843137414e-01 5.362811791383219617e-01 3.548574752763234419e-01 5.469945355191256908e-01 3.215590742996345952e-01 3.588235294117647078e-01 3.793706293706293753e-01 4.745383324006715031e-01 4.784313725490196290e-01 2.879424115176964505e-01 3.846153846153846367e-01 6.186485070717653301e-01 4.628197501487210097e-01 4.406023424428332502e-01 2.960048426150120870e-01 6.358921161825725754e-01 3.542739443872296445e-01 3.203125000000000000e-01 6.169749727965179176e-01 3.124620060790273546e-01 4.930362116991643395e-01 4.062500000000000000e-01 5.051252847380409694e-01 3.831884057971014501e-01 4.513574660633484226e-01 4.461839530332680770e-01 6.627127385250128899e-01 3.856812933025404178e-01 3.551688843398157491e-01 3.072164948453608435e-01 5.183189655172413257e-01 5.002801120448179262e-01 4.646239554317548870e-01 4.688888888888889106e-01 3.696537678207739153e-01 4.670719351570415401e-01 3.764145324597975018e-01 4.595701125895598760e-01 5.062630480167014113e-01 4.847645429362880676e-01 3.604303646144650375e-01 5.070185289163391396e-01 4.284852142426071042e-01 5.196078431372549433e-01 4.354838709677419373e-01 3.057442865966645829e-01 3.046875000000000000e-01 4.095127610208816882e-01 2.656250000000000000e-01 3.556731334509112274e-01 4.490196078431372695e-01 9.375000000000000000e-02 4.081145584725536790e-01 4.588235294117646856e-01 5.797788309636651150e-01 3.774250440917107374e-01 3.520249221183800459e-01 4.744399770246984227e-01 3.195510927347903207e-01 3.570190641247833474e-01 3.692848769050410263e-01 5.016519823788546661e-01 5.872430152872957221e-01 4.628190899001110026e-01 5.710441334768567856e-01 3.375757575757575846e-01 4.203894616265750339e-01 3.242187500000000000e-01 4.207436399217220901e-01 3.789907312049433652e-01 0.000000000000000000e+00 3.156862745098039102e-01 4.160679294578706888e-01 5.953016550987719757e-01 4.103608847497089429e-01
2.949061662198391165e-01 3.135964912280701511e-01 1.774193548387096864e-01 2.999999999999999889e-01 3.137254901960784270e-01 3.198380566801619640e-01 3.111587982832618171e-01 3.007518796992481036e-01 3.156779661016949068e-01 3.144531250000000000e-01 3.108910891089108897e-01 3.200883002207505768e-01 2.927536231884058093e-01 3.150105708245243274e-01 3.108695652173912860e-01 3.073852295409181812e-01 3.160000000000000031e-01 3.140000000000000013e-01 3.144531250000000000e-01 2.987551867219916946e-01 3.143418467583496967e-01 3.116089613034623285e-01 3.019999999999999907e-01 3.019999999999999907e-01 3.035714285714285476e-01 3.166332665330661156e-01 3.169291338582677087e-01 3.002364066193853320e-01 2.982832618025750837e-01 3.137254901960784270e-01 3.026052104208417082e-01 3.175542406311637200e-01 3.150684931506849140e-01 3.205645161290322509e-01 3.185840707964601726e-01 3.144531250000000000e-01 3.137254901960784270e-01 3.117647058823529438e-01 3.068893528183715969e-01 3.137254901960784270e-01 2.803468208092485536e-01 3.153846153846153744e-01 3.121272365805168869e-01 3.147751605995717239e-01 3.162055335968379510e-01 3.025404157043879994e-01 2.329749103942652388e-01 2.947368421052631304e-01 3.098591549295774406e-01 2.423312883435582710e-01 2.785388127853881124e-01 2.694300518134715161e-01 3.150684931506849140e-01 3.117154811715481255e-01 3.156822810590631523e-01 3.349056603773584717e-01 3.150684931506849140e-01 3.429394812680115479e-01 2.674418604651162545e-01 3.143418467583496967e-01 3.301662707838479704e-01 3.232931726907630754e-01 4.950495049504950451e-01 3.191919191919191934e-01 3.096234309623430714e-01 3.162217659137577241e-01 2.460063897763578311e-01 3.144531250000000000e-01 3.008474576271186196e-01 3.002754820936638924e-01 3.627760252365930804e-01 3.142292490118577253e-01 3.191919191919191934e-01 3.137651821862348367e-01 3.081510934393638101e-01 3.221288515406162678e-01 2.992700729927007530e-01 3.066954643628509447e-01 3.307888040712468336e-01 3.291457286432160623e-01 3.113772455089820479e-01 2.963752665245202311e-01 3.069306930693069257e-01 3.241525423728813804e-01 2.456140350877192846e-01 3.182751540041067750e-01 2.836879432624113684e-01 2.738095238095238360e-01 3.207547169811320598e-01 2.580645161290322509e-01 3.108695652173912860e-01 2.540192926045016231e-01 9.836065573770491621e-02 3.234042553191489588e-01 2.267080745341615022e-01 3.131115459882582996e-01 3.170212765957446943e-01 3.074712643678160773e-01 3.244353182751539832e-01 3.054298642533936903e-01 3.057324840764331086e-01 3.141025641025640969e-01 3.134920634920634885e-01 3.123772102161100350e-01 3.112449799196786993e-01 3.117647058823529438e-01 3.157894736842105088e-01 3.084886128364389135e-01 3.602484472049689579e-01 2.401315789473684181e-01 3.070652173913043237e-01 3.156862745098039102e-01 0.000000000000000000e+00 3.411764705882353033e-01 3.143418467583496967e-01 3.132780082987551840e-01
3.300970873786407966e-01 2.228571428571428648e-01 1.875000000000000000e-01 2.391143911439114478e-01 3.343615052436767487e-01 2.848879248011568777e-01 2.410936205468102722e-01 3.856942496493688810e-01 2.383627608346709503e-01 3.503184713375795956e-01 2.843264248704663322e-01 2.482269503546099265e-01 2.741702741702741752e-01 2.745098039215686514e-01 2.301255230125522910e-01 2.625085675119945283e-01 2.707482993197278809e-01 2.699784017278617498e-01 3.329959514170040547e-01 2.271293375394321801e-01 3.422251138581652308e-01 2.496229260935143301e-01 2.773876404494381998e-01 2.778166550034989468e-01 2.792297111416781052e-01 2.942401110340041592e-01 3.031423290203327237e-01 3.797953964194373255e-01 2.533112582781457123e-01 3.343615052436767487e-01 2.636165577342047817e-01 2.665847665847665970e-01 2.977056519306099380e-01 3.163120567375886649e-01 2.165660051768766303e-01 3.311491935483871218e-01 3.366521468574984466e-01 3.042362002567394197e-01 2.417138237671786483e-01 3.366521468574984466e-01 2.801724137931034253e-01 3.849765258215962493e-01 3.602888086642599408e-01 2.577405857740585615e-01 3.070404172099087114e-01 2.119026149684400395e-01 3.703703703703703498e-01 2.191455696202531667e-01 2.784452296819788231e-01 4.511111111111111294e-01 2.074954296160877454e-01 2.986301369863013644e-01 3.162790697674418561e-01 2.888713496448302998e-01 2.731884057971014634e-01 2.347417840375586873e-01 3.227272727272727515e-01 3.446244477172312193e-01 3.266129032258064391e-01 3.387398627573299792e-01 2.528195488721804440e-01 3.047149894440535078e-01 4.062500000000000000e-01 3.025089605734767040e-01 2.450119712689545204e-01 2.737920937042459535e-01 3.809523809523809312e-01 3.255942509673853125e-01 2.287275565964090596e-01 2.895104895104895215e-01 3.302611367127495923e-01 3.036649214659685736e-01 2.781228433402346267e-01 2.679324894514767963e-01 2.409556313993174159e-01 3.471428571428571419e-01 3.709043250327653807e-01 2.703165098374679109e-01 3.689839572192513129e-01 6.419558359621451160e-01 2.733516483516483242e-01 2.288135593220338992e-01 2.822636300897170547e-01 3.284482758620689835e-01 4.845814977973568194e-01 2.491103202846975118e-01 2.037383177570093462e-01 3.104838709677419373e-01 2.600157109190887605e-01 2.656250000000000000e-01 2.426532325776658283e-01 3.991228070175438791e-01 9.375000000000000000e-02 3.055319148936170293e-01 4.131868131868131622e-01 3.017964071856287234e-01 2.557947019867549687e-01 3.513513513513513709e-01 3.149546827794562076e-01 2.065124250214224466e-01 2.545304777594727952e-01 2.417763157894736725e-01 2.809973045822102278e-01 3.044776119402984871e-01 2.595685455810716746e-01 2.975821450712957117e-01 2.681359044995408891e-01 2.464204973624717354e-01 3.306451612903225645e-01 3.766519823788546106e-01 3.639010189228529812e-01 4.160679294578706888e-01 3.411764705882353033e-01 0.000000000000000000e+00 3.000601322910402824e-01 2.584712371946414344e-01
3.848515864892528282e-01 3.603286384976525647e-01 1.875000000000000000e-01 4.403458213256484233e-01 5.791424033880360200e-01 4.722222222222222099e-01 3.508158508158508160e-01 4.262125902992776050e-01 4.183673469387755306e-01 6.365524402907580814e-01 5.258573761567773008e-01 3.413606261288380517e-01 3.205791106514994659e-01 4.198606271777003407e-01 3.639070875521143722e-01 5.211428571428571299e-01 5.126617895329206309e-01 4.533183352080989992e-01 7.115956392467790437e-01 3.943661971830985657e-01 5.500000000000000444e-01 4.493856056173200497e-01 4.784313725490196290e-01 4.815229563269876611e-01 4.913745130773511383e-01 5.160926030491247429e-01 5.788058095750403531e-01 5.045965270684371617e-01 3.761792452830188815e-01 5.791424033880360200e-01 4.687320711417096719e-01 5.629067245119305785e-01 6.298026998961578915e-01 5.000000000000000000e-01 3.353293413173652482e-01 7.159147248388696427e-01 5.745358090185676003e-01 5.687568756875687193e-01 3.858823529411764541e-01 5.745358090185676003e-01 3.261093911248710286e-01 3.536345776031434296e-01 5.047301057317752360e-01 3.490127758420441539e-01 5.319956616052060605e-01 3.163017031630170339e-01 3.602362204724409711e-01 3.694895591647331945e-01 4.613674263479711213e-01 4.774066797642436133e-01 2.874323511725796476e-01 3.764102564102563830e-01 6.205990541250656634e-01 3.969248291571754184e-01 4.675398633257403236e-01 3.066095471236230385e-01 6.378772112382934401e-01 3.474226804123711210e-01 3.203125000000000000e-01 5.776595744680851352e-01 3.009063444108761587e-01 4.798007747648035393e-01 4.062500000000000000e-01 5.207612456747404694e-01 3.773148148148148251e-01 4.537194775695627680e-01 4.479371316306483553e-01 6.502564102564102333e-01 3.862188766647365323e-01 3.553038105046343875e-01 3.125000000000000000e-01 5.382932166301969135e-01 4.894091415830546521e-01 5.100748416810593211e-01 4.811903425042111104e-01 3.726899383983572900e-01 4.754098360655737432e-01 3.703923900118906154e-01 4.513817809621289423e-01 4.702868852459016202e-01 4.839067702552719008e-01 3.519952352590827727e-01 4.811946902654867242e-01 3.774795799299883181e-01 5.127201565557729657e-01 4.548022598870056221e-01 3.004318322023442067e-01 3.046875000000000000e-01 4.068485200232153098e-01 2.656250000000000000e-01 3.755980861244019309e-01 4.479371316306483553e-01 9.375000000000000000e-02 3.717948717948718063e-01 4.577603143418467746e-01 6.036422067487948739e-01 3.836589698046181107e-01 3.312757201646090444e-01 4.600912200684150744e-01 3.199052132701421525e-01 3.645894001164822207e-01 3.562281722933643979e-01 5.184151785714286031e-01 5.907887771307570590e-01 4.960182025028441188e-01 5.780065005417117652e-01 3.187537447573397520e-01 4.169530355097365582e-01 3.242187500000000000e-01 4.196078431372549100e-01 3.665297741273100818e-01 5.953016550987719757e-01 3.143418467583496967e-01 3.000601322910402824e-01 0.000000000000000000e+00 4.076878276062900208e-01
3.166472642607683352e-01 2.908689248895434676e-01 1.875000000000000000e-01 3.374827109266943514e-01 4.198473282442747867e-01 3.582887700534759245e-01 3.190368698269375747e-01 4.111922141119221386e-01 3.240058910162003092e-01 4.175342465753424381e-01 4.110970996216897766e-01 2.911490683229813747e-01 2.619617224880382844e-01 3.762811127379209197e-01 2.683823529411764608e-01 3.696930111038536637e-01 3.643958868894601744e-01 3.559435862995298794e-01 4.466700050075112505e-01 2.982078853046595257e-01 4.057004244996967879e-01 3.474277660324172068e-01 3.493819128171763433e-01 3.512987012987012769e-01 3.566388710711994592e-01 3.572343149807938323e-01 4.023668639053254448e-01 4.087837837837837718e-01 2.791033984092552434e-01 4.198473282442747867e-01 3.516260162601625994e-01 3.742586002372479403e-01 4.080962800875273522e-01 3.558124598587026344e-01 2.642369020501139087e-01 4.494494494494494230e-01 4.168632075471698228e-01 4.126003705991352910e-01 2.811158798283261984e-01 4.168632075471698228e-01 2.931873479318734543e-01 3.436213991769547227e-01 3.746786632390745608e-01 3.440366972477064134e-01 4.063472308649657694e-01 2.318952234206471397e-01 3.645833333333333148e-01 2.828571428571428625e-01 3.778371161548731427e-01 4.523326572008113389e-01 2.380204241948153943e-01 3.160987074030552346e-01 4.215575620767494369e-01 3.495353824160114531e-01 3.485254691689008144e-01 2.943116240725474064e-01 4.381959910913140188e-01 3.411619283065512875e-01 3.215686274509804154e-01 4.165191740412979571e-01 2.623211446740858488e-01 3.847669074195666505e-01 4.062500000000000000e-01 3.542483660130719136e-01 2.908961593172119664e-01 3.434343434343434254e-01 4.276985743380855576e-01 4.410646387832699578e-01 3.518107908351810753e-01 3.439803439803439944e-01 3.023839397741530655e-01 3.930564166150031236e-01 3.780248528449967060e-01 3.611111111111111049e-01 3.322622107969151473e-01 3.273809523809523836e-01 3.856655290102389277e-01 3.112283345892991604e-01 3.842592592592592449e-01 4.203747072599531842e-01 3.624031007751937761e-01 2.714392244593586967e-01 3.774445893089961035e-01 3.473368342085521587e-01 4.979674796747967647e-01 3.435828877005347448e-01 2.275258552108194166e-01 3.007812500000000000e-01 3.403028118240807309e-01 2.656250000000000000e-01 3.274674827850038161e-01 4.543568464730290413e-01 9.375000000000000000e-02 3.144746509919176813e-01 4.320486815415821580e-01 4.271445358401880221e-01 3.164933135215453053e-01 3.518284993694829610e-01 3.578231292517006779e-01 3.063629222309505185e-01 3.740340030911901148e-01 3.211077844311377438e-01 3.654211526282457045e-01 4.006888633754305262e-01 3.585526315789473450e-01 3.844339622641509413e-01 2.851531814611154569e-01 3.165517241379310343e-01 3.254901960784313819e-01 4.127310061601642821e-01 3.914680050188205640e-01 4.103608847497089429e-01 3.132780082987551840e-01 2.584712371946414344e-01 4.076878276062900208e-01 0.000000000000000000e+00
